brand,menu,category,calories,protein,fat,carbs,sodium,allergens,source_url,source_date,verified,allergen_known,allergy_source_url,image_url,description,price,price_note,media_source_url,media_checked_at
맥도날드,에그 맥머핀,단품,306.0,19.0,5.0,3.0,712.0,계란|우유|대두|밀|돼지고기,https://www.mcdonalds.co.kr/kor/menu/information/nutrition,2026.08.11,True,True,,https://www.mcdonalds.co.kr/uploadFolder/product/prov_201901290308474630.png,"캐나디안 스타일 베이컨과 계란의 클래식한 만남, 맥도날드의 아침을 탄생하게 한 바로 그 메뉴.",,매장별 확인,https://www.mcdonalds.co.kr/kor/menu/burger,2026-08-11
맥도날드,베이컨 에그 맥머핀,단품,327.0,19.0,6.0,3.0,687.0,계란|우유|대두|밀|돼지고기,https://www.mcdonalds.co.kr/kor/menu/information/nutrition,2026.08.11,True,True,,https://www.mcdonalds.co.kr/uploadFolder/product/prov_201901290309065310.png,"부드러운 계란, 바삭바삭한 베이컨과 고소한 치즈가 갓 구워진 따뜻한 맥머핀",,매장별 확인,https://www.mcdonalds.co.kr/kor/menu/burger,2026-08-11
맥도날드,베이컨 토마토 에그 머핀,단품,341.0,17.0,3.6,5.0,666.0,계란|대두|밀|돼지고기|토마토,https://www.mcdonalds.co.kr/kor/menu/information/nutrition,2026.08.11,True,True,,https://www.mcdonalds.co.kr/upload/product/pcfile/1742427076140.png,100% 아라비카로 내린 드립 커피와 갓 구워내 따뜻하고 신선한 베이컨 토마토 에그 머핀 세트,,매장별 확인,https://www.mcdonalds.co.kr/kor/menu/burger,2026-08-11
맥도날드,소시지 에그 맥머핀,단품,432.0,23.0,9.0,3.0,835.0,계란|우유|대두|밀|돼지고기,https://www.mcdonalds.co.kr/kor/menu/information/nutrition,2026.08.11,True,True,,https://www.mcdonalds.co.kr/uploadFolder/product/prov_201903190244458360.png,"잉글리쉬 머핀 위에 먹음직스럽게 올려진 치즈와 계란, 그리고 촉촉한 소시지 패티의 맛있는 조화!",,매장별 확인,https://www.mcdonalds.co.kr/kor/menu/burger,2026-08-11
맥도날드,디럭스 브렉퍼스트,단품,768.0,29.0,9.0,11.0,1365.0,계란|우유|대두|밀|돼지고기,https://www.mcdonalds.co.kr/kor/menu/information/nutrition,2026.08.11,True,True,,https://www.mcdonalds.co.kr/upload/product/pcfile/1677678243866.png,100% 아라비카로 내린 드립 커피와 함께 즐기는 디럭스 브런치 세트!,,매장별 확인,https://www.mcdonalds.co.kr/kor/menu/burger,2026-08-11
맥도날드,핫케익 2조각,단품,223.0,6.0,1.1,8.0,342.0,계란|우유|대두|밀,https://www.mcdonalds.co.kr/kor/menu/information/nutrition,2026.08.11,True,True,,https://www.mcdonalds.co.kr/uploadFolder/product/prov_201902111059484930.png,부드럽게 구워낸 핫케이크에 향긋한 버터와 달콤한 시럽을 살며시 부어 오늘 하루도 기분 좋게 시작하세요.,,매장별 확인,https://www.mcdonalds.co.kr/kor/menu/burger,2026-08-11
맥도날드,핫케익 3조각,단품,335.0,9.0,1.7,12.0,513.0,계란|우유|대두|밀,https://www.mcdonalds.co.kr/kor/menu/information/nutrition,2026.08.11,True,True,,https://www.mcdonalds.co.kr/upload/product/pcfile/1677678180571.png,100% 아라비카로 내린 드립 커피와 함께 즐기는 핫케익 3조각 세트!,,매장별 확인,https://www.mcdonalds.co.kr/kor/menu/burger,2026-08-11
맥도날드,치킨 치즈 머핀,단품,498.0,23.0,6.0,3.0,1277.0,계란|우유|대두|밀|닭고기,https://www.mcdonalds.co.kr/kor/menu/information/nutrition,2026.08.11,True,True,,https://www.mcdonalds.co.kr/upload/product/pcfile/1742427704912.png,100% 아라비카로 내린 드립 커피와 바삭한 치킨 패티와 고소한 치즈로 아침에도 든든하게!,,매장별 확인,https://www.mcdonalds.co.kr/kor/menu/burger,2026-08-11
맥도날드,그릴드 치킨 모닝 버거,단품,358.0,19.0,4.4,9.0,913.0,계란|우유|대두|밀|쇠고기|닭고기|토마토,https://www.mcdonalds.co.kr/kor/menu/information/nutrition,2026.08.11,True,True,,https://www.mcdonalds.co.kr/upload/2026/06/Corp_PC_VIEW_772x530_그릴드치킨모닝버거_EVB_1.png,100% 국내산 닭가슴살을 구워 담백한 그릴드 치킨 패티에 홀그레인 타르타르 소스를 더하고 부드러운 소프트 번으로 완성한 건강한 맥모닝!,,매장별 확인,https://www.mcdonalds.co.kr/kor/menu/burger,2026-08-11
맥도날드,더블 그릴드 치킨 모닝 버거,단품,414.0,30.0,4.6,9.0,1262.0,계란|우유|대두|밀|쇠고기|닭고기|토마토,https://www.mcdonalds.co.kr/kor/menu/information/nutrition,2026.08.11,True,True,,https://www.mcdonalds.co.kr/upload/2026/06/Corp_PC_VIEW_772x530_더블그릴드치킨모닝버거_EVB_1.png,100% 국내산 닭가슴살을 구워 담백한 그릴드 치킨 패티 2장에 홀그레인 타르타르 소스를 더하고 부드러운 소프트 번으로 완성한 건강한 맥모닝!,,매장별 확인,https://www.mcdonalds.co.kr/kor/menu/burger,2026-08-11
맥도날드,진주 고추 크림치즈 머핀,단품,523.0,23.0,7.0,5.0,1394.0,계란|우유|대두|밀|닭고기|토마토,https://www.mcdonalds.co.kr/kor/menu/information/nutrition,2026.08.11,True,True,,https://www.mcdonalds.co.kr/upload/2026/07/Corp_PC_VIEW_772x530_고추크림치즈머핀_EVB.png,빠삭한 맥치킨 패티에 진주 고추 크림치즈를 더해 완성한 매콤 든든한 아침!,,매장별 확인,https://www.mcdonalds.co.kr/kor/menu/burger,2026-08-11
맥도날드,해쉬 브라운,스낵 & 사이드,162.0,2.0,0.8,0.0,345.0,대두,https://www.mcdonalds.co.kr/kor/menu/information/nutrition,2026.08.11,True,True,,https://www.mcdonalds.co.kr/upload/product/pcfile/1742426888535.png,"씹으면 바삭바삭, 속은 부드러운 감자의 고소함.",,매장별 확인,https://www.mcdonalds.co.kr/kor/menu/burger,2026-08-11
맥도날드,빅맥®,버거,582.0,27.0,11.0,8.0,902.0,계란|우유|대두|밀|쇠고기,https://www.mcdonalds.co.kr/kor/menu/information/nutrition,2026.08.11,True,True,,https://www.mcdonalds.co.kr/upload/2025/08/빅맥®_세트.png,"100% 순 쇠고기 패티 두 장에 빅맥 ® 만의 특별한 소스. 입안에서 살살 녹는 치즈와 신선한 양상추, 양파, 그리고 피클까지. 50년 넘게 전 세계인의 입맛을 사로 잡은 버거의 대명사.",,매장별 확인,https://www.mcdonalds.co.kr/kor/menu/burger,2026-08-11
맥도날드,맥스파이시® 상하이버거,버거,528.0,22.0,3.2,9.0,952.0,계란|대두|밀|닭고기|토마토,https://www.mcdonalds.co.kr/kor/menu/information/nutrition,2026.08.11,True,True,,https://www.mcdonalds.co.kr/upload/product/pcfile/1723562660091.png,쌀가루가 더해져 더 바삭해진 100% 닭가슴살 패티에 아삭아삭한 양상추와 신선한 토마토까지! 더 바삭하고 맛있어진 NEW 맥스파이시 상하이 버거로 입맛도 기분도 화끈하게!,,매장별 확인,https://www.mcdonalds.co.kr/kor/menu/burger,2026-08-11
맥도날드,1955® 버거,버거,572.0,29.0,10.0,15.0,930.0,계란|우유|대두|밀|돼지고기|쇠고기|토마토,https://www.mcdonalds.co.kr/kor/menu/information/nutrition,2026.08.11,True,True,,https://www.mcdonalds.co.kr/upload/product/pcfile/1723564262197.png,"113g 두툼한 순 쇠고기 패티, 특별한 1955 소스에 깊은 풍미의 그릴드 어니언까지! 맥도날드가 처음 생긴 1955년의 맛을 담은 영원한 오리지널 1955 버거",,매장별 확인,https://www.mcdonalds.co.kr/kor/menu/burger,2026-08-11
맥도날드,맥치킨® 모짜렐라,버거,735.0,29.0,7.0,18.0,1807.0,계란|우유|대두|밀|닭고기|토마토,https://www.mcdonalds.co.kr/kor/menu/information/nutrition,2026.08.11,True,True,,https://www.mcdonalds.co.kr/upload/product/pcfile/1723563301214.png,든든한 맥치킨에 골든 모짜렐라 치즈 스틱 2개와매콤한 아라비아따 소스를 더해강렬하게 재탄생한 맥치킨 모짜렐라!,,매장별 확인,https://www.mcdonalds.co.kr/kor/menu/burger,2026-08-11
맥도날드,맥치킨®,버거,515.0,19.0,3.6,7.0,1148.0,계란|대두|밀|닭고기,https://www.mcdonalds.co.kr/kor/menu/information/nutrition,2026.08.11,True,True,,https://www.mcdonalds.co.kr/upload/product/pcfile/1723563415066.png,"바삭한 치킨 패티, 고소한 화이트 마요 소스와아삭한 양상추가 함께!더 업그레이드된 맛으로 돌아온 맥치킨",,매장별 확인,https://www.mcdonalds.co.kr/kor/menu/burger,2026-08-11
맥도날드,더블 불고기버거,버거,635.0,26.0,13.0,15.0,997.0,계란|우유|대두|밀|돼지고기,https://www.mcdonalds.co.kr/kor/menu/information/nutrition,2026.08.11,True,True,,https://www.mcdonalds.co.kr/upload/product/pcfile/1723563975095.png,"진한 불고기 소스의 패티가 두 장! 여기에 고소한 치즈와 마요네즈, 신선한 양상추를 곁들인 깊고 풍부한 맛.",,매장별 확인,https://www.mcdonalds.co.kr/kor/menu/burger,2026-08-11
맥도날드,불고기버거,버거,408.0,14.0,6.0,14.0,670.0,계란|대두|밀|돼지고기,https://www.mcdonalds.co.kr/kor/menu/information/nutrition,2026.08.11,True,True,,https://www.mcdonalds.co.kr/upload/2026/07/불고기.png,"한국인의 입맛에 딱 맞는 불고기 소스에 잘 재운 패티와 고소한 마요네즈, 신선한 양상추의 맛있는 조합.",,매장별 확인,https://www.mcdonalds.co.kr/kor/menu/burger,2026-08-11
맥도날드,슈슈버거,버거,431.0,13.0,1.9,13.0,758.0,계란|우유|대두|밀|새우|쇠고기|토마토,https://www.mcdonalds.co.kr/kor/menu/information/nutrition,2026.08.11,True,True,,https://www.mcdonalds.co.kr/upload/product/pcfile/1723563590522.png,탱~글한 통새우살 가득~ 슈슈 버거,,매장별 확인,https://www.mcdonalds.co.kr/kor/menu/burger,2026-08-11
맥도날드,슈비버거,버거,573.0,22.0,6.0,15.0,951.0,계란|우유|대두|밀|새우|쇠고기|토마토,https://www.mcdonalds.co.kr/kor/menu/information/nutrition,2026.08.11,True,True,,https://www.mcdonalds.co.kr/upload/product/pcfile/1723564188909.png,탱~글한 통새우살에 비프 패티를 더해 푸짐하게~ 슈비 버거,,매장별 확인,https://www.mcdonalds.co.kr/kor/menu/burger,2026-08-11
맥도날드,더블 쿼터파운더® 치즈,버거,770.0,50.0,20.0,10.0,1151.0,우유|대두|밀|쇠고기|토마토,https://www.mcdonalds.co.kr/kor/menu/information/nutrition,2026.08.11,True,True,,https://www.mcdonalds.co.kr/upload/product/pcfile/1723563759418.png,"좋아하는건 더 많이 즐기시라고, 두 배 이상 커진 1/4 파운드 비프 패티가 두 장 (226그램)! 육즙이 풍부한 고기 맛을 그대로 살린 100% 순 쇠고기 패티 두 장과 치즈 두 장이 입안 가득 완벽하게 조화되는 놀라운 맛",,매장별 확인,https://www.mcdonalds.co.kr/kor/menu/burger,2026-08-11
맥도날드,베이컨 토마토 디럭스,버거,570.0,29.0,11.0,14.0,933.0,계란|우유|대두|밀|돼지고기|쇠고기|토마토,https://www.mcdonalds.co.kr/kor/menu/information/nutrition,2026.08.11,True,True,,https://www.mcdonalds.co.kr/upload/product/pcfile/1723563896442.png,"두 장의 100% 순 쇠고기 패티에 그릴에 구워 더욱 고소한 1장의 베이컨을 얹고, 신선한 토마토와 양상추, 매콤달콤한 스위트 칠리 소스, 치즈, 마요네즈를 더해 더욱 풍부하고 신선한 맛의 프리미엄 버거",,매장별 확인,https://www.mcdonalds.co.kr/kor/menu/burger,2026-08-11
맥도날드,쿼터파운더®치즈,버거,536.0,31.0,13.0,10.0,966.0,우유|대두|밀|쇠고기|토마토,https://www.mcdonalds.co.kr/kor/menu/information/nutrition,2026.08.11,True,True,,https://www.mcdonalds.co.kr/upload/product/pcfile/1723563812629.png,쿼터파운더라는 이름에서 알 수 있듯이 두 배 이상 커진 1/4파운드(113그램) 비프와 부드러운 치즈 두 장의 환상궁합! 두툼한 순 쇠고기 패티와 신선한 치즈의 풍부한 맛으로 세계적으로 사랑받고 있는 맥도날드의 대표적인 프리미엄 버거,,매장별 확인,https://www.mcdonalds.co.kr/kor/menu/burger,2026-08-11
맥도날드,치즈버거,버거,318.0,16.0,6.0,7.0,612.0,우유|대두|밀|쇠고기|토마토,https://www.mcdonalds.co.kr/kor/menu/information/nutrition,2026.08.11,True,True,,https://www.mcdonalds.co.kr/upload/2026/07/치즈버거.png,"고소하고 부드러운 치즈와 100% 순 쇠고기 패티, 맥도날드만의 심플한 클래식 치즈버거.",,매장별 확인,https://www.mcdonalds.co.kr/kor/menu/burger,2026-08-11
맥도날드,더블 치즈버거,버거,479.0,27.0,12.0,8.0,896.0,우유|대두|밀|쇠고기|토마토,https://www.mcdonalds.co.kr/kor/menu/information/nutrition,2026.08.11,True,True,,https://www.mcdonalds.co.kr/upload/product/pcfile/1723563512104.png,고소하고 부드러운 치즈와 100% 순 쇠고기 패티가 두개 맥도날드만의 더블 치즈버거!!,,매장별 확인,https://www.mcdonalds.co.kr/kor/menu/burger,2026-08-11
맥도날드,햄버거,버거,266.0,13.0,3.5,7.0,450.0,대두|밀|쇠고기|토마토,https://www.mcdonalds.co.kr/kor/menu/information/nutrition,2026.08.11,True,True,,https://www.mcdonalds.co.kr/upload/2025/08/햄버거.png,"100% 순 쇠고기 패티에 상큼한 피클과 양파, 기본에 충실한 맥도날드 햄버거.",,매장별 확인,https://www.mcdonalds.co.kr/kor/menu/burger,2026-08-11
맥도날드,트리플 치즈버거,버거,640.0,38.0,18.0,8.0,1152.0,우유|대두|밀|쇠고기|토마토,https://www.mcdonalds.co.kr/kor/menu/information/nutrition,2026.08.11,True,True,,https://www.mcdonalds.co.kr/upload/product/pcfile/1744956010637.png,부드러운 치즈와 풍부한 육즙의 패티를 세배 더 진하게 즐길 수 있는 트리플 치즈버거,,매장별 확인,https://www.mcdonalds.co.kr/kor/menu/burger,2026-08-11
맥도날드,토마토 치즈 비프 버거 ,버거,402.0,18.0,7.0,11.0,682.0,계란|우유|대두|밀|쇠고기|토마토,https://www.mcdonalds.co.kr/kor/menu/information/nutrition,2026.08.11,True,True,,https://www.mcdonalds.co.kr/upload/product/pcfile/1742426716721.png,신선한 토마토와 고소한 치즈버거의 조화,,매장별 확인,https://www.mcdonalds.co.kr/kor/menu/burger,2026-08-11
맥도날드,더블 맥스파이시® 상하이 버거,버거,867.0,38.0,6.0,10.0,1640.0,계란|대두|밀|닭고기|토마토,https://www.mcdonalds.co.kr/kor/menu/information/nutrition,2026.08.11,True,True,,https://www.mcdonalds.co.kr/upload/2026/02/Corp_PC_VIEW_772x530_더블상하이_EVM.png,쌀가루로 더 바삭해진 매콤한 닭가슴살 패티를 하나 더! 두 장으로 꽉 채운 매콤 바삭한 맛,,매장별 확인,https://www.mcdonalds.co.kr/kor/menu/burger,2026-08-11
맥도날드,맥크리스피™ 치킨 디럭스,버거,578.0,23.0,4.7,13.0,1297.0,계란|우유|대두|밀|쇠고기|닭고기|토마토,https://www.mcdonalds.co.kr/kor/menu/information/nutrition,2026.08.11,True,True,,https://www.mcdonalds.co.kr/upload/2026/02/Corp_PC_VIEW_맥크리피_치킨_디럭스_772x530_new.png,"100% 통닭다리살 겉바속촉 케이준 치킨 패티, 촉촉한 포테이토 브리오쉬 번, 스페셜 스모키 소스가 선사하는 놀랍도록 새로운 맛의 치킨 버거!",,매장별 확인,https://www.mcdonalds.co.kr/kor/menu/burger,2026-08-11
맥도날드,맥크리스피™ 치킨 클래식,버거,567.0,23.0,4.7,11.0,1295.0,계란|우유|대두|밀|쇠고기|닭고기|토마토,https://www.mcdonalds.co.kr/kor/menu/information/nutrition,2026.08.11,True,True,,https://www.mcdonalds.co.kr/upload/2026/02/Corp_PC_VIEW_맥크리피_치킨_클래식_772x530_new.png,100% 통닭다리살 겉바속촉 케이준 치킨 패티! 치킨 버거 본연의 맛에 충실한 클래식 버거,,매장별 확인,https://www.mcdonalds.co.kr/kor/menu/burger,2026-08-11
맥도날드,진주 고추 크림치즈 비프 버거,버거,586.0,28.0,13.0,11.0,1077.0,계란|우유|대두|밀|돼지고기|쇠고기|토마토|아황산류,https://www.mcdonalds.co.kr/kor/menu/information/nutrition,2026.08.11,True,True,,https://www.mcdonalds.co.kr/upload/2026/07/Corp_PC_VIEW_772x530_고추크림치즈비프버거_EVM_맥런치.png,매콤 새콤한 진주 고추 피클이 부드럽고 고소한 크림치즈 소스에 쏙! 두 장의 비프 패티와 만나 한층 더 풍성하게!,,매장별 확인,https://www.mcdonalds.co.kr/kor/menu/burger,2026-08-11
맥도날드,진주 고추 크림치즈 치킨 버거,버거,590.0,24.0,7.0,11.0,1325.0,계란|우유|대두|밀|닭고기|토마토|아황산류,https://www.mcdonalds.co.kr/kor/menu/information/nutrition,2026.08.11,True,True,,https://www.mcdonalds.co.kr/upload/2026/07/Corp_PC_VIEW_772x530_고추크림치즈치킨버거_EVM_맥런치.png,진주 고추 크림치즈를 매콤 바삭한 상하이 패티에 더해 한층 더 매콤 바삭하게!,,매장별 확인,https://www.mcdonalds.co.kr/kor/menu/burger,2026-08-11
맥도날드,상하이 치킨 스낵랩,스낵 & 사이드,300.0,11.0,3.9,3.0,823.0,계란|대두|밀|돼지고기|닭고기,https://www.mcdonalds.co.kr/kor/menu/information/nutrition,2026.08.11,True,True,,https://www.mcdonalds.co.kr/uploadFolder/product/prov_201902080435011620.png,"매콤한 치킨에 달콤한 화이트 마요 소스로 매콤달콤하게! 베이컨에 양상추, 또띠아까지 어우러져 씹는 맛까지 즐겁다!",,매장별 확인,https://www.mcdonalds.co.kr/kor/menu/burger,2026-08-11
맥도날드,골든 모짜렐라 치즈스틱 2조각,스낵 & 사이드,165.0,8.0,4.2,1.0,288.0,우유|대두|밀,https://www.mcdonalds.co.kr/kor/menu/information/nutrition,2026.08.11,True,True,,https://www.mcdonalds.co.kr/uploadFolder/product/prov_201902080435496530.png,속이 꽉 찬 황금빛 바삭함! 자연 모짜렐라 치즈로 빈틈 없이 고소한 맥도날드 치즈스틱을 다양하게 즐겨보세요!,,매장별 확인,https://www.mcdonalds.co.kr/kor/menu/burger,2026-08-11
맥도날드,골든 모짜렐라 치즈스틱 4조각,스낵 & 사이드,330.0,16.0,8.4,2.0,577.0,우유|대두|밀,https://www.mcdonalds.co.kr/kor/menu/information/nutrition,2026.08.11,True,True,,https://www.mcdonalds.co.kr/upload/2025/08/골든_모짜렐라_치즈스틱_4조각.png,속이 꽉 찬 황금빛 바삭함! 자연 모짜렐라 치즈로 빈틈 없이 고소한 맥도날드 치즈스틱을 다양하게 즐겨보세요!,,매장별 확인,https://www.mcdonalds.co.kr/kor/menu/burger,2026-08-11
맥도날드,맥너겟® 4조각,스낵 & 사이드,163.0,10.0,1.1,0.0,369.0,계란|대두|밀|닭고기|토마토|아황산류,https://www.mcdonalds.co.kr/kor/menu/information/nutrition,2026.08.11,True,True,,https://www.mcdonalds.co.kr/upload/product/pcfile/1612402436174.png,바삭하고 촉촉한 치킨이 한 입에 쏙! 다양한 소스로 입맛에 맞게 즐겨보세요!,,매장별 확인,https://www.mcdonalds.co.kr/kor/menu/burger,2026-08-11
맥도날드,맥너겟® 6조각,스낵 & 사이드,244.0,15.0,1.6,0.0,553.0,계란|대두|밀|닭고기|토마토|아황산류,https://www.mcdonalds.co.kr/kor/menu/information/nutrition,2026.08.11,True,True,,https://www.mcdonalds.co.kr/upload/2025/08/맥너겟®6조각.png,바삭하고 촉촉한 치킨이 한 입에 쏙! 다양한 소스로 입맛에 맞게 즐겨보세요!,,매장별 확인,https://www.mcdonalds.co.kr/kor/menu/burger,2026-08-11
맥도날드,맥스파이시® 치킨텐더 2조각,스낵 & 사이드,190.0,14.0,1.2,0.0,763.0,계란|대두|밀|닭고기|토마토|아황산류,https://www.mcdonalds.co.kr/kor/menu/information/nutrition,2026.08.11,True,True,,,,,매장별 확인,,
맥도날드,후렌치 후라이 스몰,스낵 & 사이드,210.0,4.0,0.7,0.0,183.0,대두|토마토,https://www.mcdonalds.co.kr/kor/menu/information/nutrition,2026.08.11,True,True,,,,,매장별 확인,,
맥도날드,후렌치 후라이 미디엄,스낵 & 사이드,324.0,5.0,1.0,0.0,282.0,대두|토마토,https://www.mcdonalds.co.kr/kor/menu/information/nutrition,2026.08.11,True,True,,,,,매장별 확인,,
맥도날드,후렌치 후라이 라지,스낵 & 사이드,397.0,7.0,1.3,0.0,346.0,대두|토마토,https://www.mcdonalds.co.kr/kor/menu/information/nutrition,2026.08.11,True,True,,,,,매장별 확인,,
맥도날드,디핑 소스 스위트 앤 사워,스낵 & 사이드,40.0,0.0,0.0,8.0,138.0,대두|밀|아황산류,https://www.mcdonalds.co.kr/kor/menu/information/nutrition,2026.08.11,True,True,,,,,매장별 확인,,
맥도날드,디핑 소스 스위트 칠리,스낵 & 사이드,52.0,0.0,0.0,9.0,204.0,토마토,https://www.mcdonalds.co.kr/kor/menu/information/nutrition,2026.08.11,True,True,,,,,매장별 확인,,
맥도날드,디핑 소스 케이준,스낵 & 사이드,79.0,0.0,1.1,2.0,124.0,계란|대두,https://www.mcdonalds.co.kr/kor/menu/information/nutrition,2026.08.11,True,True,,,,,매장별 확인,,
맥도날드,코울슬로,스낵 & 사이드,179.0,1.0,1.0,18.0,307.0,계란|대두,https://www.mcdonalds.co.kr/kor/menu/information/nutrition,2026.08.11,True,True,,https://www.mcdonalds.co.kr/upload/product/pcfile/1680761626050.png,"양배추, 당근, 양파가 상큼하고 크리미한 마요 드레싱과 어우러져 아삭하게 씹히는 샐러드",,매장별 확인,https://www.mcdonalds.co.kr/kor/menu/burger,2026-08-11
맥도날드,맥윙 2조각,스낵 & 사이드,228.0,14.0,3.0,0.0,602.0,계란|대두|밀|닭고기|토마토|아황산류,https://www.mcdonalds.co.kr/kor/menu/information/nutrition,2026.08.11,True,True,,https://www.mcdonalds.co.kr/upload/2026/03/Corp_PC_view_772x530_맥윙-2pc.png,"짭조롬하게 시즈닝 된 바삭한 껍질과 쫄깃한 속살의 조화로운 맛, 맥윙",,매장별 확인,https://www.mcdonalds.co.kr/kor/menu/burger,2026-08-11
맥도날드,맥윙 4조각,스낵 & 사이드,455.0,28.0,6.0,1.0,1204.0,계란|대두|밀|닭고기|토마토|아황산류,https://www.mcdonalds.co.kr/kor/menu/information/nutrition,2026.08.11,True,True,,https://www.mcdonalds.co.kr/upload/2026/03/Corp_PC_view_772x530_맥윙-4pc.png,"짭조롬하게 시즈닝 된 바삭한 껍질과 쫄깃한 속살의 조화로운 맛, 맥윙",,매장별 확인,https://www.mcdonalds.co.kr/kor/menu/burger,2026-08-11
맥도날드,맥윙 8조각,스낵 & 사이드,910.0,56.0,12.0,1.0,2408.0,계란|대두|밀|닭고기|토마토|아황산류,https://www.mcdonalds.co.kr/kor/menu/information/nutrition,2026.08.11,True,True,,https://www.mcdonalds.co.kr/upload/2026/03/Corp_PC_view_772x530_맥윙-8pc.png,"짭조롬하게 시즈닝 된 바삭한 껍질과 쫄깃한 속살의 조화로운 맛, 맥윙",,매장별 확인,https://www.mcdonalds.co.kr/kor/menu/burger,2026-08-11
맥도날드,게살 크림 크로켓 스낵랩,스낵 & 사이드,285.0,7.0,3.8,6.0,640.0,계란|우유|대두|밀|땅콩|게,https://www.mcdonalds.co.kr/kor/menu/information/nutrition,2026.08.11,True,True,,https://www.mcdonalds.co.kr/upload/2026/05/Corp_PC_View_772x530_게살크림스낵랩.png,"겉은 바삭, 속은 크리미한 게살 크림 크로켓과 산뜻한 홀그레인 타르타르 소스의 조화! 입안 가득 만족감을 주는 새로운 스낵랩!",,매장별 확인,https://www.mcdonalds.co.kr/kor/menu/burger,2026-08-11
맥도날드,진주 고추 매콤 소스,스낵 & 사이드,72.0,0.0,1.2,2.46,215.0,계란|우유|대두,https://www.mcdonalds.co.kr/kor/menu/information/nutrition,2026.08.11,True,True,,,,,매장별 확인,,
맥도날드,오레오 맥플러리,디저트,334.0,6.0,6.0,36.0,179.0,우유|대두|밀,https://www.mcdonalds.co.kr/kor/menu/information/nutrition,2026.08.11,True,True,,https://www.mcdonalds.co.kr/upload/product/pcfile/1615378578396.png,우유 듬뿍 신선한 아이스크림에 아삭아삭 오레오 쿠키가 가득!,,매장별 확인,https://www.mcdonalds.co.kr/kor/menu/burger,2026-08-11
맥도날드,딸기 오레오 맥플러리,디저트,305.0,5.0,4.7,38.0,138.0,우유|대두|밀,https://www.mcdonalds.co.kr/kor/menu/information/nutrition,2026.08.11,True,True,,https://www.mcdonalds.co.kr/upload/product/pcfile/1615378509519.png,상큼한 딸기와 달콤한 오레오 쿠키가 신선한 우유 아이스크림에 퐁당!,,매장별 확인,https://www.mcdonalds.co.kr/kor/menu/burger,2026-08-11
맥도날드,초코 오레오 맥플러리,디저트,390.0,7.0,8.0,45.0,218.0,우유|대두|밀,https://www.mcdonalds.co.kr/kor/menu/information/nutrition,2026.08.11,True,True,,https://www.mcdonalds.co.kr/upload/product/pcfile/1615378451271.png,초콜릿 퍼지와 오레오 쿠키까지! 달달함이 두 배로!,,매장별 확인,https://www.mcdonalds.co.kr/kor/menu/burger,2026-08-11
맥도날드,베리 스트로베리 맥플러리,디저트,327.0,5.0,6.0,38.0,228.0,우유|대두|밀,https://www.mcdonalds.co.kr/kor/menu/information/nutrition,2026.08.11,True,True,,https://www.mcdonalds.co.kr/upload/product/pcfile/1617837982953.png,신선한 1등급 원유에 국내산 딸기 과즙이 들어간 스트로베리 아이스크림에 오레오가 블랜드 되어 있는 맥플러리,,매장별 확인,https://www.mcdonalds.co.kr/kor/menu/burger,2026-08-11
맥도날드,스트로베리콘,디저트,142.0,3.0,2.5,16.0,96.0,우유|밀,https://www.mcdonalds.co.kr/kor/menu/information/nutrition,2026.08.11,True,True,,https://www.mcdonalds.co.kr/upload/2026/02/Corp_PC_VIEW_772x530_스트로베리콘.png,신선한 1등급 원유와 딸기과즙으로 만든 아이스크림,,매장별 확인,https://www.mcdonalds.co.kr/kor/menu/burger,2026-08-11
맥도날드,아이스크림콘,디저트,146.0,3.0,2.5,15.0,67.0,우유|밀,https://www.mcdonalds.co.kr/kor/menu/information/nutrition,2026.08.11,True,True,,https://www.mcdonalds.co.kr/upload/2026/02/Corp_PC_VIEW_772x530_아이스크림콘.png,신선한 우유로 만든 부드러운 아이스크림 콘.,,매장별 확인,https://www.mcdonalds.co.kr/kor/menu/burger,2026-08-11
맥도날드,초코 선데이 아이스크림,디저트,323.0,6.0,8.0,39.0,170.0,우유|대두,https://www.mcdonalds.co.kr/kor/menu/information/nutrition,2026.08.11,True,True,,https://www.mcdonalds.co.kr/uploadFolder/product/prov_201901290248295110.png,신선한 우유로 만든 아이스크림에 달콤한 초콜렛 시럽이 입안 가득.,,매장별 확인,https://www.mcdonalds.co.kr/kor/menu/burger,2026-08-11
맥도날드,딸기 선데이 아이스크림,디저트,277.0,5.0,3.9,41.0,96.0,우유,https://www.mcdonalds.co.kr/kor/menu/information/nutrition,2026.08.11,True,True,,https://www.mcdonalds.co.kr/uploadFolder/product/prov_201901290248522410.png,신선한 우유와 딸기가 아이스크림으로 만났다!,,매장별 확인,https://www.mcdonalds.co.kr/kor/menu/burger,2026-08-11
맥도날드,바닐라 선데이 아이스크림,디저트,201.0,4.0,3.9,24.0,83.0,우유,https://www.mcdonalds.co.kr/kor/menu/information/nutrition,2026.08.11,True,True,,https://www.mcdonalds.co.kr/upload/product/pcfile/1657246845162.png,신선한 우유로 만든 부드럽고 달콤한 아이스크림,,매장별 확인,https://www.mcdonalds.co.kr/kor/menu/burger,2026-08-11
맥도날드,카라멜 팝콘 맥플러리,디저트,361.0,5.0,6.0,44.0,278.0,우유|대두,https://www.mcdonalds.co.kr/kor/menu/information/nutrition,2026.08.11,True,True,,https://www.mcdonalds.co.kr/upload/2026/04/Corp_PC_VIEW_772x530_카라멜핌콘맥플_크기수정_1.png,달콤바삭 카라멜 팝콘과 진한 카라멜 시럽이 우유 듬뿍 신선한 아이스크림에 쏙!,,매장별 확인,https://www.mcdonalds.co.kr/kor/menu/burger,2026-08-11
맥도날드,스트로베리 카라멜 팝콘 맥플러리,디저트,355.0,5.0,6.0,46.0,327.0,우유|대두,https://www.mcdonalds.co.kr/kor/menu/information/nutrition,2026.08.11,True,True,,https://www.mcdonalds.co.kr/upload/2026/04/Corp_PC_VIEW_772x530_스트로베리카라멜팝콘맥플_2.png,달콤바삭 카라멜 팝콘과 진한 카라멜 시럽이 국내산 딸기 과즙이 들어간 스트로베리 아이스크림에 쏙!,,매장별 확인,https://www.mcdonalds.co.kr/kor/menu/burger,2026-08-11
맥도날드,후룻볼 파인애플,해피밀(옵션),75.0,1.0,0.0,14.0,0.0,,https://www.mcdonalds.co.kr/kor/menu/information/nutrition,2026.08.11,True,True,,https://www.mcdonalds.co.kr/upload/product/pcfile/1720153394293.png,달콤하고 신선한 파인애플을 간편하게 즐길 수 있는 과일 간식,,매장별 확인,https://www.mcdonalds.co.kr/kor/menu/burger,2026-08-11
맥도날드,오렌지 주스 캔,해피밀(옵션),56.0,0.9,0.0,11.0,47.0,,https://www.mcdonalds.co.kr/kor/menu/information/nutrition,2026.08.11,True,True,,,,,매장별 확인,,
맥도날드,코카 콜라® 미디엄,음료,133.0,0.0,0.0,33.0,9.0,,https://www.mcdonalds.co.kr/kor/menu/information/nutrition,2026.08.11,True,True,,,,,매장별 확인,,
맥도날드,코카 콜라® 라지,음료,185.0,0.0,0.0,46.0,13.0,,https://www.mcdonalds.co.kr/kor/menu/information/nutrition,2026.08.11,True,True,,,,,매장별 확인,,
맥도날드,코카 콜라® 제로 미디엄,음료,0.0,0.0,0.0,0.0,34.0,,https://www.mcdonalds.co.kr/kor/menu/information/nutrition,2026.08.11,True,True,,,,,매장별 확인,,
맥도날드,코카 콜라® 제로 라지,음료,0.0,0.0,0.0,0.0,47.0,,https://www.mcdonalds.co.kr/kor/menu/information/nutrition,2026.08.11,True,True,,,,,매장별 확인,,
맥도날드,환타® 미디엄,음료,62.0,0.0,0.0,16.0,16.0,,https://www.mcdonalds.co.kr/kor/menu/information/nutrition,2026.08.11,True,True,,,,,매장별 확인,,
맥도날드,환타® 라지,음료,86.0,0.0,0.0,22.0,22.0,,https://www.mcdonalds.co.kr/kor/menu/information/nutrition,2026.08.11,True,True,,,,,매장별 확인,,
맥도날드,스프라이트® 미디엄,음료,140.0,0.0,0.0,35.0,28.0,,https://www.mcdonalds.co.kr/kor/menu/information/nutrition,2026.08.11,True,True,,,,,매장별 확인,,
맥도날드,스프라이트® 라지,음료,194.0,0.0,0.0,49.0,39.0,,https://www.mcdonalds.co.kr/kor/menu/information/nutrition,2026.08.11,True,True,,,,,매장별 확인,,
맥도날드,스프라이트® 제로 미디엄,음료,0.0,0.0,0.0,0.0,16.0,,https://www.mcdonalds.co.kr/kor/menu/information/nutrition,2026.08.11,True,True,,,,,매장별 확인,,
맥도날드,스프라이트® 제로 라지,음료,0.0,0.0,0.0,0.0,22.0,,https://www.mcdonalds.co.kr/kor/menu/information/nutrition,2026.08.11,True,True,,,,,매장별 확인,,
맥도날드,카페라떼 미디엄,음료,149.0,8.0,4.6,10.0,79.0,우유,https://www.mcdonalds.co.kr/kor/menu/information/nutrition,2026.08.11,True,True,,,,,매장별 확인,,
맥도날드,카페라떼 라지,음료,194.0,10.0,6.0,14.0,105.0,우유,https://www.mcdonalds.co.kr/kor/menu/information/nutrition,2026.08.11,True,True,,,,,매장별 확인,,
맥도날드,카푸치노 미디엄,음료,93.0,5.0,2.9,6.0,49.0,우유,https://www.mcdonalds.co.kr/kor/menu/information/nutrition,2026.08.11,True,True,,,,,매장별 확인,,
맥도날드,카푸치노 라지,음료,120.0,7.0,3.5,8.0,62.0,우유,https://www.mcdonalds.co.kr/kor/menu/information/nutrition,2026.08.11,True,True,,,,,매장별 확인,,
맥도날드,아메리카노 미디엄,음료,12.0,1.0,0.0,0.0,0.0,,https://www.mcdonalds.co.kr/kor/menu/information/nutrition,2026.08.11,True,True,,,,,매장별 확인,,
맥도날드,아메리카노 라지,음료,15.0,1.0,0.0,0.0,0.0,,https://www.mcdonalds.co.kr/kor/menu/information/nutrition,2026.08.11,True,True,,,,,매장별 확인,,
맥도날드,드립 커피 미디엄,음료,10.0,1.0,0.0,0.0,0.0,,https://www.mcdonalds.co.kr/kor/menu/information/nutrition,2026.08.11,True,True,,,,,매장별 확인,,
맥도날드,드립 커피 라지,음료,12.0,1.0,0.0,0.0,0.0,,https://www.mcdonalds.co.kr/kor/menu/information/nutrition,2026.08.11,True,True,,,,,매장별 확인,,
맥도날드,아이스 드립 커피 (시럽없음) 미디엄,음료,10.0,1.0,0.0,0.0,0.0,,https://www.mcdonalds.co.kr/kor/menu/information/nutrition,2026.08.11,True,True,,,,,매장별 확인,,
맥도날드,아이스 드립 커피 (시럽없음) 라지,음료,14.0,1.0,0.0,0.0,0.0,,https://www.mcdonalds.co.kr/kor/menu/information/nutrition,2026.08.11,True,True,,,,,매장별 확인,,
맥도날드,아이스 아메리카노(시럽없음) 미디엄,음료,9.0,1.0,0.0,0.0,0.0,,https://www.mcdonalds.co.kr/kor/menu/information/nutrition,2026.08.11,True,True,,,,,매장별 확인,,
맥도날드,아이스 아메리카노(시럽없음) 라지,음료,10.0,0.0,0.0,0.0,0.0,,https://www.mcdonalds.co.kr/kor/menu/information/nutrition,2026.08.11,True,True,,,,,매장별 확인,,
맥도날드,아이스 카페라떼(시럽없음) 미디엄,음료,109.0,6.0,3.2,7.0,50.0,우유,https://www.mcdonalds.co.kr/kor/menu/information/nutrition,2026.08.11,True,True,,,,,매장별 확인,,
맥도날드,아이스 카페라떼(시럽없음) 라지,음료,134.0,6.0,3.9,8.0,63.0,우유,https://www.mcdonalds.co.kr/kor/menu/information/nutrition,2026.08.11,True,True,,,,,매장별 확인,,
맥도날드,딸기 쉐이크 미디엄,음료,367.0,9.0,5.0,56.0,180.0,우유,https://www.mcdonalds.co.kr/kor/menu/information/nutrition,2026.08.11,True,True,,,,,매장별 확인,,
맥도날드,초코 쉐이크 미디엄,음료,375.0,9.0,6.0,55.0,236.0,우유|대두,https://www.mcdonalds.co.kr/kor/menu/information/nutrition,2026.08.11,True,True,,,,,매장별 확인,,
맥도날드,바닐라 쉐이크 미디엄,음료,366.0,9.0,5.0,55.0,206.0,우유,https://www.mcdonalds.co.kr/kor/menu/information/nutrition,2026.08.11,True,True,,,,,매장별 확인,,
맥도날드,바닐라 라떼 미디엄,음료,227.0,8.0,4.6,28.0,79.0,우유,https://www.mcdonalds.co.kr/kor/menu/information/nutrition,2026.08.11,True,True,,,,,매장별 확인,,
맥도날드,바닐라 라떼 라지,음료,323.0,10.0,6.0,45.0,105.0,우유,https://www.mcdonalds.co.kr/kor/menu/information/nutrition,2026.08.11,True,True,,,,,매장별 확인,,
맥도날드,아이스 바닐라 라떼 미디엄,음료,186.0,6.0,3.2,25.0,50.0,우유,https://www.mcdonalds.co.kr/kor/menu/information/nutrition,2026.08.11,True,True,,,,,매장별 확인,,
맥도날드,아이스 바닐라 라떼 라지,음료,263.0,6.0,3.9,39.0,63.0,우유,https://www.mcdonalds.co.kr/kor/menu/information/nutrition,2026.08.11,True,True,,,,,매장별 확인,,
맥도날드,피치 아이스티 미디엄,음료,162.0,0.0,0.0,34.0,8.0,복숭아,https://www.mcdonalds.co.kr/kor/menu/information/nutrition,2026.08.11,True,True,,,,,매장별 확인,,
맥도날드,피치 아이스티 라지,음료,229.0,1.0,0.0,48.0,11.0,복숭아,https://www.mcdonalds.co.kr/kor/menu/information/nutrition,2026.08.11,True,True,,,,,매장별 확인,,
맥도날드,망고 피치 아이스티 미디엄,음료,216.0,0.0,0.0,46.0,23.0,복숭아,https://www.mcdonalds.co.kr/kor/menu/information/nutrition,2026.08.11,True,True,,,,,매장별 확인,,
맥도날드,망고 피치 아이스티 라지,음료,342.0,1.0,0.0,74.0,43.0,복숭아,https://www.mcdonalds.co.kr/kor/menu/information/nutrition,2026.08.11,True,True,,,,,매장별 확인,,
맥도날드,디카페인 아메리카노 미디움,음료,12.0,1.0,0.0,0.0,0.0,,https://www.mcdonalds.co.kr/kor/menu/information/nutrition,2026.08.11,True,True,,,,,매장별 확인,,
맥도날드,디카페인 아메리카노 라지,음료,12.0,1.0,0.0,0.0,4.0,,https://www.mcdonalds.co.kr/kor/menu/information/nutrition,2026.08.11,True,True,,,,,매장별 확인,,
맥도날드,디카페인 아이스 아메리카노 미디움,음료,8.0,1.0,0.0,0.0,0.0,,https://www.mcdonalds.co.kr/kor/menu/information/nutrition,2026.08.11,True,True,,,,,매장별 확인,,
맥도날드,디카페인 아이스 아메리카노 라지,음료,10.0,1.0,0.0,0.0,0.0,,https://www.mcdonalds.co.kr/kor/menu/information/nutrition,2026.08.11,True,True,,,,,매장별 확인,,
맥도날드,디카페인 카페 라떼 미디움,음료,150.0,8.0,4.4,10.0,85.0,우유,https://www.mcdonalds.co.kr/kor/menu/information/nutrition,2026.08.11,True,True,,,,,매장별 확인,,
맥도날드,디카페인 카페 라떼 라지,음료,190.0,10.0,6.0,13.0,107.0,우유,https://www.mcdonalds.co.kr/kor/menu/information/nutrition,2026.08.11,True,True,,,,,매장별 확인,,
맥도날드,디카페인 아이스 카페 라떼 미디움,음료,114.0,6.0,3.2,7.0,54.0,우유,https://www.mcdonalds.co.kr/kor/menu/information/nutrition,2026.08.11,True,True,,,,,매장별 확인,,
맥도날드,디카페인 아이스 카페 라떼 라지,음료,133.0,7.0,3.9,8.0,65.0,우유,https://www.mcdonalds.co.kr/kor/menu/information/nutrition,2026.08.11,True,True,,,,,매장별 확인,,
맥도날드,디카페인 카푸치노 미디움,음료,89.0,5.0,2.5,6.0,49.0,우유,https://www.mcdonalds.co.kr/kor/menu/information/nutrition,2026.08.11,True,True,,,,,매장별 확인,,
맥도날드,디카페인 카푸치노 라지,음료,120.0,6.0,3.5,7.0,65.0,우유,https://www.mcdonalds.co.kr/kor/menu/information/nutrition,2026.08.11,True,True,,,,,매장별 확인,,
맥도날드,디카페인 바닐라 라떼 M,음료,227.0,8.0,4.4,29.0,85.0,우유,https://www.mcdonalds.co.kr/kor/menu/information/nutrition,2026.08.11,True,True,,,,,매장별 확인,,
맥도날드,디카페인 바닐라 라떼 L,음료,319.0,10.0,6.0,43.0,107.0,우유,https://www.mcdonalds.co.kr/kor/menu/information/nutrition,2026.08.11,True,True,,,,,매장별 확인,,
맥도날드,디카페인 아이스 바닐라 라떼 M,음료,191.0,6.0,3.2,26.0,54.0,우유,https://www.mcdonalds.co.kr/kor/menu/information/nutrition,2026.08.11,True,True,,,,,매장별 확인,,
맥도날드,디카페인 아이스 바닐라 라떼 L,음료,263.0,7.0,3.9,39.0,65.0,우유,https://www.mcdonalds.co.kr/kor/menu/information/nutrition,2026.08.11,True,True,,,,,매장별 확인,,
맥도날드,망고 맥피즈 - 스프라이트 M,음료,165.0,0.0,0.0,40.0,36.0,,https://www.mcdonalds.co.kr/kor/menu/information/nutrition,2026.08.11,True,True,,,,,매장별 확인,,
맥도날드,망고 맥피즈 - 스프라이트 L,음료,271.0,0.0,0.0,65.0,61.0,,https://www.mcdonalds.co.kr/kor/menu/information/nutrition,2026.08.11,True,True,,,,,매장별 확인,,
맥도날드,그리머스 쉐이크,음료,366.0,9.0,5.0,57.0,180.0,우유,https://www.mcdonalds.co.kr/kor/menu/information/nutrition,2026.08.11,True,True,,https://www.mcdonalds.co.kr/upload/2026/05/Corp_PC_View_772x530_그리머스쉐이크.png,"달콤한 블루베리의 맛을 담은 시원한 쉐이크! 여름 시즌 한정 간식, 해피 스낵으로 만나보세요!",,매장별 확인,https://www.mcdonalds.co.kr/kor/menu/burger,2026-08-11
롯데리아,리아 두툼새우,버거메뉴,549.0,18.0,3.2,11.0,1300.0,계란|우유|대두|밀|새우|토마토,https://www.lotteeatz.com/upload/etc/ria/items.html,2026-06-08,True,True,,https://img.lotteeatz.com/upload/product/2026/07/15/20260715141202435_8.png/dims/resize/x214/optimize,,7900,롯데잇츠 표시가,https://www.lotteeatz.com/brand/ria,2026-08-11
롯데리아,리아 두툼새우 스파이시토마토,버거메뉴,516.0,18.0,4.0,10.0,1310.0,계란|우유|대두|밀|새우|토마토,https://www.lotteeatz.com/upload/etc/ria/items.html,2026-06-08,True,True,,https://img.lotteeatz.com/upload/product/2026/07/15/20260715141146741_5.png/dims/resize/x214/optimize,,7900,롯데잇츠 표시가,https://www.lotteeatz.com/brand/ria,2026-08-11
롯데리아,한우불고기버거,버거메뉴,572.0,23.0,12.0,15.0,800.0,계란|우유|대두|밀|쇠고기|토마토,https://www.lotteeatz.com/upload/etc/ria/items.html,2026-06-08,True,True,,https://img.lotteeatz.com/upload/product/2023/02/10/20230210102118259_1.png/dims/resize/x214/optimize,,9200,롯데잇츠 표시가,https://www.lotteeatz.com/brand/ria,2026-08-11
롯데리아,더블한우불고기버거,버거메뉴,802.0,39.0,20.0,18.0,1150.0,계란|우유|대두|밀|쇠고기|토마토,https://www.lotteeatz.com/upload/etc/ria/items.html,2026-06-08,True,True,,https://img.lotteeatz.com/upload/product/2022/06/22/202206221401250_4.png/dims/resize/x214/optimize,,13200,롯데잇츠 표시가,https://www.lotteeatz.com/brand/ria,2026-08-11
롯데리아,리아 불고기,버거메뉴,462.0,21.0,11.0,11.0,880.0,계란|우유|대두|밀|돼지고기|쇠고기|닭고기|토마토,https://www.lotteeatz.com/upload/etc/ria/items.html,2026-06-08,True,True,,https://img.lotteeatz.com/upload/product/2021/07/23/20210723103917912_2.png/dims/resize/x214/optimize,,5100,롯데잇츠 표시가,https://www.lotteeatz.com/brand/ria,2026-08-11
롯데리아,리아 불고기 베이컨,버거메뉴,508.0,23.0,13.0,11.0,940.0,계란|우유|대두|밀|돼지고기|쇠고기|닭고기|토마토,https://www.lotteeatz.com/upload/etc/ria/items.html,2026-06-08,True,True,,https://img.lotteeatz.com/upload/product/2023/07/12/20230712163805886_0.png/dims/resize/x214/optimize,,6200,롯데잇츠 표시가,https://www.lotteeatz.com/brand/ria,2026-08-11
롯데리아,리아 불고기 더블 (빅불),버거메뉴,721.0,38.0,24.0,12.0,1480.0,계란|우유|대두|밀|돼지고기|쇠고기|닭고기|토마토,https://www.lotteeatz.com/upload/etc/ria/items.html,2026-06-08,True,True,,https://img.lotteeatz.com/upload/product/2019/12/20/20191220163556949_8.png/dims/resize/x214/optimize,,7700,롯데잇츠 표시가,https://www.lotteeatz.com/brand/ria,2026-08-11
롯데리아,리아 새우,버거메뉴,473.0,15.0,3.8,5.0,900.0,계란|우유|대두|밀|새우|토마토,https://www.lotteeatz.com/upload/etc/ria/items.html,2026-06-08,True,True,,https://img.lotteeatz.com/upload/product/2019/12/20/20191220163836176_9.png/dims/resize/x214/optimize,,5100,롯데잇츠 표시가,https://www.lotteeatz.com/brand/ria,2026-08-11
롯데리아,리아 새우 베이컨,버거메뉴,519.0,18.0,5.0,6.0,960.0,계란|우유|대두|밀|새우|돼지고기|토마토,https://www.lotteeatz.com/upload/etc/ria/items.html,2026-06-08,True,True,,https://img.lotteeatz.com/upload/product/2023/08/11/20230811165041889_8.png/dims/resize/x214/optimize,,6200,롯데잇츠 표시가,https://www.lotteeatz.com/brand/ria,2026-08-11
롯데리아,리아 사각새우 더블,버거메뉴,534.0,18.0,4.2,6.0,1050.0,계란|우유|대두|밀|새우|토마토,https://www.lotteeatz.com/upload/etc/ria/items.html,2026-06-08,True,True,,https://img.lotteeatz.com/upload/product/2020/12/31/20201231115111151_3.png/dims/resize/x214/optimize,,6200,롯데잇츠 표시가,https://www.lotteeatz.com/brand/ria,2026-08-11
롯데리아,모짜렐라 인 더 버거 베이컨,버거메뉴,696.0,30.0,16.0,6.0,1000.0,계란|우유|대두|밀|돼지고기|쇠고기,https://www.lotteeatz.com/upload/etc/ria/items.html,2026-06-08,True,True,,https://img.lotteeatz.com/upload/product/2023/03/08/20230308094308298_4.png/dims/resize/x214/optimize,,8200,롯데잇츠 표시가,https://www.lotteeatz.com/brand/ria,2026-08-11
롯데리아,전주비빔라이스버거,버거메뉴,574.0,14.0,7.0,8.0,1290.0,계란|대두|밀|쇠고기,https://www.lotteeatz.com/upload/etc/ria/items.html,2026-06-08,True,True,,https://img.lotteeatz.com/upload/product/2023/02/03/20230203180810686_7.png/dims/resize/x214/optimize,,7500,롯데잇츠 표시가,https://www.lotteeatz.com/brand/ria,2026-08-11
롯데리아,더블엑스투버거,버거메뉴,703.0,26.0,23.0,6.0,1040.0,계란|우유|대두|밀|쇠고기|토마토,https://www.lotteeatz.com/upload/etc/ria/items.html,2026-06-08,True,True,,https://img.lotteeatz.com/upload/product/2020/08/03/20200803175039962_2.png/dims/resize/x214/optimize,,7400,롯데잇츠 표시가,https://www.lotteeatz.com/brand/ria,2026-08-11
롯데리아,핫크리스피치킨버거,버거메뉴,454.0,22.0,5.0,4.0,900.0,계란|대두|밀|닭고기|토마토,https://www.lotteeatz.com/upload/etc/ria/items.html,2026-06-08,True,True,,https://img.lotteeatz.com/upload/product/2023/06/21/20230621174724947_5.png/dims/resize/x214/optimize,,6400,롯데잇츠 표시가,https://www.lotteeatz.com/brand/ria,2026-08-11
롯데리아,미라클버거,버거메뉴,382.0,15.0,4.6,7.0,600.0,대두|밀|토마토,https://www.lotteeatz.com/upload/etc/ria/items.html,2026-06-08,True,True,,https://img.lotteeatz.com/upload/product/2025/10/16/20251016134637371_3.png/dims/resize/x214/optimize,,5900,롯데잇츠 표시가,https://www.lotteeatz.com/brand/ria,2026-08-11
롯데리아,더블 미라클버거,버거메뉴,551.0,25.0,7.0,10.0,920.0,대두|밀|토마토,https://www.lotteeatz.com/upload/etc/ria/items.html,2026-06-08,True,True,,https://img.lotteeatz.com/upload/product/2025/10/16/20251016134709789_6.png/dims/resize/x214/optimize,,7400,롯데잇츠 표시가,https://www.lotteeatz.com/brand/ria,2026-08-11
롯데리아,클래식치즈버거,버거메뉴,482.0,16.0,13.0,5.0,710.0,계란|우유|대두|밀|쇠고기,https://www.lotteeatz.com/upload/etc/ria/items.html,2026-06-08,True,True,,https://img.lotteeatz.com/upload/product/2022/05/19/20220519092203878_5.png/dims/resize/x214/optimize,,5700,롯데잇츠 표시가,https://www.lotteeatz.com/brand/ria,2026-08-11
롯데리아,더블 클래식치즈버거,버거메뉴,717.0,26.0,23.0,6.0,1030.0,계란|우유|대두|밀|쇠고기,https://www.lotteeatz.com/upload/etc/ria/items.html,2026-06-08,True,True,,https://img.lotteeatz.com/upload/product/2023/03/21/20230321152358223_1.png/dims/resize/x214/optimize,,7400,롯데잇츠 표시가,https://www.lotteeatz.com/brand/ria,2026-08-11
롯데리아,치킨버거,버거메뉴,355.0,15.0,3.8,8.0,620.0,계란|우유|대두|밀|땅콩|닭고기|조개류,https://www.lotteeatz.com/upload/etc/ria/items.html,2026-06-08,True,True,,https://img.lotteeatz.com/upload/product/2025/12/03/20251203084852773_5.png/dims/resize/x214/optimize,,4500,롯데잇츠 표시가,https://www.lotteeatz.com/brand/ria,2026-08-11
롯데리아,더블 치킨버거,버거메뉴,478.0,24.0,5.0,11.0,950.0,계란|우유|대두|밀|땅콩|닭고기|조개류,https://www.lotteeatz.com/upload/etc/ria/items.html,2026-06-08,True,True,,https://img.lotteeatz.com/upload/product/2025/12/03/20251203084906466_7.png/dims/resize/x214/optimize,,6000,롯데잇츠 표시가,https://www.lotteeatz.com/brand/ria,2026-08-11
롯데리아,데리버거,버거메뉴,348.0,12.0,4.9,10.0,590.0,계란|우유|대두|밀|쇠고기|닭고기|조개류,https://www.lotteeatz.com/upload/etc/ria/items.html,2026-06-08,True,True,,https://img.lotteeatz.com/upload/product/2020/01/02/20200102234537645_5.png/dims/resize/x214/optimize,,3800,롯데잇츠 표시가,https://www.lotteeatz.com/brand/ria,2026-08-11
롯데리아,더블 데리버거,버거메뉴,446.0,19.0,7.0,10.0,740.0,계란|우유|대두|밀|쇠고기|닭고기|조개류,https://www.lotteeatz.com/upload/etc/ria/items.html,2026-06-08,True,True,,https://img.lotteeatz.com/upload/product/2023/03/21/20230321151944859_2.png/dims/resize/x214/optimize,,5200,롯데잇츠 표시가,https://www.lotteeatz.com/brand/ria,2026-08-11
롯데리아,나폴리 모짜렐라버거 토마토바질,버거메뉴,733.0,27.0,18.0,10.0,1080.0,계란|우유|대두|밀|쇠고기|닭고기|토마토,https://www.lotteeatz.com/upload/etc/ria/items.html,2026-06-08,True,True,,https://img.lotteeatz.com/upload/product/2025/01/15/20250115162931395_8.png/dims/resize/x214/optimize,,9300,롯데잇츠 표시가,https://www.lotteeatz.com/brand/ria,2026-08-11
롯데리아,나폴리 모짜렐라버거 발사믹바질,버거메뉴,733.0,27.0,18.0,10.0,1040.0,계란|우유|대두|밀|쇠고기|토마토|아황산류,https://www.lotteeatz.com/upload/etc/ria/items.html,2026-06-08,True,True,,https://img.lotteeatz.com/upload/product/2025/01/15/20250115163300416_3.png/dims/resize/x214/optimize,,9300,롯데잇츠 표시가,https://www.lotteeatz.com/brand/ria,2026-08-11
롯데리아,통다리 크리스피치킨버거(그릭랜치),버거메뉴,618.0,25.0,5.0,8.0,1050.0,계란|우유|대두|밀|쇠고기|닭고기|조개류,https://www.lotteeatz.com/upload/etc/ria/items.html,2026-06-08,True,True,,https://img.lotteeatz.com/upload/product/2026/01/06/20260106083745809_0.png/dims/resize/x214/optimize,,6900,롯데잇츠 표시가,https://www.lotteeatz.com/brand/ria,2026-08-11
롯데리아,통다리 크리스피치킨버거(파이어핫),버거메뉴,594.0,25.0,4.4,10.0,1040.0,계란|우유|대두|밀|쇠고기|닭고기|조개류,https://www.lotteeatz.com/upload/etc/ria/items.html,2026-06-08,True,True,,https://img.lotteeatz.com/upload/product/2026/01/06/20260106083759930_0.png/dims/resize/x214/optimize,,6900,롯데잇츠 표시가,https://www.lotteeatz.com/brand/ria,2026-08-11
롯데리아,번트비프버거,버거메뉴,602.0,26.0,17.0,17.0,1070.0,계란|우유|대두|밀|돼지고기|쇠고기|아황산류|오징어,https://www.lotteeatz.com/upload/etc/ria/items.html,2026-06-08,True,True,,https://img.lotteeatz.com/upload/product/2026/07/08/202607081417064_9.png/dims/resize/x214/optimize,,8800,롯데잇츠 표시가,https://www.lotteeatz.com/brand/ria,2026-08-11
롯데리아,하와이안 모짜렐라버거,버거메뉴,773.0,26.0,18.0,14.0,1146.0,계란|우유|대두|밀|돼지고기|쇠고기|닭고기|토마토|조개류,https://www.lotteeatz.com/upload/etc/ria/items.html,2026-06-08,True,True,,https://img.lotteeatz.com/upload/product/2026/06/17/20260617080434865_4.jpg/dims/resize/x214/optimize,,8800,롯데잇츠 표시가,https://www.lotteeatz.com/brand/ria,2026-08-11
롯데리아,치즈토핑,토핑메뉴,64.0,3.0,3.9,0.0,160.0,우유,https://www.lotteeatz.com/upload/etc/ria/items.html,2026-06-08,True,True,,,,,매장별 확인,,
롯데리아,토마토토핑,토핑메뉴,4.0,0.0,0.0,1.0,0.0,토마토,https://www.lotteeatz.com/upload/etc/ria/items.html,2026-06-08,True,True,,,,,매장별 확인,,
롯데리아,베이컨토핑,토핑메뉴,42.0,2.0,1.7,0.0,60.0,돼지고기,https://www.lotteeatz.com/upload/etc/ria/items.html,2026-06-08,True,True,,,,,매장별 확인,,
롯데리아,비프패티토핑,토핑메뉴,172.0,7.0,7.0,0.0,160.0,쇠고기,https://www.lotteeatz.com/upload/etc/ria/items.html,2026-06-08,True,True,,,,,매장별 확인,,
롯데리아,반숙계란 토핑,토핑메뉴,43.0,1.0,0.0,0.0,35.0,계란|대두,https://www.lotteeatz.com/upload/etc/ria/items.html,2026-06-08,True,True,,,,,매장별 확인,,
롯데리아,화이어윙2조각,토핑메뉴,178.0,9.0,2.5,0.0,270.0,계란|대두|밀|땅콩|닭고기,https://www.lotteeatz.com/upload/etc/ria/items.html,2026-06-08,True,True,,,,,매장별 확인,,
롯데리아,화이어윙4조각,토핑메뉴,357.0,17.0,5.0,0.0,550.0,계란|대두|밀|땅콩|닭고기,https://www.lotteeatz.com/upload/etc/ria/items.html,2026-06-08,True,True,,,,,매장별 확인,,
롯데리아,치킨다리 1조각,토핑메뉴,151.0,11.0,1.8,0.0,330.0,계란|대두|밀|땅콩|닭고기,https://www.lotteeatz.com/upload/etc/ria/items.html,2026-06-08,True,True,,,,,매장별 확인,,
롯데리아,치킨다리 하프팩(코울슬로) (소스미포함),토핑메뉴,717.0,45.0,8.0,13.0,1460.0,계란|우유|대두|밀|땅콩|닭고기,https://www.lotteeatz.com/upload/etc/ria/items.html,2026-06-08,True,True,,,,,매장별 확인,,
롯데리아,치킨다리 하프팩(포테이토) (소스미포함),토핑메뉴,888.0,48.0,10.0,3.0,1830.0,계란|대두|밀|땅콩|닭고기|토마토,https://www.lotteeatz.com/upload/etc/ria/items.html,2026-06-08,True,True,,,,,매장별 확인,,
롯데리아,순살치킨 하프팩 (소스 미포함),토핑메뉴,659.0,39.0,6.0,2.0,1170.0,계란|대두|밀|쇠고기|닭고기,https://www.lotteeatz.com/upload/etc/ria/items.html,2026-06-08,True,True,,,,,매장별 확인,,
롯데리아,순살치킨 풀팩 (소스 미포함),토핑메뉴,1319.0,77.0,12.0,4.0,2350.0,계란|대두|밀|쇠고기|닭고기,https://www.lotteeatz.com/upload/etc/ria/items.html,2026-06-08,True,True,,,,,매장별 확인,,
롯데리아,후라이드 순살치킨 (R) (소스 미포함),토핑메뉴,862.0,49.0,10.0,1.0,1520.0,계란|대두|밀|쇠고기|닭고기|조개류,https://www.lotteeatz.com/upload/etc/ria/items.html,2026-06-08,True,True,,,,,매장별 확인,,
롯데리아,후라이드 순살치킨 (L) (소스 미포함),토핑메뉴,1725.0,197.0,19.0,1.0,3040.0,계란|대두|밀|쇠고기|닭고기|조개류,https://www.lotteeatz.com/upload/etc/ria/items.html,2026-06-08,True,True,,,,,매장별 확인,,
롯데리아,후라이드 순살치킨 N (R) (소스 미포함),토핑메뉴,906.0,48.0,11.0,1.0,1554.0,계란|대두|밀|쇠고기|닭고기|조개류,https://www.lotteeatz.com/upload/etc/ria/items.html,2026-06-08,True,True,,,,,매장별 확인,,
롯데리아,후라이드 순살치킨 N (L) (소스 미포함),토핑메뉴,1812.0,97.0,21.0,1.0,3109.0,계란|대두|밀|쇠고기|닭고기|조개류,https://www.lotteeatz.com/upload/etc/ria/items.html,2026-06-08,True,True,,,,,매장별 확인,,
롯데리아,치킨휠레2조각 (소스미포함),토핑메뉴,183.0,15.0,1.9,0.0,370.0,계란|우유|대두|밀|땅콩|새우|닭고기|조개류,https://www.lotteeatz.com/upload/etc/ria/items.html,2026-06-08,True,True,,,,,매장별 확인,,
롯데리아,치킨휠레4조각 (소스미포함),토핑메뉴,366.0,29.0,3.8,0.0,740.0,계란|우유|대두|밀|땅콩|새우|닭고기|조개류,https://www.lotteeatz.com/upload/etc/ria/items.html,2026-06-08,True,True,,,,,매장별 확인,,
롯데리아,말차라뗴,드링크 메뉴,282.0,8.0,6.0,37.0,120.0,우유,https://www.lotteeatz.com/upload/etc/ria/items.html,2026-06-08,True,True,,,,,매장별 확인,,
롯데리아,아메리카노,드링크 메뉴,8.0,0.0,0.0,0.0,5.0,,https://www.lotteeatz.com/upload/etc/ria/items.html,2026-06-08,True,True,,https://img.lotteeatz.com/upload/product/2025/01/24/20250124101000339_9.png/dims/resize/x214/optimize,,2600,롯데잇츠 표시가,https://www.lotteeatz.com/brand/ria,2026-08-11
롯데리아,아이스아메리카노,드링크 메뉴,5.0,0.0,0.0,0.0,0.0,,https://www.lotteeatz.com/upload/etc/ria/items.html,2026-06-08,True,True,,https://img.lotteeatz.com/upload/product/2025/01/24/20250124102006301_3.png/dims/resize/x214/optimize,,2600,롯데잇츠 표시가,https://www.lotteeatz.com/brand/ria,2026-08-11
롯데리아,아이스아메리카노(L),드링크 메뉴,9.0,0.0,0.0,0.0,0.0,,https://www.lotteeatz.com/upload/etc/ria/items.html,2026-06-08,True,True,,,,,매장별 확인,,
롯데리아,카페라떼(살균우유),드링크 메뉴,145.0,7.0,4.5,7.0,80.0,우유,https://www.lotteeatz.com/upload/etc/ria/items.html,2026-06-08,True,True,,https://img.lotteeatz.com/upload/product/2025/01/24/20250124100825669_5.png/dims/resize/x214/optimize,,3400,롯데잇츠 표시가,https://www.lotteeatz.com/brand/ria,2026-08-11
롯데리아,아이스카페라떼(살균우유),드링크 메뉴,60.0,3.0,1.7,3.0,30.0,우유,https://www.lotteeatz.com/upload/etc/ria/items.html,2026-06-08,True,True,,https://img.lotteeatz.com/upload/product/2025/01/24/20250124101201439_7.png/dims/resize/x214/optimize,,3400,롯데잇츠 표시가,https://www.lotteeatz.com/brand/ria,2026-08-11
롯데리아,레몬에이드(R),드링크 메뉴,180.0,0.0,0.0,41.0,10.0,,https://www.lotteeatz.com/upload/etc/ria/items.html,2026-06-08,True,True,,,,,매장별 확인,,
롯데리아,레몬에이드(L),드링크 메뉴,246.0,0.0,0.0,56.0,11.0,,https://www.lotteeatz.com/upload/etc/ria/items.html,2026-06-08,True,True,,,,,매장별 확인,,
롯데리아,아이스티(R),드링크 메뉴,191.0,0.0,0.0,47.0,0.0,복숭아,https://www.lotteeatz.com/upload/etc/ria/items.html,2026-06-08,True,True,,,,,매장별 확인,,
롯데리아,아이스티(L),드링크 메뉴,263.0,0.0,0.0,64.0,0.0,복숭아,https://www.lotteeatz.com/upload/etc/ria/items.html,2026-06-08,True,True,,,,,매장별 확인,,
롯데리아,제로슈거콜라(R),드링크 메뉴,0.0,0.0,0.0,0.0,55.0,,https://www.lotteeatz.com/upload/etc/ria/items.html,2026-06-08,True,True,,,,,매장별 확인,,
롯데리아,제로슈거콜라(L),드링크 메뉴,0.0,0.0,0.0,0.0,75.0,,https://www.lotteeatz.com/upload/etc/ria/items.html,2026-06-08,True,True,,,,,매장별 확인,,
롯데리아,펩시콜라(R),드링크 메뉴,128.0,0.0,0.0,31.0,15.0,,https://www.lotteeatz.com/upload/etc/ria/items.html,2026-06-08,True,True,,,,,매장별 확인,,
롯데리아,펩시콜라(L),드링크 메뉴,174.0,0.0,0.0,42.0,20.0,,https://www.lotteeatz.com/upload/etc/ria/items.html,2026-06-08,True,True,,,,,매장별 확인,,
롯데리아,사이다(R),드링크 메뉴,133.0,0.0,0.0,31.0,5.0,,https://www.lotteeatz.com/upload/etc/ria/items.html,2026-06-08,True,True,,,,,매장별 확인,,
롯데리아,사이다(L),드링크 메뉴,182.0,0.0,0.0,42.0,10.0,,https://www.lotteeatz.com/upload/etc/ria/items.html,2026-06-08,True,True,,,,,매장별 확인,,
롯데리아,캐모마일 티,드링크 메뉴,2.0,0.0,0.0,0.0,0.0,,https://www.lotteeatz.com/upload/etc/ria/items.html,2026-06-08,True,True,,,,,매장별 확인,,
롯데리아,말차빙수(보냉백 포함),아이스샷,634.0,9.0,3.0,82.0,220.0,우유,https://www.lotteeatz.com/upload/etc/ria/items.html,2026-06-08,True,True,,https://img.lotteeatz.com/upload/product/2026/05/14/2026051409490161_4.png/dims/resize/x214/optimize,,6600,롯데잇츠 표시가,https://www.lotteeatz.com/brand/ria,2026-08-11
롯데리아,말차빙수(보냉백 미포함),아이스샷,634.0,9.0,3.0,82.0,220.0,우유,https://www.lotteeatz.com/upload/etc/ria/items.html,2026-06-08,True,True,,,,,매장별 확인,,
롯데리아,팥빙수(보냉백 포함),아이스샷,601.0,10.0,3.0,99.0,140.0,우유,https://www.lotteeatz.com/upload/etc/ria/items.html,2026-06-08,True,True,,https://img.lotteeatz.com/upload/product/2026/05/14/20260514094834508_4.png/dims/resize/x214/optimize,,6600,롯데잇츠 표시가,https://www.lotteeatz.com/brand/ria,2026-08-11
롯데리아,팥빙수(보냉백 미포함),아이스샷,601.0,10.0,3.0,99.0,140.0,우유,https://www.lotteeatz.com/upload/etc/ria/items.html,2026-06-08,True,True,,,,,매장별 확인,,
롯데리아,토네이도 말차쿠키,아이스샷,341.0,5.0,7.0,40.0,160.0,우유|대두|밀,https://www.lotteeatz.com/upload/etc/ria/items.html,2026-06-08,True,True,,https://img.lotteeatz.com/upload/product/2026/05/14/20260514094959144_2.png/dims/resize/x214/optimize,,3500,롯데잇츠 표시가,https://www.lotteeatz.com/brand/ria,2026-08-11
롯데리아,토네이도 스트로베리,아이스샷,263.0,4.0,6.0,36.0,65.0,우유,https://www.lotteeatz.com/upload/etc/ria/items.html,2026-06-08,True,True,,https://img.lotteeatz.com/upload/product/2025/05/22/20250522132336418_0.png/dims/resize/x214/optimize,,3300,롯데잇츠 표시가,https://www.lotteeatz.com/brand/ria,2026-08-11
롯데리아,토네이도 망고젤리,아이스샷,280.0,4.0,6.0,40.0,75.0,우유,https://www.lotteeatz.com/upload/etc/ria/items.html,2026-06-08,True,True,,https://img.lotteeatz.com/upload/product/2025/05/22/20250522132239130_5.png/dims/resize/x214/optimize,,3300,롯데잇츠 표시가,https://www.lotteeatz.com/brand/ria,2026-08-11
롯데리아,토네이도 초코쿠키,아이스샷,300.0,5.0,7.0,32.0,160.0,우유|대두|밀,https://www.lotteeatz.com/upload/etc/ria/items.html,2026-06-08,True,True,,https://img.lotteeatz.com/upload/product/2025/05/22/20250522132322744_9.png/dims/resize/x214/optimize,,3300,롯데잇츠 표시가,https://www.lotteeatz.com/brand/ria,2026-08-11
롯데리아,토네이도 더블초코,아이스샷,338.0,5.0,7.0,39.0,160.0,우유|대두|밀,https://www.lotteeatz.com/upload/etc/ria/items.html,2026-06-08,True,True,,https://img.lotteeatz.com/upload/product/2025/05/22/20250522132309707_2.png/dims/resize/x214/optimize,,3300,롯데잇츠 표시가,https://www.lotteeatz.com/brand/ria,2026-08-11
롯데리아,롯데리아케첩(9g),소스& 시즈닝,10.0,0.0,0.0,2.0,115.0,토마토,https://www.lotteeatz.com/upload/etc/ria/items.html,2026-06-08,True,True,,,,,매장별 확인,,
롯데리아,허니머스타드,소스& 시즈닝,25.0,0.0,0.0,2.0,70.0,계란|대두,https://www.lotteeatz.com/upload/etc/ria/items.html,2026-06-08,True,True,,,,,매장별 확인,,
롯데리아,스위트앤사워,소스& 시즈닝,20.0,0.0,0.0,5.0,60.0,대두|밀|조개류,https://www.lotteeatz.com/upload/etc/ria/items.html,2026-06-08,True,True,,,,,매장별 확인,,
롯데리아,크리미양념소스,소스& 시즈닝,99.0,0.0,0.7,9.0,360.0,계란|대두|토마토,https://www.lotteeatz.com/upload/etc/ria/items.html,2026-06-08,True,True,,,,,매장별 확인,,
롯데리아,롯데리아 잠발라야소스,소스& 시즈닝,33.0,0.0,0.0,7.0,120.0,토마토,https://www.lotteeatz.com/upload/etc/ria/items.html,2026-06-08,True,True,,,,,매장별 확인,,
롯데리아,어니언 시즈닝,소스& 시즈닝,18.0,0.0,0.0,1.0,125.0,우유|대두,https://www.lotteeatz.com/upload/etc/ria/items.html,2026-06-08,True,True,,,,,매장별 확인,,
롯데리아,치즈시즈닝,소스& 시즈닝,15.0,0.0,0.0,2.0,130.0,우유|대두,https://www.lotteeatz.com/upload/etc/ria/items.html,2026-06-08,True,True,,,,,매장별 확인,,
롯데리아,칠리 시즈닝,소스& 시즈닝,9.0,0.0,0.0,1.0,160.0,우유|대두|밀|쇠고기|토마토,https://www.lotteeatz.com/upload/etc/ria/items.html,2026-06-08,True,True,,,,,매장별 확인,,
롯데리아,양념치킨소스,소스& 시즈닝,92.0,1.0,0.0,14.0,200.0,계란|대두|밀|토마토,https://www.lotteeatz.com/upload/etc/ria/items.html,2026-06-08,True,True,,,,,매장별 확인,,
롯데리아,소이허니소스,소스& 시즈닝,85.0,1.0,0.0,16.0,340.0,대두|밀,https://www.lotteeatz.com/upload/etc/ria/items.html,2026-06-08,True,True,,,,,매장별 확인,,
롯데리아,포테이토,디저트 메뉴,284.0,3.0,2.8,2.0,500.0,대두|토마토,https://www.lotteeatz.com/upload/etc/ria/items.html,2026-06-08,True,True,,https://img.lotteeatz.com/upload/product/2024/11/20/20241120200342965_4.png/dims/resize/x214/optimize,,2100,롯데잇츠 표시가,https://www.lotteeatz.com/brand/ria,2026-08-11
롯데리아,포테이토(L),디저트 메뉴,420.0,5.0,4.1,5.0,800.0,대두|토마토,https://www.lotteeatz.com/upload/etc/ria/items.html,2026-06-08,True,True,,https://img.lotteeatz.com/upload/product/2024/11/20/20241120200401294_9.png/dims/resize/x214/optimize,,2600,롯데잇츠 표시가,https://www.lotteeatz.com/brand/ria,2026-08-11
롯데리아,치즈스틱,디저트 메뉴,158.0,8.0,3.7,1.0,270.0,계란|우유|대두|밀,https://www.lotteeatz.com/upload/etc/ria/items.html,2026-06-08,True,True,,https://img.lotteeatz.com/upload/product/2024/11/20/20241120200451610_3.png/dims/resize/x214/optimize,,2900,롯데잇츠 표시가,https://www.lotteeatz.com/brand/ria,2026-08-11
롯데리아,롱치즈스틱,디저트 메뉴,158.0,8.0,4.0,0.0,230.0,계란|우유|대두|밀,https://www.lotteeatz.com/upload/etc/ria/items.html,2026-06-08,True,True,,https://img.lotteeatz.com/upload/product/2019/12/20/20191220164604550_2.png/dims/resize/x214/optimize,,2500,롯데잇츠 표시가,https://www.lotteeatz.com/brand/ria,2026-08-11
롯데리아,통오징어링,디저트 메뉴,166.0,8.0,0.5,8.0,420.0,계란|대두|밀|토마토|오징어,https://www.lotteeatz.com/upload/etc/ria/items.html,2026-06-08,True,True,,https://img.lotteeatz.com/upload/product/2023/02/10/20230210180512639_0.png/dims/resize/x214/optimize,,2900,롯데잇츠 표시가,https://www.lotteeatz.com/brand/ria,2026-08-11
롯데리아,지파이 고소한맛(S),디저트 메뉴,397.0,18.0,6.0,1.0,620.0,계란|대두|밀|땅콩|닭고기,https://www.lotteeatz.com/upload/etc/ria/items.html,2026-06-08,True,True,,https://img.lotteeatz.com/upload/product/2019/12/20/20191220165208212_3.png/dims/resize/x214/optimize,,4700,롯데잇츠 표시가,https://www.lotteeatz.com/brand/ria,2026-08-11
롯데리아,지파이 하바네로(L),디저트 메뉴,566.0,26.0,4.2,1.0,1370.0,계란|대두|밀|닭고기,https://www.lotteeatz.com/upload/etc/ria/items.html,2026-06-08,True,True,,https://img.lotteeatz.com/upload/product/2025/10/31/20251031093246521_6.png/dims/resize/x214/optimize,,5800,롯데잇츠 표시가,https://www.lotteeatz.com/brand/ria,2026-08-11
롯데리아,양념감자(시즈닝미포함),디저트 메뉴,360.0,4.0,3.7,0.0,510.0,대두,https://www.lotteeatz.com/upload/etc/ria/items.html,2026-06-08,True,True,,,,,매장별 확인,,
롯데리아,양념너겟(시즈닝미포함),디저트 메뉴,270.0,19.0,3.3,1.0,490.0,우유|대두|밀|쇠고기|닭고기,https://www.lotteeatz.com/upload/etc/ria/items.html,2026-06-08,True,True,,,,,매장별 확인,,
롯데리아,치킨너겟(소스미포함),디저트 메뉴,270.0,19.0,3.3,1.0,490.0,우유|대두|밀|쇠고기|닭고기,https://www.lotteeatz.com/upload/etc/ria/items.html,2026-06-08,True,True,,,,,매장별 확인,,
롯데리아,코울슬로,디저트 메뉴,112.0,1.0,1.0,12.0,130.0,계란|우유|대두,https://www.lotteeatz.com/upload/etc/ria/items.html,2026-06-08,True,True,,https://img.lotteeatz.com/upload/product/2025/02/19/20250219202403231_5.png/dims/resize/x214/optimize,,2000,롯데잇츠 표시가,https://www.lotteeatz.com/brand/ria,2026-08-11
롯데리아,디지게 매운 돈까스(양념맛),디저트 메뉴,290.0,15.0,2.0,15.0,670.0,계란|대두|밀|돼지고기|토마토,https://www.lotteeatz.com/upload/etc/ria/items.html,2026-06-08,True,True,,https://img.lotteeatz.com/upload/product/2026/03/11/20260311111029815_9.png/dims/resize/x214/optimize,,3500,롯데잇츠 표시가,https://www.lotteeatz.com/brand/ria,2026-08-11
롯데리아,디지게 매운 돈까스(디진다맛),디저트 메뉴,280.0,15.0,2.1,13.0,520.0,계란|우유|대두|밀|돼지고기|쇠고기|닭고기|토마토|조개류,https://www.lotteeatz.com/upload/etc/ria/items.html,2026-06-08,True,True,,https://img.lotteeatz.com/upload/product/2026/03/11/20260311110817134_1.png/dims/resize/x214/optimize,,3500,롯데잇츠 표시가,https://www.lotteeatz.com/brand/ria,2026-08-11
롯데리아,야채라이스 불고기,디저트 메뉴,520.0,18.0,6.0,5.0,900.0,계란|우유|대두|밀|돼지고기|쇠고기|닭고기|토마토,https://www.lotteeatz.com/upload/etc/ria/items.html,2026-06-08,True,True,,,,,매장별 확인,,
롯데리아,야채라이스 새우,디저트 메뉴,434.0,11.0,2.2,3.0,890.0,계란|우유|대두|밀|새우|쇠고기|토마토,https://www.lotteeatz.com/upload/etc/ria/items.html,2026-06-08,True,True,,,,,매장별 확인,,
롯데리아,베이컨에그번,디저트 메뉴,386.0,14.0,8.0,5.0,510.0,계란|우유|대두|밀|돼지고기|조개류,https://www.lotteeatz.com/upload/etc/ria/items.html,2026-06-08,True,True,,,,,매장별 확인,,
롯데리아,에그샐러드번,디저트 메뉴,446.0,14.0,9.0,6.0,590.0,계란|우유|대두|밀|토마토|조개류,https://www.lotteeatz.com/upload/etc/ria/items.html,2026-06-08,True,True,,,,,매장별 확인,,
롯데리아,새우 + 치킨버거,디저트 메뉴,825.0,30.0,8.0,13.0,1520.0,계란|우유|대두|밀|땅콩|새우|닭고기|토마토|조개류,https://www.lotteeatz.com/upload/etc/ria/items.html,2026-06-08,True,True,,,,,매장별 확인,,
버거킹,몬스터와퍼,공식 메뉴,1094.0,52.0,21.0,8.0,2146.0,계란|우유|대두|밀|돼지고기|쇠고기|닭고기|토마토,https://www.burgerking.co.kr/menu/main,2026-08-11,True,True,,,,,매장별 확인,,
버거킹,통새우와퍼,공식 메뉴,714.0,34.0,12.0,9.0,1258.0,계란|우유|대두|밀|새우|쇠고기|토마토,https://www.burgerking.co.kr/menu/main,2026-08-11,True,True,,,,,매장별 확인,,
버거킹,허니머스타드소스,공식 메뉴,30.0,0.0,0.0,2.0,60.0,계란|대두,https://www.burgerking.co.kr/menu/main,2026-08-11,True,True,,,,,매장별 확인,,
버거킹,슬라이스치즈,공식 메뉴,43.0,2.0,2.4,0.0,152.0,우유|대두,https://www.burgerking.co.kr/menu/main,2026-08-11,True,True,,,,,매장별 확인,,
버거킹,롱베이컨,공식 메뉴,22.0,1.0,0.6,0.0,42.0,돼지고기,https://www.burgerking.co.kr/menu/main,2026-08-11,True,True,,,,,매장별 확인,,
버거킹,롱베이컨 2장,공식 메뉴,44.0,3.0,1.3,0.0,83.0,돼지고기,https://www.burgerking.co.kr/menu/main,2026-08-11,True,True,,,,,매장별 확인,,
버거킹,와퍼패티,공식 메뉴,227.0,14.0,8.0,0.0,47.0,쇠고기,https://www.burgerking.co.kr/menu/main,2026-08-11,True,True,,,,,매장별 확인,,
버거킹,롱치킨버거,공식 메뉴,621.0,23.0,7.0,7.0,1235.0,계란|대두|밀|닭고기,https://www.burgerking.co.kr/menu/main,2026-08-11,True,True,,,,,매장별 확인,,
버거킹,치즈프라이,공식 메뉴,376.0,10.0,7.0,1.2,558.0,우유|대두,https://www.burgerking.co.kr/menu/main,2026-08-11,True,True,,,,,매장별 확인,,
버거킹,통새우추가2,공식 메뉴,10.0,2.0,0.0,0.0,92.0,대두|새우,https://www.burgerking.co.kr/menu/main,2026-08-11,True,True,,,,,매장별 확인,,
버거킹,무료콘샐러드,공식 메뉴,0.0,0.0,0.0,0.0,0.0,,https://www.burgerking.co.kr/menu/main,2026-08-11,True,True,,,,,매장별 확인,,
버거킹,와퍼,공식 메뉴,706.0,30.0,12.0,10.0,1098.0,계란|대두|밀|쇠고기|토마토,https://www.burgerking.co.kr/menu/main,2026-08-11,True,True,,,,,매장별 확인,,
버거킹,버거패티,공식 메뉴,114.0,8.0,3.7,0.0,199.0,쇠고기,https://www.burgerking.co.kr/menu/main,2026-08-11,True,True,,,,,매장별 확인,,
버거킹,너겟킹 4조각,공식 메뉴,147.0,9.0,2.0,0.4,422.0,대두|밀|닭고기,https://www.burgerking.co.kr/menu/main,2026-08-11,True,True,,,,,매장별 확인,,
버거킹,머스타드,공식 메뉴,30.0,0.0,0.0,2.0,60.0,계란|대두,https://www.burgerking.co.kr/menu/main,2026-08-11,True,True,,,,,매장별 확인,,
버거킹,너겟킹 10조각,공식 메뉴,368.0,22.0,5.0,0.9,1054.0,대두|밀|닭고기,https://www.burgerking.co.kr/menu/main,2026-08-11,True,True,,,,,매장별 확인,,
버거킹,햄버거,공식 메뉴,353.0,15.0,5.2,4.0,540.0,계란|대두|밀|쇠고기|토마토,https://www.burgerking.co.kr/menu/main,2026-08-11,True,True,,,,,매장별 확인,,
버거킹,코코넛슈림프(3조각)+스위트칠리소스,공식 메뉴,216.0,5.0,4.0,11.0,505.0,계란|대두|밀|새우,https://www.burgerking.co.kr/menu/main,2026-08-11,True,True,,,,,매장별 확인,,
버거킹,슬라이스치즈 2장,공식 메뉴,87.0,4.0,4.9,1.0,304.0,우유|대두,https://www.burgerking.co.kr/menu/main,2026-08-11,True,True,,,,,매장별 확인,,
버거킹,치즈버거,공식 메뉴,380.0,16.0,7.0,6.0,766.0,계란|우유|대두|밀|쇠고기|토마토,https://www.burgerking.co.kr/menu/main,2026-08-11,True,True,,,,,매장별 확인,,
버거킹,불고기버거,공식 메뉴,0.0,0.0,0.0,0.0,0.0,,https://www.burgerking.co.kr/menu/main,2026-08-11,True,True,,,,,매장별 확인,,
버거킹,크리미모짜볼(5조각),공식 메뉴,198.0,7.0,1.0,4.0,124.0,계란|우유|대두|밀,https://www.burgerking.co.kr/menu/main,2026-08-11,True,True,,,,,매장별 확인,,
버거킹,크리미모짜볼(10조각),공식 메뉴,395.0,14.0,1.0,9.0,248.0,계란|우유|대두|밀,https://www.burgerking.co.kr/menu/main,2026-08-11,True,True,,,,,매장별 확인,,
버거킹,코코넛슈림프(9조각)+스위트칠리소스,공식 메뉴,548.0,15.0,11.0,13.0,1104.0,계란|대두|밀|새우,https://www.burgerking.co.kr/menu/main,2026-08-11,True,True,,,,,매장별 확인,,
버거킹,콰트로치즈 와퍼주니어,공식 메뉴,470.0,21.0,10.0,4.0,833.0,계란|우유|대두|밀|쇠고기|토마토,https://www.burgerking.co.kr/menu/main,2026-08-11,True,True,,,,,매장별 확인,,
버거킹,미닛메이드 오렌지,공식 메뉴,112.0,1.9,0.0,22.0,95.0,,https://www.burgerking.co.kr/menu/main,2026-08-11,True,True,,,,,매장별 확인,,
버거킹,더블와퍼,공식 메뉴,0.0,0.0,0.0,0.0,0.0,,https://www.burgerking.co.kr/menu/main,2026-08-11,True,True,,,,,매장별 확인,,
버거킹,베이컨치즈와퍼,공식 메뉴,844.0,37.0,19.0,8.0,1654.0,계란|우유|대두|밀|돼지고기|쇠고기|토마토,https://www.burgerking.co.kr/menu/main,2026-08-11,True,True,,,,,매장별 확인,,
버거킹,치즈와퍼,공식 메뉴,799.0,35.0,18.0,7.0,1571.0,계란|우유|대두|밀|쇠고기|토마토,https://www.burgerking.co.kr/menu/main,2026-08-11,True,True,,,,,매장별 확인,,
버거킹,매콤치즈 시즈닝,공식 메뉴,9.0,0.0,0.0,1.0,250.0,대두,https://www.burgerking.co.kr/menu/main,2026-08-11,True,True,,,,,매장별 확인,,
버거킹,할라피뇨4 추가,공식 메뉴,6.0,0.08,0.0,1.0,108.0,,https://www.burgerking.co.kr/menu/main,2026-08-11,True,True,,,,,매장별 확인,,
버거킹,스윗사우전소스,공식 메뉴,0.0,0.0,0.0,0.0,0.0,,https://www.burgerking.co.kr/menu/main,2026-08-11,True,True,,,,,매장별 확인,,
버거킹,바삭킹2조각,공식 메뉴,272.0,15.0,5.0,1.7,497.0,대두|밀|쇠고기|닭고기,https://www.burgerking.co.kr/menu/main,2026-08-11,True,True,,,,,매장별 확인,,
버거킹,콘 아이스크림,공식 메뉴,133.0,3.0,2.1,12.6,74.0,밀,https://www.burgerking.co.kr/menu/main,2026-08-11,True,True,,,,,매장별 확인,,
버거킹,쉐이킹프라이 구운갈릭,공식 메뉴,292.0,4.0,3.1,0.5,634.0,우유|대두|밀|토마토,https://www.burgerking.co.kr/menu/main,2026-08-11,True,True,,,,,매장별 확인,,
버거킹,무료 캔콜라,공식 메뉴,0.0,0.0,0.0,0.0,0.0,,https://www.burgerking.co.kr/menu/main,2026-08-11,True,True,,,,,매장별 확인,,
버거킹,스테이크패티,공식 메뉴,309.0,19.0,11.1,0.7,425.0,밀|쇠고기|조개류,https://www.burgerking.co.kr/menu/main,2026-08-11,True,True,,,,,매장별 확인,,
버거킹,바삭킹8조각+디아블로소스,공식 메뉴,1127.0,59.0,20.1,14.1,2279.0,대두|밀|쇠고기|닭고기|토마토,https://www.burgerking.co.kr/menu/main,2026-08-11,True,True,,,,,매장별 확인,,
버거킹,밀크 선데,공식 메뉴,165.0,1.0,3.0,27.0,116.0,우유,https://www.burgerking.co.kr/menu/main,2026-08-11,True,True,,,,,매장별 확인,,
버거킹,초코 선데,공식 메뉴,232.0,2.0,3.0,38.0,147.0,우유|대두,https://www.burgerking.co.kr/menu/main,2026-08-11,True,True,,,,,매장별 확인,,
버거킹,바삭킹8조각,공식 메뉴,1088.0,59.0,20.1,6.7,1986.0,대두|밀|쇠고기|닭고기,https://www.burgerking.co.kr/menu/main,2026-08-11,True,True,,,,,매장별 확인,,
버거킹,치즈와퍼주니어,공식 메뉴,422.0,18.0,7.0,4.0,778.0,계란|우유|대두|밀|쇠고기|토마토,https://www.burgerking.co.kr/menu/main,2026-08-11,True,True,,,,,매장별 확인,,
버거킹,할라피뇨와퍼,공식 메뉴,625.0,29.0,13.0,11.5,917.0,계란|대두|밀|쇠고기|토마토,https://www.burgerking.co.kr/menu/main,2026-08-11,True,True,,,,,매장별 확인,,
버거킹,아메리카노,공식 메뉴,10.0,0.3,0.0,0.0,0.0,,https://www.burgerking.co.kr/menu/main,2026-08-11,True,True,,,,,매장별 확인,,
버거킹,아이스아메리카노,공식 메뉴,8.0,0.5,0.0,0.0,0.0,,https://www.burgerking.co.kr/menu/main,2026-08-11,True,True,,,,,매장별 확인,,
버거킹,콰트로치즈와퍼,공식 메뉴,887.0,43.0,21.0,6.0,1647.0,계란|우유|대두|밀|쇠고기|토마토,https://www.burgerking.co.kr/menu/main,2026-08-11,True,True,,,,,매장별 확인,,
버거킹,통다리치킨버거,공식 메뉴,0.0,0.0,0.0,0.0,0.0,,https://www.burgerking.co.kr/menu/main,2026-08-11,True,True,,,,,매장별 확인,,
버거킹,아이스초코,공식 메뉴,305.0,3.0,2.0,40.0,172.0,우유,https://www.burgerking.co.kr/menu/main,2026-08-11,True,True,,,,,매장별 확인,,
버거킹,치킨버거,공식 메뉴,532.0,18.0,7.0,4.0,840.0,계란|우유|대두|밀|닭고기,https://www.burgerking.co.kr/menu/main,2026-08-11,True,True,,,,,매장별 확인,,
버거킹,쉐이킹프라이 스윗어니언,공식 메뉴,297.0,4.0,3.0,1.29,486.0,우유|대두,https://www.burgerking.co.kr/menu/main,2026-08-11,True,True,,,,,매장별 확인,,
버거킹,블랙바비큐콰트로치즈와퍼,공식 메뉴,981.0,46.0,24.0,10.0,1601.0,계란|우유|대두|밀|돼지고기|쇠고기|토마토|오징어,https://www.burgerking.co.kr/menu/main,2026-08-11,True,True,,,,,매장별 확인,,
버거킹,코울슬로,공식 메뉴,155.0,1.0,0.9,9.0,210.0,계란|대두,https://www.burgerking.co.kr/menu/main,2026-08-11,True,True,,,,,매장별 확인,,
버거킹,할라피뇨2 추가,공식 메뉴,3.0,0.04,0.0,0.5,54.0,,https://www.burgerking.co.kr/menu/main,2026-08-11,True,True,,,,,매장별 확인,,
버거킹,스윗어니언 시즈닝,공식 메뉴,8.0,0.0,0.0,2.0,140.0,우유,https://www.burgerking.co.kr/menu/main,2026-08-11,True,True,,,,,매장별 확인,,
버거킹,콘샐러드,공식 메뉴,127.0,2.0,1.0,4.0,230.0,계란|대두,https://www.burgerking.co.kr/menu/main,2026-08-11,True,True,,,,,매장별 확인,,
버거킹,구운갈릭 시즈닝,공식 메뉴,8.0,0.0,0.0,2.0,150.0,밀,https://www.burgerking.co.kr/menu/main,2026-08-11,True,True,,,,,매장별 확인,,
버거킹,할라피뇨와퍼주니어,공식 메뉴,0.0,0.0,0.0,0.0,0.0,,https://www.burgerking.co.kr/menu/main,2026-08-11,True,True,,,,,매장별 확인,,
버거킹,바비큐치킨버거,공식 메뉴,479.0,18.0,5.0,7.0,792.0,계란|우유|대두|밀|닭고기|토마토,https://www.burgerking.co.kr/menu/main,2026-08-11,True,True,,,,,매장별 확인,,
버거킹,핫페퍼소스,공식 메뉴,0.0,0.0,0.0,0.0,0.0,,https://www.burgerking.co.kr/menu/main,2026-08-11,True,True,,,,,매장별 확인,,
버거킹,통새우추가,공식 메뉴,5.0,1.0,0.0,0.0,46.0,대두|새우,https://www.burgerking.co.kr/menu/main,2026-08-11,True,True,,,,,매장별 확인,,
버거킹,와퍼주니어,공식 메뉴,376.0,17.0,5.0,4.0,556.0,계란|대두|밀|쇠고기|토마토,https://www.burgerking.co.kr/menu/main,2026-08-11,True,True,,,,,매장별 확인,,
버거킹,통새우와퍼주니어,공식 메뉴,414.0,17.0,7.0,5.0,658.0,계란|우유|대두|밀|새우|쇠고기|토마토,https://www.burgerking.co.kr/menu/main,2026-08-11,True,True,,,,,매장별 확인,,
버거킹,코카콜라,공식 메뉴,0.0,0.0,0.0,0.0,0.0,,https://www.burgerking.co.kr/menu/main,2026-08-11,True,True,,,,,매장별 확인,,
버거킹,블랙바비큐와퍼,공식 메뉴,783.0,39.0,15.0,16.0,1300.0,계란|우유|대두|밀|돼지고기|쇠고기|토마토|오징어,https://www.burgerking.co.kr/menu/main,2026-08-11,True,True,,,,,매장별 확인,,
버거킹,몬스터 주니어,공식 메뉴,687.0,30.0,13.0,7.0,1293.0,계란|우유|대두|밀|쇠고기|닭고기|토마토,https://www.burgerking.co.kr/menu/main,2026-08-11,True,True,,,,,매장별 확인,,
버거킹,크리미칠리소스,공식 메뉴,0.0,0.0,0.0,0.0,0.0,,https://www.burgerking.co.kr/menu/main,2026-08-11,True,True,,,,,매장별 확인,,
버거킹,선데바닐라,공식 메뉴,0.0,0.0,0.0,0.0,0.0,,https://www.burgerking.co.kr/menu/main,2026-08-11,True,True,,,,,매장별 확인,,
버거킹,통모짜와퍼주니어,공식 메뉴,791.0,31.0,13.0,7.0,1302.0,계란|우유|대두|밀|쇠고기|토마토,https://www.burgerking.co.kr/menu/main,2026-08-11,True,True,,,,,매장별 확인,,
버거킹,불끈버거 맥시멈,공식 메뉴,1023.0,48.0,20.0,12.0,2760.0,계란|우유|대두|밀|새우|쇠고기|토마토,https://www.burgerking.co.kr/menu/main,2026-08-11,True,True,,,,,매장별 확인,,
버거킹,앵그리너겟킹 8조각,공식 메뉴,436.0,25.0,6.0,0.8,1119.0,대두|밀|닭고기,https://www.burgerking.co.kr/menu/main,2026-08-11,True,True,,,,,매장별 확인,,
버거킹,통모짜와퍼,공식 메뉴,1039.0,46.0,20.0,6.0,2064.0,계란|우유|대두|밀|쇠고기|토마토,https://www.burgerking.co.kr/menu/main,2026-08-11,True,True,,,,,매장별 확인,,
버거킹,트러플머쉬룸와퍼,공식 메뉴,735.0,37.0,13.0,13.0,1191.0,계란|우유|대두|밀|돼지고기|쇠고기|토마토,https://www.burgerking.co.kr/menu/main,2026-08-11,True,True,,,,,매장별 확인,,
버거킹,망고 선데,공식 메뉴,179.0,2.0,2.0,34.0,61.0,우유|복숭아,https://www.burgerking.co.kr/menu/main,2026-08-11,True,True,,,,,매장별 확인,,
버거킹,블루치즈소스 추가,공식 메뉴,0.0,0.0,0.0,0.0,0.0,,https://www.burgerking.co.kr/menu/main,2026-08-11,True,True,,,,,매장별 확인,,
버거킹,앵그리 너겟킹 10조각,공식 메뉴,545.0,31.0,7.0,1.0,1398.0,대두|밀|닭고기,https://www.burgerking.co.kr/menu/main,2026-08-11,True,True,,,,,매장별 확인,,
버거킹,치킨킹BLT,공식 메뉴,739.0,25.0,11.0,12.0,1065.0,계란|우유|대두|밀|돼지고기|쇠고기|닭고기|토마토,https://www.burgerking.co.kr/menu/main,2026-08-11,True,True,,,,,매장별 확인,,
버거킹,불끈버거 맥시멈 더블,공식 메뉴,1278.0,66.0,30.0,13.0,2980.0,계란|우유|대두|밀|새우|쇠고기|토마토,https://www.burgerking.co.kr/menu/main,2026-08-11,True,True,,,,,매장별 확인,,
버거킹,스위트 칠리소스,공식 메뉴,22.0,0.0,0.0,0.0,0.0,대두|토마토,https://www.burgerking.co.kr/menu/main,2026-08-11,True,True,,,,,매장별 확인,,
버거킹,불고기와퍼,공식 메뉴,738.0,31.0,13.0,10.0,1137.0,계란|대두|밀|쇠고기|토마토,https://www.burgerking.co.kr/menu/main,2026-08-11,True,True,,,,,매장별 확인,,
버거킹,더블트러플머쉬룸와퍼,공식 메뉴,960.0,54.0,22.0,15.0,1269.0,계란|우유|대두|밀|돼지고기|쇠고기|토마토,https://www.burgerking.co.kr/menu/main,2026-08-11,True,True,,,,,매장별 확인,,
버거킹,해쉬브라운,공식 메뉴,182.0,1.3,2.5,0.2,382.0,대두,https://www.burgerking.co.kr/menu/main,2026-08-11,True,True,,,,,매장별 확인,,
버거킹,트러플치즈프라이,공식 메뉴,403.0,8.0,8.0,1.9,608.0,계란|우유|대두|밀,https://www.burgerking.co.kr/menu/main,2026-08-11,True,True,,,,,매장별 확인,,
버거킹,통새우맥시멈3,공식 메뉴,1325.0,79.0,32.0,13.0,1864.0,계란|우유|대두|밀|새우|쇠고기|토마토,https://www.burgerking.co.kr/menu/main,2026-08-11,True,True,,,,,매장별 확인,,
버거킹,스태커3와퍼,공식 메뉴,1421.0,84.0,42.1,11.4,2559.0,계란|우유|대두|밀|쇠고기|토마토,https://www.burgerking.co.kr/menu/main,2026-08-11,True,True,,,,,매장별 확인,,
버거킹,스태커4와퍼,공식 메뉴,1707.0,105.0,51.8,11.9,3067.0,계란|우유|대두|밀|쇠고기|토마토,https://www.burgerking.co.kr/menu/main,2026-08-11,True,True,,,,,매장별 확인,,
버거킹,소불고기패티,공식 메뉴,181.0,8.0,5.5,2.1,214.0,계란|대두|밀|쇠고기,https://www.burgerking.co.kr/menu/main,2026-08-11,True,True,,,,,매장별 확인,,
버거킹,불맛 더블치즈베이컨버거,공식 메뉴,977.0,59.0,28.0,11.0,2295.0,우유|대두|밀|돼지고기|쇠고기|토마토,https://www.burgerking.co.kr/menu/main,2026-08-11,True,True,,,,,매장별 확인,,
버거킹,스파이시소스 추가,공식 메뉴,0.0,0.0,0.0,0.0,0.0,,https://www.burgerking.co.kr/menu/main,2026-08-11,True,True,,,,,매장별 확인,,
버거킹,치킨킹,공식 메뉴,673.0,24.0,10.0,8.0,1037.0,계란|우유|대두|밀|쇠고기|닭고기,https://www.burgerking.co.kr/menu/main,2026-08-11,True,True,,,,,매장별 확인,,
버거킹,더블비프불고기버거,공식 메뉴,565.0,26.0,12.0,6.0,796.0,계란|우유|대두|밀|쇠고기,https://www.burgerking.co.kr/menu/main,2026-08-11,True,True,,,,,매장별 확인,,
버거킹,코코넛슈림프(6조각)+스위트칠리소스,공식 메뉴,382.0,10.0,7.0,12.0,804.0,계란|대두|밀|새우,https://www.burgerking.co.kr/menu/main,2026-08-11,True,True,,,,,매장별 확인,,
버거킹,슈림프버거,공식 메뉴,516.0,14.0,6.0,6.0,1080.0,계란|우유|대두|밀|새우,https://www.burgerking.co.kr/menu/main,2026-08-11,True,True,,,,,매장별 확인,,
버거킹,더블오리지널치즈버거,공식 메뉴,533.0,27.0,12.0,5.0,728.0,계란|우유|대두|밀|쇠고기|토마토,https://www.burgerking.co.kr/menu/main,2026-08-11,True,True,,,,,매장별 확인,,
버거킹,오믈렛킹모닝,공식 메뉴,496.0,15.0,8.0,5.0,952.0,계란|우유|대두|밀,https://www.burgerking.co.kr/menu/main,2026-08-11,True,True,,,,,매장별 확인,,
버거킹,비프&슈림프버거,공식 메뉴,640.0,24.0,9.0,6.0,1122.0,계란|우유|대두|밀|새우|쇠고기|토마토,https://www.burgerking.co.kr/menu/main,2026-08-11,True,True,,,,,매장별 확인,,
버거킹,어니언링,공식 메뉴,306.0,5.0,3.0,6.0,333.0,대두|밀,https://www.burgerking.co.kr/menu/main,2026-08-11,True,True,,,,,매장별 확인,,
버거킹,풀드비프 와퍼,공식 메뉴,837.0,38.0,14.0,17.0,1362.0,계란|우유|대두|밀|쇠고기|토마토,https://www.burgerking.co.kr/menu/main,2026-08-11,True,True,,,,,매장별 확인,,
버거킹,콰트로치즈 풀드비프 와퍼,공식 메뉴,904.0,40.0,22.0,9.0,1794.0,계란|우유|대두|밀|쇠고기|토마토|오징어,https://www.burgerking.co.kr/menu/main,2026-08-11,True,True,,,,,매장별 확인,,
버거킹,바삭킹4조각,공식 메뉴,544.0,29.0,10.0,3.4,993.0,대두|밀|쇠고기|닭고기,https://www.burgerking.co.kr/menu/main,2026-08-11,True,True,,,,,매장별 확인,,
버거킹,베이컨 치폴레 랜치소스,공식 메뉴,0.0,0.0,0.0,0.0,0.0,,https://www.burgerking.co.kr/menu/main,2026-08-11,True,True,,,,,매장별 확인,,
버거킹,스모키마요롱치킨버거,공식 메뉴,0.0,0.0,0.0,0.0,0.0,,https://www.burgerking.co.kr/menu/main,2026-08-11,True,True,,,,,매장별 확인,,
버거킹,통새우맥시멈2,공식 메뉴,1093.0,62.0,26.0,10.0,1551.0,계란|우유|대두|밀|새우|쇠고기|토마토,https://www.burgerking.co.kr/menu/main,2026-08-11,True,True,,,,,매장별 확인,,
버거킹,스파이시사우전소스추가,공식 메뉴,0.0,0.0,0.0,0.0,0.0,,https://www.burgerking.co.kr/menu/main,2026-08-11,True,True,,,,,매장별 확인,,
버거킹,스태커2와퍼,공식 메뉴,1080.0,58.0,29.3,8.9,1828.0,계란|우유|대두|밀|쇠고기|토마토,https://www.burgerking.co.kr/menu/main,2026-08-11,True,True,,,,,매장별 확인,,
버거킹,콰트로치즈X,공식 메뉴,820.0,35.0,21.1,9.4,1625.0,계란|우유|대두|밀|쇠고기|닭고기|토마토|조개류,https://www.burgerking.co.kr/menu/main,2026-08-11,True,True,,,,,매장별 확인,,
버거킹,스파이시크랩버거,공식 메뉴,0.0,0.0,0.0,0.0,0.0,,https://www.burgerking.co.kr/menu/main,2026-08-11,True,True,,,,,매장별 확인,,
버거킹,더블통모짜와퍼,공식 메뉴,1277.0,65.0,26.0,7.0,1740.0,계란|우유|대두|밀|쇠고기|토마토,https://www.burgerking.co.kr/menu/main,2026-08-11,True,True,,,,,매장별 확인,,
버거킹,몬스터X,공식 메뉴,1010.0,47.0,20.0,16.0,1906.0,계란|우유|대두|밀|돼지고기|쇠고기|닭고기|토마토|조개류,https://www.burgerking.co.kr/menu/main,2026-08-11,True,True,,,,,매장별 확인,,
버거킹,불고기몬스터,공식 메뉴,661.0,29.0,11.0,12.0,1260.0,계란|우유|대두|밀|쇠고기|닭고기|토마토,https://www.burgerking.co.kr/menu/main,2026-08-11,True,True,,,,,매장별 확인,,
버거킹,통새우슈림프버거,공식 메뉴,512.0,16.0,5.0,8.0,1077.0,계란|우유|대두|밀|새우,https://www.burgerking.co.kr/menu/main,2026-08-11,True,True,,,,,매장별 확인,,
버거킹,불고기와퍼주니어,공식 메뉴,413.0,16.0,6.0,5.0,617.0,계란|대두|밀|쇠고기|토마토,https://www.burgerking.co.kr/menu/main,2026-08-11,True,True,,,,,매장별 확인,,
버거킹,타바스코 소스,공식 메뉴,0.0,0.0,0.0,0.0,0.0,,https://www.burgerking.co.kr/menu/main,2026-08-11,True,True,,,,,매장별 확인,,
버거킹,불맛 더블치즈버거,공식 메뉴,940.0,59.0,29.0,10.0,2140.0,우유|대두|밀|쇠고기|토마토,https://www.burgerking.co.kr/menu/main,2026-08-11,True,True,,,,,매장별 확인,,
버거킹,통새우맥시멈4,공식 메뉴,1555.0,98.0,41.0,11.0,1877.0,계란|우유|대두|밀|새우|쇠고기|토마토,https://www.burgerking.co.kr/menu/main,2026-08-11,True,True,,,,,매장별 확인,,
버거킹,트러플머쉬룸와퍼주니어,공식 메뉴,399.0,18.0,6.0,8.0,711.0,계란|우유|대두|밀|돼지고기|쇠고기|토마토,https://www.burgerking.co.kr/menu/main,2026-08-11,True,True,,,,,매장별 확인,,
버거킹,쉐이킹프라이 매콤치즈,공식 메뉴,287.0,4.0,3.1,0.6,687.0,우유|대두,https://www.burgerking.co.kr/menu/main,2026-08-11,True,True,,,,,매장별 확인,,
버거킹,스파이시 풀드비프 와퍼,공식 메뉴,781.0,39.0,13.0,21.0,1594.0,계란|대두|밀|쇠고기|토마토,https://www.burgerking.co.kr/menu/main,2026-08-11,True,True,,,,,매장별 확인,,
버거킹,두툼버거,공식 메뉴,986.0,52.0,18.0,14.0,1923.0,계란|우유|대두|밀|돼지고기|쇠고기|닭고기|토마토|오징어,https://www.burgerking.co.kr/menu/main,2026-08-11,True,True,,,,,매장별 확인,,
버거킹,딥 트러플 머쉬룸 더블,공식 메뉴,996.0,52.0,24.0,5.0,1258.0,계란|우유|대두|밀|쇠고기,https://www.burgerking.co.kr/menu/main,2026-08-11,True,True,,,,,매장별 확인,,
버거킹,딥 트러플 프라이,공식 메뉴,384.0,4.0,6.0,2.0,529.0,계란|우유|대두|밀,https://www.burgerking.co.kr/menu/main,2026-08-11,True,True,,,,,매장별 확인,,
버거킹,초코 망고 선데,공식 메뉴,246.0,3.0,2.0,45.0,92.0,우유|대두|복숭아,https://www.burgerking.co.kr/menu/main,2026-08-11,True,True,,,,,매장별 확인,,
버거킹,갈릭불고기와퍼,공식 메뉴,768.0,31.0,12.0,9.0,1007.0,계란|대두|밀|쇠고기|토마토,https://www.burgerking.co.kr/menu/main,2026-08-11,True,True,,,,,매장별 확인,,
버거킹,앵그리 너겟킹 4조각,공식 메뉴,218.0,12.0,3.0,0.4,559.0,대두|밀|닭고기,https://www.burgerking.co.kr/menu/main,2026-08-11,True,True,,,,,매장별 확인,,
버거킹,핫초코,공식 메뉴,214.0,3.0,1.0,38.0,161.0,우유,https://www.burgerking.co.kr/menu/main,2026-08-11,True,True,,,,,매장별 확인,,
버거킹,바비큐소스 추가,공식 메뉴,0.0,0.0,0.0,0.0,0.0,,https://www.burgerking.co.kr/menu/main,2026-08-11,True,True,,,,,매장별 확인,,
버거킹,불끈버거,공식 메뉴,0.0,0.0,0.0,0.0,0.0,계란|우유|대두|밀|새우|쇠고기|토마토,https://www.burgerking.co.kr/menu/main,2026-08-11,True,True,,,,,매장별 확인,,
버거킹,두툼버거 더블,공식 메뉴,1269.0,73.0,24.0,14.0,2157.0,계란|우유|대두|밀|돼지고기|쇠고기|닭고기|토마토|오징어,https://www.burgerking.co.kr/menu/main,2026-08-11,True,True,,,,,매장별 확인,,
버거킹,리치브라운소스,공식 메뉴,39.0,0.0,0.0,0.0,0.0,계란|우유|대두|토마토,https://www.burgerking.co.kr/menu/main,2026-08-11,True,True,,,,,매장별 확인,,
버거킹,비프불고기버거,공식 메뉴,384.0,15.0,5.0,5.0,492.0,계란|우유|대두|밀|쇠고기,https://www.burgerking.co.kr/menu/main,2026-08-11,True,True,,,,,매장별 확인,,
버거킹,더오치 맥시멈3,공식 메뉴,1499.0,81.0,44.0,11.0,3094.0,계란|우유|대두|밀|쇠고기|토마토,https://www.burgerking.co.kr/menu/main,2026-08-11,True,True,,,,,매장별 확인,,
버거킹,펜타치즈와퍼,공식 메뉴,857.0,43.0,24.0,8.0,1520.0,계란|우유|대두|밀|쇠고기|토마토,https://www.burgerking.co.kr/menu/main,2026-08-11,True,True,,,,,매장별 확인,,
버거킹,스모크 비프립 와퍼,공식 메뉴,811.0,37.0,14.0,17.0,1417.0,계란|대두|밀|쇠고기|토마토,https://www.burgerking.co.kr/menu/main,2026-08-11,True,True,,,,,매장별 확인,,
버거킹,트러플소스,공식 메뉴,35.0,0.2,1.2,1.2,80.0,계란|우유|대두|밀,https://www.burgerking.co.kr/menu/main,2026-08-11,True,True,,,,,매장별 확인,,
버거킹,크리스퍼 텐더,공식 메뉴,176.0,11.0,1.0,1.0,361.0,대두|밀|닭고기,https://www.burgerking.co.kr/menu/main,2026-08-11,True,True,,,,,매장별 확인,,
버거킹,베이비 콰트로치즈,공식 메뉴,406.0,19.0,11.0,4.0,621.0,계란|우유|대두|밀|쇠고기|토마토,https://www.burgerking.co.kr/menu/main,2026-08-11,True,True,,,,,매장별 확인,,
버거킹,블랙페퍼 치즈 소스,공식 메뉴,61.0,0.1,1.0,0.7,103.0,계란|우유|대두,https://www.burgerking.co.kr/menu/main,2026-08-11,True,True,,,,,매장별 확인,,
버거킹,브라운 페퍼콘 소스,공식 메뉴,40.0,0.2,0.6,1.2,103.0,계란|대두|밀|쇠고기|토마토,https://www.burgerking.co.kr/menu/main,2026-08-11,True,True,,,,,매장별 확인,,
버거킹,잠봉햄&치즈 크루아상위치 세트,공식 메뉴,689.0,17.0,16.0,7.0,1212.0,계란|우유|대두|밀|돼지고기,https://www.burgerking.co.kr/menu/main,2026-08-11,True,True,,,,,매장별 확인,,
버거킹,핫트러플소스,공식 메뉴,57.0,0.0,0.9,1.0,113.0,계란|대두|쇠고기|토마토,https://www.burgerking.co.kr/menu/main,2026-08-11,True,True,,,,,매장별 확인,,
버거킹,엘파소 치폴레 소스,공식 메뉴,24.0,0.0,0.3,1.0,142.0,계란|우유|대두|밀|돼지고기|토마토,https://www.burgerking.co.kr/menu/main,2026-08-11,True,True,,,,,매장별 확인,,
버거킹,베이비 불고기,공식 메뉴,333.0,14.0,5.0,5.0,368.0,계란|대두|밀|쇠고기|토마토,https://www.burgerking.co.kr/menu/main,2026-08-11,True,True,,,,,매장별 확인,,
버거킹,베이비 통새우,공식 메뉴,332.0,15.0,6.0,3.0,497.0,계란|우유|대두|밀|새우|쇠고기|토마토,https://www.burgerking.co.kr/menu/main,2026-08-11,True,True,,,,,매장별 확인,,
버거킹,콰트로페퍼 큐브스테이크 와퍼,공식 메뉴,773.0,43.0,15.0,9.0,1714.0,계란|우유|대두|밀|쇠고기|토마토,https://www.burgerking.co.kr/menu/main,2026-08-11,True,True,,,,,매장별 확인,,
버거킹,펜타치즈와퍼 라지세트,공식 메뉴,1442.0,48.0,28.0,64.0,1984.0,계란|우유|대두|밀|쇠고기|토마토,https://www.burgerking.co.kr/menu/main,2026-08-11,True,True,,,,,매장별 확인,,
버거킹,치킨 치즈 마요 버거,공식 메뉴,640.0,20.0,10.0,4.0,1122.0,계란|우유|대두|밀|닭고기,https://www.burgerking.co.kr/menu/main,2026-08-11,True,True,,,,,매장별 확인,,
버거킹,BLT 오믈렛 크루아상위치,공식 메뉴,547.0,15.0,14.0,8.0,768.0,계란|우유|대두|밀|돼지고기|토마토,https://www.burgerking.co.kr/menu/main,2026-08-11,True,True,,,,,매장별 확인,,
버거킹,불고기 롱치킨버거,공식 메뉴,691.0,23.0,7.0,7.0,1434.0,계란|대두|밀|닭고기,https://www.burgerking.co.kr/menu/main,2026-08-11,True,True,,,,,매장별 확인,,
버거킹,크리스퍼 불닭 치킨,공식 메뉴,494.0,25.0,6.0,7.0,1442.0,계란|우유|대두|밀|쇠고기|닭고기,https://www.burgerking.co.kr/menu/main,2026-08-11,True,True,,,,,매장별 확인,,
버거킹,크리스퍼 클래식,공식 메뉴,569.0,25.0,6.0,9.0,1390.0,계란|우유|대두|밀|쇠고기|닭고기,https://www.burgerking.co.kr/menu/main,2026-08-11,True,True,,,,,매장별 확인,,
버거킹,더오치 맥시멈 원파운더,공식 메뉴,1789.0,106.0,58.0,17.0,3351.0,계란|우유|대두|밀|쇠고기|토마토,https://www.burgerking.co.kr/menu/main,2026-08-11,True,True,,,,,매장별 확인,,
버거킹,크리스퍼 랩,공식 메뉴,359.0,12.0,3.0,4.0,651.0,계란|우유|대두|밀|닭고기,https://www.burgerking.co.kr/menu/main,2026-08-11,True,True,,,,,매장별 확인,,
버거킹,크리스퍼 마요 소스,공식 메뉴,51.0,0.1,0.7,1.3,89.0,계란|대두|닭고기,https://www.burgerking.co.kr/menu/main,2026-08-11,True,True,,,,,매장별 확인,,
버거킹,더 크리스퍼 베이컨&치즈,공식 메뉴,727.0,28.0,10.0,6.0,1553.0,계란|우유|대두|밀|돼지고기|쇠고기|닭고기|토마토,https://www.burgerking.co.kr/menu/main,2026-08-11,True,True,,,,,매장별 확인,,
버거킹,BLT 오믈렛 크루아상위치 콤보,공식 메뉴,557.0,15.0,14.0,8.0,768.0,계란|우유|대두|밀|돼지고기|토마토,https://www.burgerking.co.kr/menu/main,2026-08-11,True,True,,,,,매장별 확인,,
버거킹,비프 킹 랩,공식 메뉴,357.0,15.0,7.0,5.0,741.0,계란|우유|대두|밀|쇠고기|토마토,https://www.burgerking.co.kr/menu/main,2026-08-11,True,True,,,,,매장별 확인,,
버거킹,더 크리스퍼,공식 메뉴,696.0,26.0,9.0,5.0,1392.0,계란|대두|밀|쇠고기|닭고기|토마토,https://www.burgerking.co.kr/menu/main,2026-08-11,True,True,,,,,매장별 확인,,
버거킹,펜타치즈와퍼 세트,공식 메뉴,1285.0,47.0,27.0,47.0,1869.0,계란|우유|대두|밀|쇠고기|토마토,https://www.burgerking.co.kr/menu/main,2026-08-11,True,True,,,,,매장별 확인,,
버거킹,더오치 맥시멈2,공식 메뉴,1018.0,53.0,29.0,9.0,2045.0,계란|우유|대두|밀|쇠고기|토마토,https://www.burgerking.co.kr/menu/main,2026-08-11,True,True,,,,,매장별 확인,,
버거킹,버드와이저 캔(330ml),공식 메뉴,0.0,0.0,0.0,0.0,0.0,,https://www.burgerking.co.kr/menu/main,2026-08-11,True,True,,,,,매장별 확인,,
버거킹,브라우니큐브,공식 메뉴,64.0,0.5,2.8,5.8,17.0,계란|밀,https://www.burgerking.co.kr/menu/main,2026-08-11,True,True,,,,,매장별 확인,,
버거킹,터프페퍼 치즈프라이,공식 메뉴,414.0,8.0,5.0,3.0,482.0,계란|우유|대두|밀|쇠고기|토마토,https://www.burgerking.co.kr/menu/main,2026-08-11,True,True,,,,,매장별 확인,,
버거킹,치폴레 할라피뇨 파퍼,공식 메뉴,895.0,32.0,19.0,15.0,1316.0,계란|우유|대두|밀|돼지고기|쇠고기|토마토,https://www.burgerking.co.kr/menu/main,2026-08-11,True,True,,,,,매장별 확인,,
버거킹,스모크 바베큐 소스,공식 메뉴,17.5,0.2,0.0,3.1,81.0,대두|밀|토마토,https://www.burgerking.co.kr/menu/main,2026-08-11,True,True,,,,,매장별 확인,,
버거킹,갈릭불고기 맥시멈2,공식 메뉴,1076.0,54.0,24.0,7.0,1710.0,계란|우유|대두|밀|쇠고기,https://www.burgerking.co.kr/menu/main,2026-08-11,True,True,,,,,매장별 확인,,
버거킹,말차 킹퓨전,공식 메뉴,394.0,7.0,4.0,41.0,139.0,우유|대두|밀,https://www.burgerking.co.kr/menu/main,2026-08-11,True,True,,,,,매장별 확인,,
버거킹,애플 파이 로얄,공식 메뉴,188.0,2.0,2.5,6.0,120.0,대두|밀,https://www.burgerking.co.kr/menu/main,2026-08-11,True,True,,,,,매장별 확인,,
버거킹,킹플로트 소다,공식 메뉴,261.0,3.0,2.4,50.0,93.0,우유,https://www.burgerking.co.kr/menu/main,2026-08-11,True,True,,,,,매장별 확인,,
버거킹,오믈렛 크루아상위치 세트,공식 메뉴,667.0,12.0,14.0,7.0,861.0,계란|우유|대두|밀,https://www.burgerking.co.kr/menu/main,2026-08-11,True,True,,,,,매장별 확인,,
버거킹,오리지널스 메이플 갈릭,공식 메뉴,873.0,42.0,21.0,17.0,1081.0,계란|우유|대두|밀|돼지고기|쇠고기|토마토,https://www.burgerking.co.kr/menu/main,2026-08-11,True,True,,,,,매장별 확인,,
버거킹,잠봉햄&치즈 크루아상위치 콤보,공식 메뉴,517.0,15.0,13.0,7.0,917.0,계란|우유|대두|밀|돼지고기,https://www.burgerking.co.kr/menu/main,2026-08-11,True,True,,,,,매장별 확인,,
버거킹,터프페퍼 큐브스테이크,공식 메뉴,680.0,40.0,12.0,11.0,1154.0,계란|우유|대두|밀|돼지고기|쇠고기|토마토,https://www.burgerking.co.kr/menu/main,2026-08-11,True,True,,,,,매장별 확인,,
버거킹,스모크 비프립 샌드위치 버거,공식 메뉴,595.0,25.0,7.0,24.0,1192.0,계란|우유|대두|밀|쇠고기|토마토,https://www.burgerking.co.kr/menu/main,2026-08-11,True,True,,,,,매장별 확인,,
버거킹,고구마 크림치즈 파이 로얄,공식 메뉴,240.0,3.0,7.0,8.0,94.0,우유|대두|밀,https://www.burgerking.co.kr/menu/main,2026-08-11,True,True,,,,,매장별 확인,,
버거킹,킹플로트 메론,공식 메뉴,266.0,3.0,2.1,50.0,88.0,우유|대두,https://www.burgerking.co.kr/menu/main,2026-08-11,True,True,,,,,매장별 확인,,
버거킹,보일링 씨푸드 버거 디아블로,공식 메뉴,602.0,24.0,9.0,9.0,1348.0,계란|대두|밀|새우|게|쇠고기|토마토,https://www.burgerking.co.kr/menu/main,2026-08-11,True,True,,,,,매장별 확인,,
버거킹,아이스 카페라떼,공식 메뉴,73.0,4.0,2.2,3.0,34.0,우유,https://www.burgerking.co.kr/menu/main,2026-08-11,True,True,,,,,매장별 확인,,
버거킹,BLT 오믈렛 크루아상위치 세트,공식 메뉴,729.0,17.0,17.0,8.0,1063.0,계란|우유|대두|밀|돼지고기|토마토,https://www.burgerking.co.kr/menu/main,2026-08-11,True,True,,,,,매장별 확인,,
버거킹,미닛메이드 포도,공식 메뉴,126.0,1.0,0.0,28.0,16.0,,https://www.burgerking.co.kr/menu/main,2026-08-11,True,True,,,,,매장별 확인,,
버거킹,크리스퍼 치폴레,공식 메뉴,529.0,26.0,4.0,6.0,1611.0,계란|우유|대두|밀|돼지고기|쇠고기|닭고기|토마토,https://www.burgerking.co.kr/menu/main,2026-08-11,True,True,,,,,매장별 확인,,
버거킹,대~호 버거,공식 메뉴,788.0,36.0,19.0,10.0,1129.0,계란|우유|대두|밀|쇠고기,https://www.burgerking.co.kr/menu/main,2026-08-11,True,True,,,,,매장별 확인,,
버거킹,오리지널스 엘파소 치폴레,공식 메뉴,911.0,44.0,25.0,9.0,1338.0,계란|우유|대두|밀|돼지고기|쇠고기|토마토,https://www.burgerking.co.kr/menu/main,2026-08-11,True,True,,,,,매장별 확인,,
버거킹,치폴레 소스,공식 메뉴,21.0,0.2,0.0,3.2,138.0,대두|돼지고기|토마토,https://www.burgerking.co.kr/menu/main,2026-08-11,True,True,,,,,매장별 확인,,
버거킹,갈릭불고기 맥시멈3,공식 메뉴,1347.0,77.0,28.0,15.0,1902.0,계란|우유|대두|밀|쇠고기,https://www.burgerking.co.kr/menu/main,2026-08-11,True,True,,,,,매장별 확인,,
버거킹,스모크 베이컨 와퍼,공식 메뉴,870.0,40.0,15.0,15.0,1287.0,계란|대두|밀|돼지고기|쇠고기|토마토,https://www.burgerking.co.kr/menu/main,2026-08-11,True,True,,,,,매장별 확인,,
버거킹,불닭소스,공식 메뉴,31.0,0.4,0.6,2.5,124.0,계란|우유|대두|밀|쇠고기|닭고기,https://www.burgerking.co.kr/menu/main,2026-08-11,True,True,,,,,매장별 확인,,
버거킹,오믈렛 크루아상위치 콤보,공식 메뉴,495.0,10.0,11.0,7.0,566.0,계란|우유|대두|밀,https://www.burgerking.co.kr/menu/main,2026-08-11,True,True,,,,,매장별 확인,,
버거킹,초코 브라우니 킹퓨전,공식 메뉴,325.0,6.0,7.0,45.0,195.0,계란|우유|대두|밀,https://www.burgerking.co.kr/menu/main,2026-08-11,True,True,,,,,매장별 확인,,
버거킹,크리스퍼 랩 불닭 치킨,공식 메뉴,299.0,13.0,3.0,4.0,775.0,계란|우유|대두|밀|쇠고기|닭고기,https://www.burgerking.co.kr/menu/main,2026-08-11,True,True,,,,,매장별 확인,,
버거킹,크리스퍼 랩 양념 치킨,공식 메뉴,342.0,12.0,3.0,6.0,682.0,계란|우유|대두|밀|닭고기|토마토,https://www.burgerking.co.kr/menu/main,2026-08-11,True,True,,,,,매장별 확인,,
버거킹,오믈렛 크루아상위치,공식 메뉴,485.0,10.0,11.0,7.0,566.0,계란|우유|대두|밀,https://www.burgerking.co.kr/menu/main,2026-08-11,True,True,,,,,매장별 확인,,
버거킹,할라피뇨 파퍼 몬스터,공식 메뉴,1009.0,44.0,18.0,10.0,1644.0,계란|우유|대두|밀|돼지고기|쇠고기|닭고기|토마토,https://www.burgerking.co.kr/menu/main,2026-08-11,True,True,,,,,매장별 확인,,
버거킹,핫 트러플 머쉬룸 와퍼,공식 메뉴,724.0,35.0,14.0,7.0,1278.0,계란|우유|대두|밀|돼지고기|쇠고기|토마토,https://www.burgerking.co.kr/menu/main,2026-08-11,True,True,,,,,매장별 확인,,
버거킹,피스타치오 베이컨잼,공식 메뉴,31.0,0.2,0.0,5.4,56.0,대두|돼지고기|토마토,https://www.burgerking.co.kr/menu/main,2026-08-11,True,True,,,,,매장별 확인,,
버거킹,크리스퍼 클래식 BLT,공식 메뉴,591.0,28.0,6.0,7.0,1568.0,계란|우유|대두|밀|돼지고기|쇠고기|닭고기|토마토,https://www.burgerking.co.kr/menu/main,2026-08-11,True,True,,,,,매장별 확인,,
버거킹,크리스퍼 양념 치킨,공식 메뉴,662.0,27.0,7.0,16.0,1611.0,계란|우유|대두|밀|쇠고기|닭고기|토마토,https://www.burgerking.co.kr/menu/main,2026-08-11,True,True,,,,,매장별 확인,,
버거킹,갈릭불고기 맥시멈 원파운더,공식 메뉴,1694.0,93.0,45.0,18.0,2262.0,계란|우유|대두|밀|쇠고기,https://www.burgerking.co.kr/menu/main,2026-08-11,True,True,,,,,매장별 확인,,
버거킹,카라멜 버터쿠키 킹퓨전,공식 메뉴,299.0,6.0,5.0,42.0,321.0,우유|밀,https://www.burgerking.co.kr/menu/main,2026-08-11,True,True,,,,,매장별 확인,,
버거킹,오리지널스 뉴욕 스테이크,공식 메뉴,826.0,51.0,22.0,10.0,1762.0,계란|우유|대두|밀|돼지고기|쇠고기|토마토|조개류,https://www.burgerking.co.kr/menu/main,2026-08-11,True,True,,,,,매장별 확인,,
버거킹,너겟킹 8조각,공식 메뉴,294.0,17.0,4.0,0.7,843.0,대두|밀|닭고기,https://www.burgerking.co.kr/menu/main,2026-08-11,True,True,,,,,매장별 확인,,
버거킹,보일링 씨푸드 버거 버터갈릭,공식 메뉴,641.0,23.0,9.0,9.0,1345.0,계란|우유|대두|밀|새우|게|쇠고기,https://www.burgerking.co.kr/menu/main,2026-08-11,True,True,,,,,매장별 확인,,
버거킹,크리미 할라피뇨 파퍼,공식 메뉴,884.0,30.0,18.0,17.0,1125.0,계란|우유|대두|밀|돼지고기|쇠고기,https://www.burgerking.co.kr/menu/main,2026-08-11,True,True,,,,,매장별 확인,,
버거킹,갈릭메이플소스,공식 메뉴,30.0,0.1,0.0,6.1,40.3,대두|돼지고기|토마토,https://www.burgerking.co.kr/menu/main,2026-08-11,True,True,,,,,매장별 확인,,
버거킹,랠리쉬 소스,공식 메뉴,21.0,0.2,0.0,3.4,46.0,,https://www.burgerking.co.kr/menu/main,2026-08-11,True,True,,,,,매장별 확인,,
버거킹,딥 크런치 아포가토,공식 메뉴,182.0,5.0,3.0,29.0,150.0,우유,https://www.burgerking.co.kr/menu/main,2026-08-11,True,True,,,,,매장별 확인,,
버거킹,양념소스,공식 메뉴,42.0,0.2,0.0,7.0,101.0,대두|밀|토마토,https://www.burgerking.co.kr/menu/main,2026-08-11,True,True,,,,,매장별 확인,,
버거킹,콰트로X콰트로 큐브스테이크,공식 메뉴,833.0,42.0,18.0,9.0,1540.0,계란|우유|대두|밀|쇠고기|토마토,https://www.burgerking.co.kr/menu/main,2026-08-11,True,True,,,,,매장별 확인,,
버거킹,흑임자 킹퓨전,공식 메뉴,400.0,8.0,5.0,40.0,166.0,우유|대두|밀,https://www.burgerking.co.kr/menu/main,2026-08-11,True,True,,,,,매장별 확인,,
버거킹,잠봉햄&치즈오믈렛 크루아상위치,공식 메뉴,507.0,15.0,13.0,7.0,917.0,계란|우유|대두|밀|돼지고기,https://www.burgerking.co.kr/menu/main,2026-08-11,True,True,,,,,매장별 확인,,
버거킹,카페라떼,공식 메뉴,117.0,6.0,4.0,6.0,67.0,우유,https://www.burgerking.co.kr/menu/main,2026-08-11,True,True,,,,,매장별 확인,,
버거킹,크리스퍼 마늘 치킨,공식 메뉴,661.0,25.0,7.0,12.0,1579.0,계란|우유|대두|밀|돼지고기|쇠고기|닭고기|토마토,https://www.burgerking.co.kr/menu/main,2026-08-11,True,True,,,,,매장별 확인,,
스타벅스,씨솔트 카라멜 콜드 브루,콜드 브루,145.0,1.0,4.2,15.0,95.0,우유,https://www.starbucks.co.kr/menu/drink_view.do?product_cd=9200000004544,2026-08-11,True,True,https://www.starbucks.co.kr/menu/drink_view.do?product_cd=9200000004544,https://www.istarbucks.co.kr/upload/store/skuimg/2026/07/[9200000004544]_20260724080957146.jpg,구름 처럼 부드러운 씨솔트 폼과 번트 카라멜의 중독성 강한 단짠단짠 조합의 콜드 브루 한번 맛보면 자꾸 생각나는 매력적인 콜드 브루 음료를 만나보세요.,,매장별 확인,https://www.starbucks.co.kr/menu/drink_list.do,2026-08-11
스타벅스,코코 콜드 브루,콜드 브루,75.0,0.0,0.0,18.0,30.0,,https://www.starbucks.co.kr/menu/drink_view.do?product_cd=9200000007100,2026-08-11,True,True,https://www.starbucks.co.kr/menu/drink_view.do?product_cd=9200000007100,https://www.istarbucks.co.kr/upload/store/skuimg/2026/07/[9200000007100]_20260715084451181.jpg,여름철 즐기기 좋은 깔끔한 타입의 신규 콜드 브루 전해질이 풍부해 수분 보충에 좋은 코코넛 워터와 콜드 브루의 조화로움을 즐겨보세요,,매장별 확인,https://www.starbucks.co.kr/menu/drink_list.do,2026-08-11
스타벅스,나이트로 바닐라 크림,콜드 브루,80.0,1.0,2.0,10.0,40.0,우유,https://www.starbucks.co.kr/menu/drink_view.do?product_cd=9200000002487,2026-08-11,True,True,https://www.starbucks.co.kr/menu/drink_view.do?product_cd=9200000002487,https://www.istarbucks.co.kr/upload/store/skuimg/2025/06/[9200000002487]_20250626171201110.jpg,부드러운 목넘김의 나이트로 커피와 바닐라 크림의 매력을 한번에 느껴보세요!,,매장별 확인,https://www.starbucks.co.kr/menu/drink_list.do,2026-08-11
스타벅스,나이트로 콜드 브루,콜드 브루,5.0,0.0,0.0,0.0,5.0,,https://www.starbucks.co.kr/menu/drink_view.do?product_cd=9200000000479,2026-08-11,True,True,https://www.starbucks.co.kr/menu/drink_view.do?product_cd=9200000000479,https://www.istarbucks.co.kr/upload/store/skuimg/2025/06/[9200000000479]_20250626095418324.jpg,(나이트로 콜드 브루 매장 한정) 나이트로 커피 정통의 캐스케이딩과 부드러운 콜드 크레마! 부드러운 목 넘김과 완벽한 밸런스에 커피 본연의 단맛을 경험할 수 있습니다.,,매장별 확인,https://www.starbucks.co.kr/menu/drink_list.do,2026-08-11
스타벅스,돌체 콜드 브루,콜드 브루,170.0,4.0,6.0,17.0,65.0,우유,https://www.starbucks.co.kr/menu/drink_view.do?product_cd=9200000002081,2026-08-11,True,True,https://www.starbucks.co.kr/menu/drink_view.do?product_cd=9200000002081,https://www.istarbucks.co.kr/upload/store/skuimg/2025/06/[9200000002081]_20250626100020135.jpg,"무더운 여름철, 동남아 휴가지에서 즐기는 커피를 떠오르게 하는 스타벅스 음료의 베스트 x 베스트 조합인 돌체 콜드 브루를 만나보세요!",,매장별 확인,https://www.starbucks.co.kr/menu/drink_list.do,2026-08-11
스타벅스,리저브 나이트로,콜드 브루,5.0,0.0,0.0,0.0,0.0,,https://www.starbucks.co.kr/menu/drink_view.do?product_cd=9200000002407,2026-08-11,True,True,https://www.starbucks.co.kr/menu/drink_view.do?product_cd=9200000002407,https://www.istarbucks.co.kr/upload/store/skuimg/2021/02/[9200000002407]_20210225095106743.jpg,나이트로 커피 정통의 캐스케이딩과 부드러운 콜드 크레마! 부드러운 목 넘김과 완벽한 밸런스에 커피 본연의 단맛을 경험할 수 있습니다.,,매장별 확인,https://www.starbucks.co.kr/menu/drink_list.do,2026-08-11
스타벅스,리저브 콜드 브루,콜드 브루,5.0,0.0,0.0,0.0,0.0,,https://www.starbucks.co.kr/menu/drink_view.do?product_cd=9200000002093,2026-08-11,True,True,https://www.starbucks.co.kr/menu/drink_view.do?product_cd=9200000002093,https://www.istarbucks.co.kr/upload/store/skuimg/2024/03/[9200000002093]_20240318144604476.jpg,리저브 커피 마스터의 정성으로 차갑게 추출한 깊고 부드러운 풍미의 커피,,매장별 확인,https://www.starbucks.co.kr/menu/drink_list.do,2026-08-11
스타벅스,막걸리향 크림 콜드 브루,콜드 브루,300.0,3.0,13.0,32.0,65.0,우유,https://www.starbucks.co.kr/menu/drink_view.do?product_cd=9200000005282,2026-08-11,True,True,https://www.starbucks.co.kr/menu/drink_view.do?product_cd=9200000005282,https://www.istarbucks.co.kr/upload/store/skuimg/2024/05/[9200000005282]_20240509131200017.jpg,"산에서 만날 수 있는 특별한 경험을 모티브로해 달콤, 향긋한 비알코올 막걸리 향 크림과 고소한 쌀 토핑으로 즐길 수 있는 콜드 브루",,매장별 확인,https://www.starbucks.co.kr/menu/drink_list.do,2026-08-11
스타벅스,민트 콜드 브루,콜드 브루,100.0,0.0,0.0,23.0,0.0,,https://www.starbucks.co.kr/menu/drink_view.do?product_cd=9200000004312,2026-08-11,True,True,https://www.starbucks.co.kr/menu/drink_view.do?product_cd=9200000004312,https://www.istarbucks.co.kr/upload/store/skuimg/2022/10/[9200000004312]_20221005145029134.jpg,상쾌한 민트향 시럽과 잘게 갈린 얼음이 어우러져 시원함이 강렬하게 느껴지는 리저브만의 콜드 브루 음료,,매장별 확인,https://www.starbucks.co.kr/menu/drink_list.do,2026-08-11
스타벅스,바닐라 아인슈페너 콜드 브루,콜드 브루,115.0,1.0,6.0,7.0,20.0,우유,https://www.starbucks.co.kr/menu/drink_view.do?product_cd=9200000006945,2026-08-11,True,True,https://www.starbucks.co.kr/menu/drink_view.do?product_cd=9200000006945,https://www.istarbucks.co.kr/upload/store/skuimg/2026/04/[9200000006945]_20260415131227200.jpg,폭신한 바닐라 콜드 폼과 깊은 초콜릿 풍미의 콜드 브루가 만난 스타벅스의 아인슈페너. 음료와 잘 어울리는 스타벅스만의 콜드 폼으로 깔끔한 커피를 색다르게 즐겨보세요. ※ 해당 음료는 '콜드 폼'이 기본으로 포함되어 제공됩니다.,,매장별 확인,https://www.starbucks.co.kr/menu/drink_list.do,2026-08-11
스타벅스,바닐라 크림 콜드 브루,콜드 브루,120.0,3.0,5.0,10.0,35.0,우유,https://www.starbucks.co.kr/menu/drink_view.do?product_cd=9200000000487,2026-08-11,True,True,https://www.starbucks.co.kr/menu/drink_view.do?product_cd=9200000000487,https://www.istarbucks.co.kr/upload/store/skuimg/2025/06/[9200000000487]_20250626095703208.jpg,콜드 브루에 더해진 바닐라 크림으로 깔끔하면서 달콤한 콜드 브루를 새롭게 즐길 수 있는 음료입니다.,,매장별 확인,https://www.starbucks.co.kr/menu/drink_list.do,2026-08-11
스타벅스,베르가못 콜드 브루,콜드 브루,125.0,3.0,1.7,22.0,45.0,우유,https://www.starbucks.co.kr/menu/drink_view.do?product_cd=9200000005991,2026-08-11,True,True,https://www.starbucks.co.kr/menu/drink_view.do?product_cd=9200000005991,https://www.istarbucks.co.kr/upload/store/skuimg/2025/11/[9200000005991]_20251125104417629.jpg,은은하게 퍼지는 플로럴 향과 베르가못의 화사하고 우아한 시트러스 맛이 느껴지는 부드러운 콜드 브루,,매장별 확인,https://www.starbucks.co.kr/menu/drink_list.do,2026-08-11
스타벅스,블랙&화이트 콜드 브루,콜드 브루,175.0,1.0,12.0,12.0,70.0,우유,https://www.starbucks.co.kr/menu/drink_view.do?product_cd=9200000006301,2026-08-11,True,True,https://www.starbucks.co.kr/menu/drink_view.do?product_cd=9200000006301,https://www.istarbucks.co.kr/upload/store/skuimg/2025/07/[9200000006301]_20250703090404091.jpg,리저브 콜드 브루와 하우스 메이드 바닐라 빈 크림이 어우러진 아인슈페너 음료,,매장별 확인,https://www.starbucks.co.kr/menu/drink_list.do,2026-08-11
스타벅스,서울 막걸리향 콜드 브루,콜드 브루,205.0,3.0,2.1,38.0,55.0,우유,https://www.starbucks.co.kr/menu/drink_view.do?product_cd=9200000006938,2026-08-11,True,True,https://www.starbucks.co.kr/menu/drink_view.do?product_cd=9200000006938,https://www.istarbucks.co.kr/upload/store/skuimg/2026/03/[9200000006938]_20260304125135451.jpg,"한국 전통주 '막걸리’의 향미에서 영감을 받은 비알코올 쌀 베이스에, 스타벅스 콜드 브루의 깊고 부드러운 풍미가 조화를 이루는 새로운 스타일의 서울 특화 콜드 브루",,매장별 확인,https://www.starbucks.co.kr/menu/drink_list.do,2026-08-11
스타벅스,스모크드 콜드 패션드,콜드 브루,30.0,0.0,0.0,6.0,0.0,,https://www.starbucks.co.kr/menu/drink_view.do?product_cd=9200000006056,2026-08-11,True,True,https://www.starbucks.co.kr/menu/drink_view.do?product_cd=9200000006056,https://www.istarbucks.co.kr/upload/store/skuimg/2025/04/[9200000006056]_20250424105540077.jpg,스모키한 위스키의 풍미와 초콜릿 풍미의 리저브 커피가 어우러진 칵테일처럼 즐기는 콜드 브루 음료,,매장별 확인,https://www.starbucks.co.kr/menu/drink_list.do,2026-08-11
스타벅스,시그니처 더 블랙 콜드 브루,콜드 브루,25.0,0.0,0.0,0.0,50.0,,https://www.starbucks.co.kr/menu/drink_view.do?product_cd=9200000003661,2026-08-11,True,True,https://www.starbucks.co.kr/menu/drink_view.do?product_cd=9200000003661,https://www.istarbucks.co.kr/upload/store/skuimg/2025/06/[9200000003661]_20250626093642415.jpg,콜드 브루 전용 원두를 차가운 물로 매장에서 직접 추출하여 부드럽고 진한 풍미의 콜드브루를 언제 어디서나 편하게 즐겨보세요 (전용 보틀 /500ml),,매장별 확인,https://www.starbucks.co.kr/menu/drink_list.do,2026-08-11
스타벅스,여수 윤슬 헤이즐넛 콜드 브루,콜드 브루,240.0,5.0,9.0,27.0,80.0,우유,https://www.starbucks.co.kr/menu/drink_view.do?product_cd=9200000004750,2026-08-11,True,True,https://www.starbucks.co.kr/menu/drink_view.do?product_cd=9200000004750,https://www.istarbucks.co.kr/upload/store/skuimg/2025/06/[9200000004750]_20250626093847094.jpg,"햇빛이나 달빛에 비치어 반짝이는 잔물결이라는 ""윤슬""을 형상화한 헤이즐넛 콜드브루",,매장별 확인,https://www.starbucks.co.kr/menu/drink_list.do,2026-08-11
스타벅스,오트 콜드 브루,콜드 브루,110.0,1.0,3.0,14.0,85.0,,https://www.starbucks.co.kr/menu/drink_view.do?product_cd=9200000003285,2026-08-11,True,True,https://www.starbucks.co.kr/menu/drink_view.do?product_cd=9200000003285,https://www.istarbucks.co.kr/upload/store/skuimg/2025/06/[9200000003285]_20250626095600441.jpg,콜드 브루의 풍미와 깔끔한 오트음료(식물성 대체유)가 어우러진 달콤 고소한 라떼. 식물성 대체유를 사용해 모든 고객이 부담없이 즐길 수 있는 콜드 브루 음료,,매장별 확인,https://www.starbucks.co.kr/menu/drink_list.do,2026-08-11
스타벅스,제주 비자림 리저브 콜드 브루,콜드 브루,205.0,8.0,4.1,26.0,100.0,우유,https://www.starbucks.co.kr/menu/drink_view.do?product_cd=9200000005616,2026-08-11,True,True,https://www.starbucks.co.kr/menu/drink_view.do?product_cd=9200000005616,https://www.istarbucks.co.kr/upload/store/skuimg/2024/10/[9200000005616]_20241014134021881.jpg,리저브 콜드브루에 말차 돌체 베이스를 추가하여 제주 천년의 숲 비자림을 표현한 음료,,매장별 확인,https://www.starbucks.co.kr/menu/drink_list.do,2026-08-11
스타벅스,콜드 브루,콜드 브루,5.0,0.0,0.0,0.0,11.0,,https://www.starbucks.co.kr/menu/drink_view.do?product_cd=9200000004770,2026-08-11,True,True,https://www.starbucks.co.kr/menu/drink_view.do?product_cd=9200000004770,https://www.istarbucks.co.kr/upload/store/skuimg/2025/06/[9200000004770]_20250626175029778.jpg,스타벅스 바리스타의 정성으로 탄생한 콜드 브루! 콜드 브루 전용 원두를 차가운 물로 추출하여 한정된 양만 제공됩니다. 실크같이 부드럽고 그윽한 초콜릿 풍미의 콜드 브루를 만나보세요!,,매장별 확인,https://www.starbucks.co.kr/menu/drink_list.do,2026-08-11
스타벅스,콜드 브루 몰트,콜드 브루,505.0,7.0,20.0,41.0,150.0,우유|대두,https://www.starbucks.co.kr/menu/drink_view.do?product_cd=9200000001636,2026-08-11,True,True,https://www.starbucks.co.kr/menu/drink_view.do?product_cd=9200000001636,https://www.istarbucks.co.kr/upload/store/skuimg/2021/02/[9200000001636]_20210225093600536.jpg,"[리저브 전용음료] 리저브 콜드 브루, 바닐라 아이스크림, 몰트가 블렌딩된 리저브만의 쉐이크",,매장별 확인,https://www.starbucks.co.kr/menu/drink_list.do,2026-08-11
스타벅스,콜드 브루 플로트,콜드 브루,225.0,3.0,10.0,18.0,70.0,우유,https://www.starbucks.co.kr/menu/drink_view.do?product_cd=9200000001635,2026-08-11,True,True,https://www.starbucks.co.kr/menu/drink_view.do?product_cd=9200000001635,https://www.istarbucks.co.kr/upload/store/skuimg/2021/02/[9200000001635]_20210225092236748.jpg,[리저브 전용음료] 리저브 콜드 브루 위에 녹아 내리는 한 스쿱의 바닐라 아이스크림,,매장별 확인,https://www.starbucks.co.kr/menu/drink_list.do,2026-08-11
스타벅스,프렌치 바닐라 콜드 브루,콜드 브루,165.0,4.0,2.7,26.0,150.0,우유,https://www.starbucks.co.kr/menu/drink_view.do?product_cd=9200000006948,2026-08-11,True,True,https://www.starbucks.co.kr/menu/drink_view.do?product_cd=9200000006948,https://www.istarbucks.co.kr/upload/store/skuimg/2026/04/[9200000006948]_20260415131310868.jpg,깊고 부드러운 프렌치 바닐라 풍미와 깔끔한 콜드 브루가 어우러진 음료. 대비되는 옐로우&브라운의 레이어 속에서 달콤한 프렌치 감성을 즐겨보세요.,,매장별 확인,https://www.starbucks.co.kr/menu/drink_list.do,2026-08-11
스타벅스,브루드 커피,브루드 커피,5.0,0.0,0.0,0.0,15.0,,https://www.starbucks.co.kr/menu/drink_view.do?product_cd=2,2026-08-11,True,True,https://www.starbucks.co.kr/menu/drink_view.do?product_cd=2,https://www.istarbucks.co.kr/upload/store/skuimg/2021/04/[2]_20210430111934117.jpg,"시즌에 어울리는 원두 종류를 선정하여 신선하게 브루드(Brewed)되어 제공되는 드립커피로, 원두 커피의 풍부한 맛과 향을 따뜻하게 즐기실 수 있습니다.",,매장별 확인,https://www.starbucks.co.kr/menu/drink_list.do,2026-08-11
스타벅스,스위트 밀크 커피,브루드 커피,185.0,4.0,4.1,24.0,75.0,우유,https://www.starbucks.co.kr/menu/drink_view.do?product_cd=9200000006852,2026-08-11,True,True,https://www.starbucks.co.kr/menu/drink_view.do?product_cd=9200000006852,https://www.istarbucks.co.kr/upload/store/skuimg/2026/02/[9200000006852]_20260205135209835.jpg,매장에서 추출한 아이스 커피와 화이트 초콜릿이 어우러진 커피 우유 스타일의 가벼운 드립 커피 라떼 주기적으로 달라지는 브루드 커피 원두와 함께 드립 라떼의 새로운 매력을 느껴보세요,,매장별 확인,https://www.starbucks.co.kr/menu/drink_list.do,2026-08-11
스타벅스,아이스 브루드 커피,브루드 커피,5.0,0.0,0.0,0.0,10.0,,https://www.starbucks.co.kr/menu/drink_view.do?product_cd=106509,2026-08-11,True,True,https://www.starbucks.co.kr/menu/drink_view.do?product_cd=106509,https://www.istarbucks.co.kr/upload/store/skuimg/2025/06/[106509]_20250626092521116.jpg,"시즌에 어울리는 원두 종류를 선정하여 드립 방식으로 추출한 후 얼음과 함께 제공하는 커피로, 원두 커피의 풍부하고 깔끔한 맛을 느끼실 수 있습니다.",,매장별 확인,https://www.starbucks.co.kr/menu/drink_list.do,2026-08-11
스타벅스,스타벅스 에어로카노,아메리카노,10.0,1.0,0.0,0.0,0.0,,https://www.starbucks.co.kr/menu/drink_view.do?product_cd=9200000006840,2026-08-11,True,True,https://www.starbucks.co.kr/menu/drink_view.do?product_cd=9200000006840,https://www.istarbucks.co.kr/upload/store/skuimg/2026/02/[9200000006840]_20260205135245242.jpg,아메리카노에 바리스타의 기술을 더해 벨벳 같은 미세한 거품층과 부드러운 목넘김을 즐길 수 있는 새로운 스타일의 음료 한층 풍부한 커피 풍미와 물결처럼 흘러내리는 캐스케이딩 비주얼의 에어로카노를 경험해보세요!,,매장별 확인,https://www.starbucks.co.kr/menu/drink_list.do,2026-08-11
스타벅스,스타벅스 자몽 허니 에어로카노,아메리카노,105.0,1.0,0.0,22.0,5.0,,https://www.starbucks.co.kr/menu/drink_view.do?product_cd=9200000007131,2026-08-11,True,True,https://www.starbucks.co.kr/menu/drink_view.do?product_cd=9200000007131,https://www.istarbucks.co.kr/upload/store/skuimg/2026/07/[9200000007131]_20260729082321315.jpg,상큼한 자몽의 풍미와 벨벳같은 미세한 거품으로 부드러운 목넘김이 조화롭게 어우러져 밝고 산뜻하면서도 균형 잡힌 맛을 선사하는 에어로카노,,매장별 확인,https://www.starbucks.co.kr/menu/drink_list.do,2026-08-11
스타벅스,아이스 우베 코코넛 마키아또,마키아또,245.0,4.0,5.0,20.0,85.0,우유,https://www.starbucks.co.kr/menu/drink_view.do?product_cd=9200000007089,2026-08-11,True,True,https://www.starbucks.co.kr/menu/drink_view.do?product_cd=9200000007089,https://www.istarbucks.co.kr/upload/store/skuimg/2026/05/[9200000007089]_20260518094337907.jpg,코코넛 베이스에 진한 에스프레소와 부드러운 우베 폼을 더한 음료 크런치한 코코넛칩과 함께 즐길 수 있는 리저브 마키아또,,매장별 확인,https://www.starbucks.co.kr/menu/drink_list.do,2026-08-11
스타벅스,피넛 크림 쿠키 아인슈페너,라떼,345.0,7.0,6.0,24.0,140.0,계란|우유|땅콩|밀,https://www.starbucks.co.kr/menu/drink_view.do?product_cd=9200000006976,2026-08-11,True,True,https://www.starbucks.co.kr/menu/drink_view.do?product_cd=9200000006976,https://www.istarbucks.co.kr/upload/store/skuimg/2026/04/[9200000006976]_20260421123846098.jpg,"제주의 고소함을 가득 담은 시그니처 피넛 아인슈페너의 등장! 진한 땅콩 풍미에 에스프레소를 더하고, 땅콩 크림과 너티 쿠키로 완성한 제주 특화 음료",,매장별 확인,https://www.starbucks.co.kr/menu/drink_list.do,2026-08-11
스타벅스,에스프레소 콘 파나,도피오,30.0,1.0,2.0,0.0,5.0,우유,https://www.starbucks.co.kr/menu/drink_view.do?product_cd=30,2026-08-11,True,True,https://www.starbucks.co.kr/menu/drink_view.do?product_cd=30,https://www.istarbucks.co.kr/upload/store/skuimg/2021/04/[30]_20210415144252244.jpg,"신선한 에스프레소 샷에 풍부한 휘핑크림을 얹은 커피 음료로서, 뜨거운 커피의 맛과 차갑고 달콤한 생크림의 맛을 같이 즐길 수 있는 커피 음료",,매장별 확인,https://www.starbucks.co.kr/menu/drink_list.do,2026-08-11
스타벅스,에스프레소 마키아또,에스프레소 마키아또,10.0,0.0,0.0,0.0,0.0,우유,https://www.starbucks.co.kr/menu/drink_view.do?product_cd=25,2026-08-11,True,True,https://www.starbucks.co.kr/menu/drink_view.do?product_cd=25,https://www.istarbucks.co.kr/upload/store/skuimg/2021/04/[25]_20210415144211211.jpg,"신선한 에스프레소 샷에 우유 거품을 살짝 얹은 커피 음료로써, 강렬한 에스프레소의 맛과 우유의 부드러움을 같이 즐길 수 있는 커피 음료",,매장별 확인,https://www.starbucks.co.kr/menu/drink_list.do,2026-08-11
스타벅스,스타벅스 1호점 카페 아메리카노,아메리카노,10.0,1.0,0.0,0.0,0.0,,https://www.starbucks.co.kr/menu/drink_view.do?product_cd=9200000005514,2026-08-11,True,True,https://www.starbucks.co.kr/menu/drink_view.do?product_cd=9200000005514,https://www.istarbucks.co.kr/upload/store/skuimg/2024/09/[9200000005514]_20240919154516844.jpg,풍부하고 부드러운 바디감의 별다방 블렌드 원두로 내린 에스프레소와 뜨거운 물을 섞어 깔끔하게 즐길 수 있는 스타벅스 이대점만의 블랙 커피 음료,,매장별 확인,https://www.starbucks.co.kr/menu/drink_list.do,2026-08-11
스타벅스,아이스 스타벅스 1호점 카페 아메리카노,아메리카노,10.0,1.0,0.0,0.0,0.0,,https://www.starbucks.co.kr/menu/drink_view.do?product_cd=9200000005516,2026-08-11,True,True,https://www.starbucks.co.kr/menu/drink_view.do?product_cd=9200000005516,https://www.istarbucks.co.kr/upload/store/skuimg/2024/09/[9200000005516]_20240919154833807.jpg,풍부하고 부드러운 바디감의 별다방 블렌드 원두로 내린 에스프레소와 얼음과 물을 섞어 시원하고 깔끔하게 즐길 수 있는 스타벅스 이대점만의 블랙 커피 음료,,매장별 확인,https://www.starbucks.co.kr/menu/drink_list.do,2026-08-11
스타벅스,아이스 카페 아메리카노,아메리카노,10.0,1.0,0.0,0.0,5.0,,https://www.starbucks.co.kr/menu/drink_view.do?product_cd=110563,2026-08-11,True,True,https://www.starbucks.co.kr/menu/drink_view.do?product_cd=110563,https://www.istarbucks.co.kr/upload/store/skuimg/2025/06/[110563]_20250626094353711.jpg,진한 에스프레소에 시원한 정수물과 얼음을 더한 깊이와 풍미가 살아있는 커피,,매장별 확인,https://www.starbucks.co.kr/menu/drink_list.do,2026-08-11
스타벅스,카페 아메리카노,아메리카노,10.0,1.0,0.0,0.0,5.0,,https://www.starbucks.co.kr/menu/drink_view.do?product_cd=94,2026-08-11,True,True,https://www.starbucks.co.kr/menu/drink_view.do?product_cd=94,https://www.istarbucks.co.kr/upload/store/skuimg/2021/04/[94]_20210430103337006.jpg,진한 에스프레소에 뜨거운 물을 더한 깊이와 풍미가 살아있는 커피,,매장별 확인,https://www.starbucks.co.kr/menu/drink_list.do,2026-08-11
스타벅스,아이스 카라멜 마키아또,마키아또,190.0,6.0,4.6,22.0,110.0,우유|대두,https://www.starbucks.co.kr/menu/drink_view.do?product_cd=110582,2026-08-11,True,True,https://www.starbucks.co.kr/menu/drink_view.do?product_cd=110582,https://www.istarbucks.co.kr/upload/store/skuimg/2025/06/[110582]_20250626095111658.jpg,향긋한 바닐라 시럽과 시원한 우유에 얼음을 넣고 점을 찍듯이 에스프레소를 부은 후 벌집 모양으로 카라멜 드리즐을 올린 달콤한 커피 음료,,매장별 확인,https://www.starbucks.co.kr/menu/drink_list.do,2026-08-11
스타벅스,카라멜 마키아또,마키아또,200.0,8.0,5.0,22.0,130.0,우유|대두,https://www.starbucks.co.kr/menu/drink_view.do?product_cd=126197,2026-08-11,True,True,https://www.starbucks.co.kr/menu/drink_view.do?product_cd=126197,https://www.istarbucks.co.kr/upload/store/skuimg/2021/04/[126197]_20210415154609863.jpg,향긋한 바닐라 시럽과 따뜻한 스팀 밀크 위에 풍성한 우유 거품을 얹고 점을 찍듯이 에스프레소를 부은 후 벌집 모양으로 카라멜 드리즐을 올린 달콤한 커피 음료,,매장별 확인,https://www.starbucks.co.kr/menu/drink_list.do,2026-08-11
스타벅스,아이스 카푸치노,카푸치노,110.0,6.0,3.5,9.0,90.0,우유,https://www.starbucks.co.kr/menu/drink_view.do?product_cd=110601,2026-08-11,True,True,https://www.starbucks.co.kr/menu/drink_view.do?product_cd=110601,https://www.istarbucks.co.kr/upload/store/skuimg/2025/06/[110601]_20250626095213930.jpg,풍부하고 진한 에스프레소에 신선한 우유와 우유 거품이 얼음과 함께 들어간 시원하고 부드러운 커피 음료,,매장별 확인,https://www.starbucks.co.kr/menu/drink_list.do,2026-08-11
스타벅스,카푸치노,카푸치노,110.0,6.0,3.0,8.0,70.0,우유,https://www.starbucks.co.kr/menu/drink_view.do?product_cd=38,2026-08-11,True,True,https://www.starbucks.co.kr/menu/drink_view.do?product_cd=38,https://www.istarbucks.co.kr/upload/store/skuimg/2021/04/[38]_20210415154821846.jpg,풍부하고 진한 에스프레소에 따뜻한 우유와 벨벳 같은 우유 거품이 1:1 비율로 어우러져 마무리된 커피 음료,,매장별 확인,https://www.starbucks.co.kr/menu/drink_list.do,2026-08-11
스타벅스,라벤더 카페 브레베,라떼,400.0,8.0,22.0,30.0,140.0,우유,https://www.starbucks.co.kr/menu/drink_view.do?product_cd=9200000004119,2026-08-11,True,True,https://www.starbucks.co.kr/menu/drink_view.do?product_cd=9200000004119,https://www.istarbucks.co.kr/upload/store/skuimg/2022/04/[9200000004119]_20220412083025862.png,진한 리저브 에스프레소 샷과 은은한 라벤더향이 고급스럽게 어우러진 부드럽고 세련된 풍미의 라벤더 카페 브레베,,매장별 확인,https://www.starbucks.co.kr/menu/drink_list.do,2026-08-11
스타벅스,밀크카라멜 라떼,라떼,310.0,8.0,13.0,22.0,280.0,우유,https://www.starbucks.co.kr/menu/drink_view.do?product_cd=9200000006235,2026-08-11,True,True,https://www.starbucks.co.kr/menu/drink_view.do?product_cd=9200000006235,https://www.istarbucks.co.kr/upload/store/skuimg/2025/06/[9200000006235]_20250604124942828.jpg,부드럽고 달콤한 밀크카라멜의 은은한 풍미와 풍부한 질감을 느낄 수 있는 특별한 우유가 만나 언제나 편안하게 즐길 수 있는 라떼입니다.,,매장별 확인,https://www.starbucks.co.kr/menu/drink_list.do,2026-08-11
스타벅스,바닐라 라떼,라떼,210.0,8.0,5.0,24.0,130.0,우유,https://www.starbucks.co.kr/menu/drink_view.do?product_cd=9200000006343,2026-08-11,True,True,https://www.starbucks.co.kr/menu/drink_view.do?product_cd=9200000006343,https://www.istarbucks.co.kr/upload/store/skuimg/2025/10/[9200000006343]_20251029141705796.jpg,"달콤한 바닐라의 향을 풍부하고 진한 에스프레소, 부드러운 우유와 함께 즐길 수 있는 라떼입니다.",,매장별 확인,https://www.starbucks.co.kr/menu/drink_list.do,2026-08-11
스타벅스,바닐라 빈 라떼,라떼,245.0,9.0,6.0,27.0,150.0,우유,https://www.starbucks.co.kr/menu/drink_view.do?product_cd=9200000001939,2026-08-11,True,True,https://www.starbucks.co.kr/menu/drink_view.do?product_cd=9200000001939,https://www.istarbucks.co.kr/upload/store/skuimg/2021/02/[9200000001939]_20210225094313315.jpg,리저브만을 위한 바닐라 빈 시럽이 부드럽게 어우러진 카페 라떼,,매장별 확인,https://www.starbucks.co.kr/menu/drink_list.do,2026-08-11
스타벅스,번트 카라멜 라떼,라떼,380.0,12.0,13.0,30.0,250.0,우유,https://www.starbucks.co.kr/menu/drink_view.do?product_cd=9200000006054,2026-08-11,True,True,https://www.starbucks.co.kr/menu/drink_view.do?product_cd=9200000006054,https://www.istarbucks.co.kr/upload/store/skuimg/2025/05/[9200000006054]_20250514142846184.jpg,리저브 에스프레소 커피와 번트 카라멜의 깊고 달콤한 풍미가 어우러진 라떼 음료,,매장별 확인,https://www.starbucks.co.kr/menu/drink_list.do,2026-08-11
스타벅스,사케라또 비안코 오버 아이스,라떼,270.0,3.0,18.0,14.0,45.0,우유,https://www.starbucks.co.kr/menu/drink_view.do?product_cd=9200000002095,2026-08-11,True,True,https://www.starbucks.co.kr/menu/drink_view.do?product_cd=9200000002095,https://www.istarbucks.co.kr/upload/store/skuimg/2024/03/[9200000002095]_20240318144701881.jpg,얼음과 같이 쉐이킹하여 차가워진 진한 리저브 에스프레소와 하우스 메이드 크림이 어우러진 달콤한 음료,,매장별 확인,https://www.starbucks.co.kr/menu/drink_list.do,2026-08-11
스타벅스,스타벅스 1호점 카페 라떼,라떼,200.0,10.0,6.0,15.0,150.0,우유,https://www.starbucks.co.kr/menu/drink_view.do?product_cd=9200000005518,2026-08-11,True,True,https://www.starbucks.co.kr/menu/drink_view.do?product_cd=9200000005518,https://www.istarbucks.co.kr/upload/store/skuimg/2024/09/[9200000005518]_20240919154933695.jpg,풍부하고 부드러운 바디감의 별다방 블렌드 원두로 내린 에스프레소와 신선한 우유를 스팀하여 커피 위에 우유 거품을 살짝 얹은 스타벅스 이대점만의 카페 라떼 음료,,매장별 확인,https://www.starbucks.co.kr/menu/drink_list.do,2026-08-11
스타벅스,스타벅스 1호점 크림 라떼,라떼,215.0,2.0,12.0,19.0,25.0,우유,https://www.starbucks.co.kr/menu/drink_view.do?product_cd=9200000005522,2026-08-11,True,True,https://www.starbucks.co.kr/menu/drink_view.do?product_cd=9200000005522,https://www.istarbucks.co.kr/upload/store/skuimg/2024/09/[9200000005522]_20240919155344866.jpg,"""Coffee & Tea & Spice""스타벅스 첫번째 로고에서 착안한 음료로 스파이시한 향의 달콤하고 부드러운 커피 차이 크림폼, 풍부한 바디감의 별다방 블렌드 원두를 사용한 깊고 부드러운 크림 라떼 음료",,매장별 확인,https://www.starbucks.co.kr/menu/drink_list.do,2026-08-11
스타벅스,스타벅스 꿀 호떡 라떼,라떼,360.0,10.0,11.0,23.0,150.0,우유|땅콩,https://www.starbucks.co.kr/menu/drink_view.do?product_cd=9200000006164,2026-08-11,True,True,https://www.starbucks.co.kr/menu/drink_view.do?product_cd=9200000006164,https://www.istarbucks.co.kr/upload/store/skuimg/2025/05/[9200000006164]_20250513101130306.jpg,한국의 대표 길거리 음식의 친근하고 익숙한 호떡을 형상화한 음료로 어린시절 추억이 느껴지는 커피 음료 시나몬향과 고소한 견과류가 느껴지는 음료,,매장별 확인,https://www.starbucks.co.kr/menu/drink_list.do,2026-08-11
스타벅스,스타벅스 돌체 라떼,라떼,215.0,12.0,2.0,32.0,190.0,우유,https://www.starbucks.co.kr/menu/drink_view.do?product_cd=128692,2026-08-11,True,True,https://www.starbucks.co.kr/menu/drink_view.do?product_cd=128692,https://www.istarbucks.co.kr/upload/store/skuimg/2021/04/[128692]_20210426091933665.jpg,스타벅스의 다른 커피 음료보다 더욱 깊은 커피의 맛과 향에 깔끔한 무지방 우유와 부드러운 돌체 시럽이 들어간 음료로 달콤하고 진한 커피 라떼,,매장별 확인,https://www.starbucks.co.kr/menu/drink_list.do,2026-08-11
스타벅스,아이스 라벤더 카페 브레베,라떼,335.0,6.0,18.0,27.0,110.0,우유,https://www.starbucks.co.kr/menu/drink_view.do?product_cd=9200000004120,2026-08-11,True,True,https://www.starbucks.co.kr/menu/drink_view.do?product_cd=9200000004120,https://www.istarbucks.co.kr/upload/store/skuimg/2022/04/[9200000004120]_20220412082952150.png,진한 리저브 에스프레소 샷과 은은한 라벤더향이 고급스럽게 어우러진 부드럽고 세련된 풍미의 라벤더 카페 브레베,,매장별 확인,https://www.starbucks.co.kr/menu/drink_list.do,2026-08-11
스타벅스,아이스 밀크카라멜 라떼,라떼,240.0,5.0,10.0,17.0,220.0,우유,https://www.starbucks.co.kr/menu/drink_view.do?product_cd=9200000006238,2026-08-11,True,True,https://www.starbucks.co.kr/menu/drink_view.do?product_cd=9200000006238,https://www.istarbucks.co.kr/upload/store/skuimg/2025/06/[9200000006238]_20250613084659816.jpg,부드럽고 달콤한 밀크카라멜의 은은한 풍미와 풍부한 질감을 느낄 수 있는 특별한 우유가 만나 언제나 편안하게 즐길 수 있는 라떼입니다.,,매장별 확인,https://www.starbucks.co.kr/menu/drink_list.do,2026-08-11
스타벅스,아이스 바닐라 라떼,라떼,150.0,5.0,3.2,19.0,80.0,우유,https://www.starbucks.co.kr/menu/drink_view.do?product_cd=9200000006346,2026-08-11,True,True,https://www.starbucks.co.kr/menu/drink_view.do?product_cd=9200000006346,https://www.istarbucks.co.kr/upload/store/skuimg/2025/10/[9200000006346]_20251029141759604.jpg,"달콤한 바닐라의 향을 풍부하고 진한 에스프레소, 부드러운 우유와 함께 즐길 수 있는 라떼입니다.",,매장별 확인,https://www.starbucks.co.kr/menu/drink_list.do,2026-08-11
스타벅스,아이스 바닐라 빈 라떼,라떼,155.0,5.0,2.9,20.0,75.0,우유,https://www.starbucks.co.kr/menu/drink_view.do?product_cd=9200000001941,2026-08-11,True,True,https://www.starbucks.co.kr/menu/drink_view.do?product_cd=9200000001941,https://www.istarbucks.co.kr/upload/store/skuimg/2021/02/[9200000001941]_20210225094346653.jpg,리저브만을 위한 바닐라 빈 시럽이 부드럽게 어우러진 카페 라떼,,매장별 확인,https://www.starbucks.co.kr/menu/drink_list.do,2026-08-11
스타벅스,아이스 스타벅스 1호점 카페 라떼,라떼,110.0,6.0,3.2,8.0,80.0,우유,https://www.starbucks.co.kr/menu/drink_view.do?product_cd=9200000005520,2026-08-11,True,True,https://www.starbucks.co.kr/menu/drink_view.do?product_cd=9200000005520,https://www.istarbucks.co.kr/upload/store/skuimg/2024/09/[9200000005520]_20240919155241283.jpg,풍부하고 부드러운 바디감의 별다방 블렌드 원두로 내린 에스프레소와 신선한 우유와 얼음이 만나 고소함과 시원함을 즐길 수 있는 스타벅스 이대점만의 카페 라떼 음료,,매장별 확인,https://www.starbucks.co.kr/menu/drink_list.do,2026-08-11
스타벅스,아이스 스타벅스 1호점 크림 라떼,라떼,215.0,2.0,12.0,19.0,25.0,우유,https://www.starbucks.co.kr/menu/drink_view.do?product_cd=9200000005523,2026-08-11,True,True,https://www.starbucks.co.kr/menu/drink_view.do?product_cd=9200000005523,https://www.istarbucks.co.kr/upload/store/skuimg/2024/09/[9200000005523]_20240919155443058.jpg,"""Coffee & Tea & Spice""스타벅스 첫번째 로고에서 착안한 음료로 스파이시한 향의 달콤하고 부드러운 커피 차이 크림폼, 풍부한 바디감의 별다방 블렌드 원두를 사용한 깊고 부드러운 크림 라떼 음료",,매장별 확인,https://www.starbucks.co.kr/menu/drink_list.do,2026-08-11
스타벅스,아이스 스타벅스 꿀 호떡 라떼,라떼,290.0,6.0,10.0,16.0,80.0,우유|땅콩,https://www.starbucks.co.kr/menu/drink_view.do?product_cd=9200000006165,2026-08-11,True,True,https://www.starbucks.co.kr/menu/drink_view.do?product_cd=9200000006165,https://www.istarbucks.co.kr/upload/store/skuimg/2025/05/[9200000006165]_20250513101211857.jpg,한국의 대표 길거리 음식의 친근하고 익숙한 호떡을 형상화한 음료로 어린시절 추억이 느껴지는 커피 음료 시나몬향과 고소한 견과류가 느껴지는 음료,,매장별 확인,https://www.starbucks.co.kr/menu/drink_list.do,2026-08-11
스타벅스,아이스 스타벅스 돌체 라떼,라떼,190.0,10.0,2.0,28.0,140.0,우유,https://www.starbucks.co.kr/menu/drink_view.do?product_cd=128695,2026-08-11,True,True,https://www.starbucks.co.kr/menu/drink_view.do?product_cd=128695,https://www.istarbucks.co.kr/upload/store/skuimg/2025/06/[128695]_20250626095651684.jpg,스타벅스의 다른 커피 음료보다 더욱 깊은 커피의 맛과 향에 깔끔한 무지방 우유와 부드러운 돌체 시럽이 들어간 음료로 달콤하고 진한 커피 라떼,,매장별 확인,https://www.starbucks.co.kr/menu/drink_list.do,2026-08-11
스타벅스,아이스 인절미 크림 라떼,라떼,455.0,9.0,16.0,43.0,180.0,우유|땅콩|대두|밀,https://www.starbucks.co.kr/menu/drink_view.do?product_cd=9200000005285,2026-08-11,True,True,https://www.starbucks.co.kr/menu/drink_view.do?product_cd=9200000005285,https://www.istarbucks.co.kr/upload/store/skuimg/2024/05/[9200000005285]_20240509131125335.jpg,고소하고 쌉싸름한 맛의 콩고물과 쫀득한 식감의 인절미 젤리를 달콤한 크림이 얹어진 커피와 함께 즐길 수 있는 라떼,,매장별 확인,https://www.starbucks.co.kr/menu/drink_list.do,2026-08-11
스타벅스,아이스 카페 라떼,라떼,110.0,6.0,3.5,8.0,75.0,우유,https://www.starbucks.co.kr/menu/drink_view.do?product_cd=110569,2026-08-11,True,True,https://www.starbucks.co.kr/menu/drink_view.do?product_cd=110569,https://www.istarbucks.co.kr/upload/store/skuimg/2025/06/[110569]_20250626094801903.jpg,풍부하고 진한 에스프레소에 시원한 우유를 더해 부드럽게 즐길 수 있는 커피,,매장별 확인,https://www.starbucks.co.kr/menu/drink_list.do,2026-08-11
스타벅스,인절미 크림 라떼,라떼,530.0,12.0,19.0,49.0,250.0,우유|땅콩|대두|밀,https://www.starbucks.co.kr/menu/drink_view.do?product_cd=9200000005284,2026-08-11,True,True,https://www.starbucks.co.kr/menu/drink_view.do?product_cd=9200000005284,https://www.istarbucks.co.kr/upload/store/skuimg/2024/05/[9200000005284]_20240509131037171.jpg,고소하고 쌉싸름한 맛의 콩고물과 쫀득한 식감의 인절미 젤리를 달콤한 크림이 얹어진 커피와 함께 즐길 수 있는 라떼,,매장별 확인,https://www.starbucks.co.kr/menu/drink_list.do,2026-08-11
스타벅스,제주 비자림 리저브 에스프레소 라떼,라떼,240.0,10.0,7.0,22.0,160.0,우유,https://www.starbucks.co.kr/menu/drink_view.do?product_cd=9200000006575,2026-08-11,True,True,https://www.starbucks.co.kr/menu/drink_view.do?product_cd=9200000006575,https://www.istarbucks.co.kr/upload/store/skuimg/2025/10/[9200000006575]_20251013103821201.jpg,"리저브 원두로 만든 라떼에 말차 돌체 베이스를 추가하여 제주 천년의 숲 비자림을 표현한 라떼. 오직 송당에서만 만날 수 있는 음료로, 따뜻한 비자림의 풍미를 느껴보세요.",,매장별 확인,https://www.starbucks.co.kr/menu/drink_list.do,2026-08-11
스타벅스,카페 라떼,라떼,180.0,10.0,5.0,13.0,115.0,우유,https://www.starbucks.co.kr/menu/drink_view.do?product_cd=41,2026-08-11,True,True,https://www.starbucks.co.kr/menu/drink_view.do?product_cd=41,https://www.istarbucks.co.kr/upload/store/skuimg/2021/04/[41]_20210415133833725.jpg,풍부하고 진한 에스프레소가 신선한 스팀 밀크를 만나 부드러워진 커피 위에 우유 거품을 살짝 얹은 커피,,매장별 확인,https://www.starbucks.co.kr/menu/drink_list.do,2026-08-11
스타벅스,코르타도,라떼,115.0,6.0,3.2,8.0,85.0,우유,https://www.starbucks.co.kr/menu/drink_view.do?product_cd=9200000006338,2026-08-11,True,True,https://www.starbucks.co.kr/menu/drink_view.do?product_cd=9200000006338,https://www.istarbucks.co.kr/upload/store/skuimg/2025/10/[9200000006338]_20251029141124907.jpg,진하면서도 부드러운 블론드 리스트레토 3샷에 폼을 살짝 낸 스팀 밀크를 더해 짙은 커피 풍미를 즐길 수 있는 코르타도입니다.,,매장별 확인,https://www.starbucks.co.kr/menu/drink_list.do,2026-08-11
스타벅스,아이스 카페 모카,모카,250.0,7.0,8.0,21.0,70.0,우유,https://www.starbucks.co.kr/menu/drink_view.do?product_cd=110566,2026-08-11,True,True,https://www.starbucks.co.kr/menu/drink_view.do?product_cd=110566,https://www.istarbucks.co.kr/upload/store/skuimg/2025/06/[110566]_20250626113005628.jpg,진한 초콜릿 모카 시럽과 풍부한 에스프레소를 신선한 우유 그리고 얼음과 섞어 휘핑크림으로 마무리한 음료로 진한 에스프레소와 초콜릿 맛이 어우러진 커피,,매장별 확인,https://www.starbucks.co.kr/menu/drink_list.do,2026-08-11
스타벅스,아이스 화이트 초콜릿 모카,모카,300.0,8.0,10.0,31.0,150.0,우유,https://www.starbucks.co.kr/menu/drink_view.do?product_cd=110572,2026-08-11,True,True,https://www.starbucks.co.kr/menu/drink_view.do?product_cd=110572,https://www.istarbucks.co.kr/upload/store/skuimg/2025/06/[110572]_20250626113205748.jpg,달콤하고 부드러운 화이트 초콜릿 시럽과 에스프레소를 신선한 우유 그리고 얼음과 섞어 휘핑크림으로 마무리한 음료로 달콤함과 강렬한 에스프레소가 부드럽게 어우러진 커피,,매장별 확인,https://www.starbucks.co.kr/menu/drink_list.do,2026-08-11
스타벅스,카페 모카,모카,290.0,10.0,9.0,25.0,105.0,우유,https://www.starbucks.co.kr/menu/drink_view.do?product_cd=46,2026-08-11,True,True,https://www.starbucks.co.kr/menu/drink_view.do?product_cd=46,https://www.istarbucks.co.kr/upload/store/skuimg/2021/04/[46]_20210415134438165.jpg,진한 초콜릿 모카 시럽과 풍부한 에스프레소를 스팀 밀크와 섞어 휘핑크림으로 마무리한 음료로 진한 에스프레소와 초콜릿 맛이 어우러진 커피,,매장별 확인,https://www.starbucks.co.kr/menu/drink_list.do,2026-08-11
스타벅스,클래식 민트 모카,모카,335.0,4.0,7.0,43.0,200.0,,https://www.starbucks.co.kr/menu/drink_view.do?product_cd=9200000004313,2026-08-11,True,True,https://www.starbucks.co.kr/menu/drink_view.do?product_cd=9200000004313,https://www.istarbucks.co.kr/upload/store/skuimg/2022/10/[9200000004313]_20221005145156959.jpg,스타벅스의 클래식인 페퍼민트 모카를 떠올리게 하는 리저브만의 에스프레소 음료 오트음료(식물성 대체유)의 고소함과 다크 초콜릿의 쌉쌀함이 특징인 음료입니다,,매장별 확인,https://www.starbucks.co.kr/menu/drink_list.do,2026-08-11
스타벅스,화이트 초콜릿 모카,모카,350.0,11.0,10.0,37.0,200.0,우유,https://www.starbucks.co.kr/menu/drink_view.do?product_cd=128192,2026-08-11,True,True,https://www.starbucks.co.kr/menu/drink_view.do?product_cd=128192,https://www.istarbucks.co.kr/upload/store/skuimg/2021/04/[128192]_20210415155639126.jpg,달콤하고 부드러운 화이트 초콜릿 시럽과 에스프레소를 스팀 밀크와 섞어 휘핑크림으로 마무리한 음료로 달콤함과 강렬한 에스프레소가 부드럽게 어우러진 커피,,매장별 확인,https://www.starbucks.co.kr/menu/drink_list.do,2026-08-11
스타벅스,아이스 플랫 화이트,리스트레또 비안코,120.0,6.0,3.5,9.0,90.0,우유,https://www.starbucks.co.kr/menu/drink_view.do?product_cd=9200000005181,2026-08-11,True,True,https://www.starbucks.co.kr/menu/drink_view.do?product_cd=9200000005181,https://www.istarbucks.co.kr/upload/store/skuimg/2025/06/[9200000005181]_20250626095819133.jpg,"부드러운 리스트레토 샷과 완벽한 양의 우유를 더해, 카페 라떼보다 커피의 맛을 진하게 즐길 수 있는 에스프레소 음료입니다.",,매장별 확인,https://www.starbucks.co.kr/menu/drink_list.do,2026-08-11
스타벅스,플랫 화이트,리스트레또 비안코,170.0,8.0,5.0,13.0,130.0,우유,https://www.starbucks.co.kr/menu/drink_view.do?product_cd=9200000005178,2026-08-11,True,True,https://www.starbucks.co.kr/menu/drink_view.do?product_cd=9200000005178,https://www.istarbucks.co.kr/upload/store/skuimg/2024/03/[9200000005178]_20240326103727795.jpg,"부드러운 리스트레토 샷과 완벽한 양의 스팀밀크를 더해, 카페 라떼보다 커피의 맛을 진하게 즐길 수 있는 에스프레소 음료입니다.",,매장별 확인,https://www.starbucks.co.kr/menu/drink_list.do,2026-08-11
스타벅스,바닐라 스타벅스 더블 샷,에스프레소,125.0,2.0,4.5,14.0,30.0,우유,https://www.starbucks.co.kr/menu/drink_view.do?product_cd=110612,2026-08-11,True,True,https://www.starbucks.co.kr/menu/drink_view.do?product_cd=110612,https://www.istarbucks.co.kr/upload/store/skuimg/2025/06/[110612]_20250626095701777.jpg,"신선하게 제조된 더블 샷 믹스에 바닐라 시럽을 넣고 에스프레소 샷, 얼음이 어우러져 핸드 쉐이킹한 음료",,매장별 확인,https://www.starbucks.co.kr/menu/drink_list.do,2026-08-11
스타벅스,사케라또 아포가토,에스프레소,290.0,4.0,10.0,30.0,70.0,우유,https://www.starbucks.co.kr/menu/drink_view.do?product_cd=9200000003505,2026-08-11,True,True,https://www.starbucks.co.kr/menu/drink_view.do?product_cd=9200000003505,https://www.istarbucks.co.kr/upload/store/skuimg/2021/03/[9200000003505]_20210322093241535.jpg,민트 잎과 쉐이킹한 리저브 에스프레소를 바닐라 아이스크림에 부어 프레쉬함과 달콤함이 조화롭게 퍼지는 리저브 만의 디저트 음료,,매장별 확인,https://www.starbucks.co.kr/menu/drink_list.do,2026-08-11
스타벅스,스파클링 시트러스 에스프레소,에스프레소,65.0,0.0,0.0,15.0,5.0,,https://www.starbucks.co.kr/menu/drink_view.do?product_cd=9200000003506,2026-08-11,True,True,https://www.starbucks.co.kr/menu/drink_view.do?product_cd=9200000003506,https://www.istarbucks.co.kr/upload/store/skuimg/2021/03/[9200000003506]_20210322093317854.jpg,리저브 에스프레소에 상큼한 레몬과 진저에일을 더해 청량감과 시트러스 풍미를 가득 선사하는 커피 음료,,매장별 확인,https://www.starbucks.co.kr/menu/drink_list.do,2026-08-11
스타벅스,에스프레소,에스프레소,5.0,0.0,0.0,0.0,0.0,,https://www.starbucks.co.kr/menu/drink_view.do?product_cd=20,2026-08-11,True,True,https://www.starbucks.co.kr/menu/drink_view.do?product_cd=20,https://www.istarbucks.co.kr/upload/store/skuimg/2021/04/[20]_20210415144112678.jpg,"스타벅스 에스프레소는 향기로운 크레마 층과 바디 층, 하트 층으로 이루어져 있으며, 입안 가득히 커피와 달콤한 카라멜 향이 느껴지는 커피 음료",,매장별 확인,https://www.starbucks.co.kr/menu/drink_list.do,2026-08-11
스타벅스,커피 스타벅스 더블 샷,에스프레소,125.0,2.0,4.5,14.0,30.0,우유,https://www.starbucks.co.kr/menu/drink_view.do?product_cd=110611,2026-08-11,True,True,https://www.starbucks.co.kr/menu/drink_view.do?product_cd=110611,https://www.istarbucks.co.kr/upload/store/skuimg/2025/06/[110611]_20250626095539402.jpg,"신선하게 제조된 더블 샷 믹스에 클래식 시럽을 넣고 에스프레소 샷, 얼음이 어우러져 핸드 쉐이킹한 음료",,매장별 확인,https://www.starbucks.co.kr/menu/drink_list.do,2026-08-11
스타벅스,클래식 아포가토,에스프레소,240.0,4.0,10.0,18.0,70.0,우유,https://www.starbucks.co.kr/menu/drink_view.do?product_cd=9200000001631,2026-08-11,True,True,https://www.starbucks.co.kr/menu/drink_view.do?product_cd=9200000001631,https://www.istarbucks.co.kr/upload/store/skuimg/2021/02/[9200000001631]_20210225090916684.jpg,[리저브R 매장 전용음료] 리저브 에스프레소 투 샷이 바닐라 아이스크림과 진하게 어우러진 정통 아포가토,,매장별 확인,https://www.starbucks.co.kr/menu/drink_list.do,2026-08-11
스타벅스,헤이즐넛 스타벅스 더블 샷,에스프레소,125.0,2.0,4.5,14.0,30.0,우유,https://www.starbucks.co.kr/menu/drink_view.do?product_cd=110614,2026-08-11,True,True,https://www.starbucks.co.kr/menu/drink_view.do?product_cd=110614,https://www.istarbucks.co.kr/upload/store/skuimg/2025/06/[110614]_20250626174624137.jpg,"신선하게 제조된 더블 샷 믹스에 헤이즐넛 시럽을 넣고 에스프레소 샷, 얼음이 어우러져 핸드 쉐이킹한 음료",,매장별 확인,https://www.starbucks.co.kr/menu/drink_list.do,2026-08-11
스타벅스,레드빈 말차 코코 프라푸치노,블렌디드 크림,245.0,5.0,5.0,30.0,210.0,우유,https://www.starbucks.co.kr/menu/drink_view.do?product_cd=9200000006957,2026-08-11,True,True,https://www.starbucks.co.kr/menu/drink_view.do?product_cd=9200000006957,https://www.istarbucks.co.kr/upload/store/skuimg/2026/07/[9200000006957]_20260715084716885.jpg,"한 잔의 풍성한 디저트처럼 즐기는 프리미엄 프라푸치노 달달한 단팥, 쌉싸름한 유기농 제주 말차, 쫀득한 펄 토핑과 코코넛 베이스의 다채로운 조합을 즐겨 보세요",,매장별 확인,https://www.starbucks.co.kr/menu/drink_list.do,2026-08-11
스타벅스,바나나 마카다미아 오트 프라푸치노,블렌디드 크림,330.0,3.0,9.0,46.0,350.0,,https://www.starbucks.co.kr/menu/drink_view.do?product_cd=9200000006593,2026-08-11,True,True,https://www.starbucks.co.kr/menu/drink_view.do?product_cd=9200000006593,https://www.istarbucks.co.kr/upload/store/skuimg/2025/11/[9200000006593]_20251112142011730.jpg,"로스티드 마카다미아, 오트와 진짜 바나나 한개를 통째로 넣어 여행 전 달콤하고 든든하게 즐기는 공항 전용 프라푸치노",,매장별 확인,https://www.starbucks.co.kr/menu/drink_list.do,2026-08-11
스타벅스,자몽 망고 코코 프라푸치노,블렌디드 크림,245.0,3.0,5.0,40.0,200.0,계란|우유|대두,https://www.starbucks.co.kr/menu/drink_view.do?product_cd=9200000005363,2026-08-11,True,True,https://www.starbucks.co.kr/menu/drink_view.do?product_cd=9200000005363,https://www.istarbucks.co.kr/upload/store/skuimg/2026/07/[9200000005363]_20260724075931099.jpg,자몽 망고 코코넛의 완벽한 조합! 여름철 휴양지가 떠오르는 시원 달콤한 프라푸치노 고객들에게 많은 사랑을 받았던 자망코가 다시 돌아왔습니다,,매장별 확인,https://www.starbucks.co.kr/menu/drink_list.do,2026-08-11
스타벅스,제주 오름 초당옥수수 프라푸치노,블렌디드 크림,310.0,5.0,6.0,30.0,280.0,우유,https://www.starbucks.co.kr/menu/drink_view.do?product_cd=9200000006981,2026-08-11,True,True,https://www.starbucks.co.kr/menu/drink_view.do?product_cd=9200000006981,https://www.istarbucks.co.kr/upload/store/skuimg/2026/04/[9200000006981]_20260422133605399.jpg,"제주 오름의 풍경과 달콤한 초당옥수수를 담은 싱그러운 프라푸치노! 초당 옥수수와 부드러운 글레이즈 폼, 톡톡 터지는 옥수수 식감이 어우러진 제주 특화 음료",,매장별 확인,https://www.starbucks.co.kr/menu/drink_list.do,2026-08-11
스타벅스,초코 바나나 마카다미아 오트 프라푸치노,블렌디드 크림,325.0,3.0,7.0,45.0,350.0,,https://www.starbucks.co.kr/menu/drink_view.do?product_cd=9200000006594,2026-08-11,True,True,https://www.starbucks.co.kr/menu/drink_view.do?product_cd=9200000006594,https://www.istarbucks.co.kr/upload/store/skuimg/2025/11/[9200000006594]_20251112142046388.jpg,"다크초콜릿,로스티드 마카다미아, 오트와 진짜 바나나 한개를 통째로 넣어 여행 전 달콤하고 든든하게 즐기는 공항 전용 프라푸치노",,매장별 확인,https://www.starbucks.co.kr/menu/drink_list.do,2026-08-11
스타벅스,파인애플 블루 코코 프라푸치노,블렌디드 크림,225.0,2.0,5.0,34.0,190.0,우유,https://www.starbucks.co.kr/menu/drink_view.do?product_cd=9200000006954,2026-08-11,True,True,https://www.starbucks.co.kr/menu/drink_view.do?product_cd=9200000006954,https://www.istarbucks.co.kr/upload/store/skuimg/2026/07/[9200000006954]_20260724081221980.jpg,"파인애플과 코코넛, 그리고 선명한 블루 스피룰리나를 더한 프라푸치노 음료. 한 잔의 푸른 여름이 담긴 매력적인 트로피컬 프라푸치노를 만나보세요!",,매장별 확인,https://www.starbucks.co.kr/menu/drink_list.do,2026-08-11
스타벅스,피넛 쿠키 크림 프라푸치노,블렌디드 크림,370.0,7.0,13.0,30.0,250.0,계란|우유|땅콩|밀,https://www.starbucks.co.kr/menu/drink_view.do?product_cd=9200000006980,2026-08-11,True,True,https://www.starbucks.co.kr/menu/drink_view.do?product_cd=9200000006980,https://www.istarbucks.co.kr/upload/store/skuimg/2026/04/[9200000006980]_20260422133322108.jpg,땅콩과 너티 쿠키가 어우러진 풍성하고 밀키한 프라푸치노. 달콤하고 고소한 땅콩 풍미를 시원하게 즐길 수 있는 제주 특화 음료로 여행을 특별하게 즐겨보세요!,,매장별 확인,https://www.starbucks.co.kr/menu/drink_list.do,2026-08-11
스타벅스,더블 에스프레소 칩 프라푸치노,블렌디드 커피,225.0,4.0,13.0,18.0,170.0,우유,https://www.starbucks.co.kr/menu/drink_view.do?product_cd=9200000002760,2026-08-11,True,True,https://www.starbucks.co.kr/menu/drink_view.do?product_cd=9200000002760,https://www.istarbucks.co.kr/upload/store/skuimg/2025/06/[9200000002760]_20250626095415811.jpg,"리스트레토 에스프레소 2샷과 에스프레소 칩, 하프앤하프가 진하게 어우러진 커피의 기본에 충실한 프라푸치노",,매장별 확인,https://www.starbucks.co.kr/menu/drink_list.do,2026-08-11
스타벅스,스타벅스 꿀 호떡 크림 프라푸치노,블렌디드 커피,325.0,6.0,10.0,26.0,180.0,우유|땅콩,https://www.starbucks.co.kr/menu/drink_view.do?product_cd=9200000006303,2026-08-11,True,True,https://www.starbucks.co.kr/menu/drink_view.do?product_cd=9200000006303,https://www.istarbucks.co.kr/upload/store/skuimg/2025/06/[9200000006303]_20250619133012310.jpg,"한국의 대표 길거리 음식의 친근하고 익숙한 호떡을 형상화한 음료로 어린시절 추억을 느끼며, 시나몬향과 고소한 견과류를 더욱 시원하게 즐길 수 있는 프라푸치노 음료",,매장별 확인,https://www.starbucks.co.kr/menu/drink_list.do,2026-08-11
스타벅스,에스프레소 프라푸치노,블렌디드 커피,110.0,2.0,1.1,17.0,150.0,우유,https://www.starbucks.co.kr/menu/drink_view.do?product_cd=168007,2026-08-11,True,True,https://www.starbucks.co.kr/menu/drink_view.do?product_cd=168007,https://www.istarbucks.co.kr/upload/store/skuimg/2025/06/[168007]_20250626095952087.jpg,풍부하고 진한 에스프레소 샷의 강렬함과 달콤함이 어우러져 깊은 커피의 풍미를 느낄 수 있는 프라푸치노,,매장별 확인,https://www.starbucks.co.kr/menu/drink_list.do,2026-08-11
스타벅스,자바 칩 프라푸치노,블렌디드 커피,285.0,5.0,6.0,30.0,180.0,우유|대두|밀,https://www.starbucks.co.kr/menu/drink_view.do?product_cd=168016,2026-08-11,True,True,https://www.starbucks.co.kr/menu/drink_view.do?product_cd=168016,https://www.istarbucks.co.kr/upload/store/skuimg/2025/06/[168016]_20250626113600873.jpg,"커피, 모카 소스, 진한 초콜릿 칩이 입안 가득 느껴지는 스타벅스에서만 맛볼 수 있는 프라푸치노",,매장별 확인,https://www.starbucks.co.kr/menu/drink_list.do,2026-08-11
스타벅스,카라멜 프라푸치노,블렌디드 커피,225.0,3.0,8.0,24.0,180.0,우유|대두,https://www.starbucks.co.kr/menu/drink_view.do?product_cd=168010,2026-08-11,True,True,https://www.starbucks.co.kr/menu/drink_view.do?product_cd=168010,https://www.istarbucks.co.kr/upload/store/skuimg/2025/06/[168010]_20250626113443023.jpg,카라멜과 커피가 어우러진 프라푸치노,,매장별 확인,https://www.starbucks.co.kr/menu/drink_list.do,2026-08-11
스타벅스,딸기 글레이즈드 크림 프라푸치노,블렌디드 크림,315.0,5.0,9.0,37.0,250.0,우유,https://www.starbucks.co.kr/menu/drink_view.do?product_cd=9200000005369,2026-08-11,True,True,https://www.starbucks.co.kr/menu/drink_view.do?product_cd=9200000005369,https://www.istarbucks.co.kr/upload/store/skuimg/2024/06/[9200000005369]_20240614143554454.jpg,상큼&달콤한 딸기와 부드러운 글레이즈드 소스에 바삭한 딸기 토핑을 얹은 프라푸치노. 숙련된 바리스타의 솜씨로 그려낸 특별한 예술 작품을 감상해보세요.,,매장별 확인,https://www.starbucks.co.kr/menu/drink_list.do,2026-08-11
스타벅스,베르가못 딸기 크림 프라푸치노,블렌디드 크림,420.0,5.0,13.0,50.0,260.0,우유,https://www.starbucks.co.kr/menu/drink_view.do?product_cd=9200000006304,2026-08-11,True,True,https://www.starbucks.co.kr/menu/drink_view.do?product_cd=9200000006304,https://www.istarbucks.co.kr/upload/store/skuimg/2025/07/[9200000006304]_20250708105445804.jpg,여름 수국의 사랑스러운 색감을 형상화한 음료로 은은하게 퍼지는 얼그레이의 플로럴향과 딸기의 상큼한 풍미가 느껴지는 음료,,매장별 확인,https://www.starbucks.co.kr/menu/drink_list.do,2026-08-11
스타벅스,베르가못 제주 말차 크림 프라푸치노,블렌디드 크림,405.0,5.0,13.0,48.0,260.0,우유,https://www.starbucks.co.kr/menu/drink_view.do?product_cd=9200000006305,2026-08-11,True,True,https://www.starbucks.co.kr/menu/drink_view.do?product_cd=9200000006305,https://www.istarbucks.co.kr/upload/store/skuimg/2025/06/[9200000006305]_20250619141412982.jpg,자연과 어우러진 수국의 색감을 형상화한 음료로 제주산 말차와 함께 은은하게 퍼지는 얼그레이의 플로럴향으로 부드러운 맛을 즐길 수 있는 음료 (제주산 말차),,매장별 확인,https://www.starbucks.co.kr/menu/drink_list.do,2026-08-11
스타벅스,제주 까망 크림 프라푸치노,블렌디드 크림,505.0,11.0,8.0,48.0,380.0,우유|땅콩|대두|밀|오징어,https://www.starbucks.co.kr/menu/drink_view.do?product_cd=9200000002088,2026-08-11,True,True,https://www.starbucks.co.kr/menu/drink_view.do?product_cd=9200000002088,https://www.istarbucks.co.kr/upload/store/skuimg/2025/06/[9200000002088]_20250626114629418.jpg,"[제주 Only]쫄깃한 흑임자 떡과 블랙 소보로 토핑으로 컵빙수처럼 먹는 음료. 고소한 흑임자와 쫄깃한 흑임자 떡, 달콤한 블랙 소보로 토핑으로 제주의 돌 하르방 길을 느낄 수 있는 음료",,매장별 확인,https://www.starbucks.co.kr/menu/drink_list.do,2026-08-11
스타벅스,제주 말차 크림 프라푸치노,블렌디드 크림,200.0,5.0,7.0,20.0,170.0,우유,https://www.starbucks.co.kr/menu/drink_view.do?product_cd=9200000002502,2026-08-11,True,True,https://www.starbucks.co.kr/menu/drink_view.do?product_cd=9200000002502,https://www.istarbucks.co.kr/upload/store/skuimg/2025/06/[9200000002502]_20250626100915378.jpg,깊고 진한 말차 본연의 맛과 향을 시원하고 부드럽게 즐길 수 있는 프라푸치노,,매장별 확인,https://www.starbucks.co.kr/menu/drink_list.do,2026-08-11
스타벅스,제주 쑥떡 크림 프라푸치노,블렌디드 크림,410.0,8.0,10.0,43.0,280.0,우유|대두|밀,https://www.starbucks.co.kr/menu/drink_view.do?product_cd=9200000002090,2026-08-11,True,True,https://www.starbucks.co.kr/menu/drink_view.do?product_cd=9200000002090,https://www.istarbucks.co.kr/upload/store/skuimg/2025/06/[9200000002090]_20250626114614395.jpg,"[제주지역 한정음료] 쫄깃쫄깃한 흑임자 떡으로 씹는 재미를 즐길 수 있는 음료로, 고소한 흑임자와 쑥떡 토핑이 올라간 음료",,매장별 확인,https://www.starbucks.co.kr/menu/drink_list.do,2026-08-11
스타벅스,초콜릿 크림 칩 프라푸치노,블렌디드 크림,275.0,6.0,7.0,27.0,180.0,우유|대두|밀,https://www.starbucks.co.kr/menu/drink_view.do?product_cd=168066,2026-08-11,True,True,https://www.starbucks.co.kr/menu/drink_view.do?product_cd=168066,https://www.istarbucks.co.kr/upload/store/skuimg/2025/06/[168066]_20250626113822018.jpg,"모카 소스와 진한 초콜릿 칩, 초콜릿 드리즐이 올라간 달콤한 크림 프라푸치노",,매장별 확인,https://www.starbucks.co.kr/menu/drink_list.do,2026-08-11
스타벅스,화이트 타이거 프라푸치노,블렌디드 크림,385.0,6.0,7.0,50.0,240.0,우유,https://www.starbucks.co.kr/menu/drink_view.do?product_cd=9200000002403,2026-08-11,True,True,https://www.starbucks.co.kr/menu/drink_view.do?product_cd=9200000002403,https://www.istarbucks.co.kr/upload/store/skuimg/2025/06/[9200000002403]_20250626100106311.jpg,밀크 쉐이크 같은 부드럽고 달콤한 바닐라 크림 프라푸치노에 깊은 풍미의 단맛을 가진 흑당시럽이 어우러져 용인에버랜드 백호의 줄무늬를 형상화한 부드럽고 달콤한 프라푸치노 * 용인에버랜드점에서만 판매하는 음료입니다,,매장별 확인,https://www.starbucks.co.kr/menu/drink_list.do,2026-08-11
스타벅스,라이트 유자 레몬 블렌디드,블렌디드 후르츠,90.0,0.0,0.0,21.0,30.0,,https://www.starbucks.co.kr/menu/drink_view.do?product_cd=9200000006960,2026-08-11,True,True,https://www.starbucks.co.kr/menu/drink_view.do?product_cd=9200000006960,https://www.istarbucks.co.kr/upload/store/skuimg/2026/05/[9200000006960]_20260507150037099.jpg,"칼로리 걱정을 덜 수 있는 과일 블렌디드의 등장! 제로 슈거 시럽으로 더 가볍게, 비타민을 함유한 레몬 코코 젤리로 더 상큼하게 즐기는 라이트 블렌디드 음료",,매장별 확인,https://www.starbucks.co.kr/menu/drink_list.do,2026-08-11
스타벅스,블루베리 딜라이트 요거트 블렌디드,블렌디드 후르츠,245.0,5.0,4.1,35.0,105.0,우유,https://www.starbucks.co.kr/menu/drink_view.do?product_cd=9200000006963,2026-08-11,True,True,https://www.starbucks.co.kr/menu/drink_view.do?product_cd=9200000006963,https://www.istarbucks.co.kr/upload/store/skuimg/2026/07/[9200000006963]_20260714082039571.jpg,고농축 유산균의 부드러운 요거트와 달콤한 블루베리가 부드럽게 어우러진 시원한 과일 요거트 블렌디드,,매장별 확인,https://www.starbucks.co.kr/menu/drink_list.do,2026-08-11
스타벅스,수박 주스 블렌디드,블렌디드 후르츠,315.0,1.0,6.0,43.0,45.0,우유|땅콩|대두|토마토,https://www.starbucks.co.kr/menu/drink_view.do?product_cd=9200000006975,2026-08-11,True,True,https://www.starbucks.co.kr/menu/drink_view.do?product_cd=9200000006975,https://www.istarbucks.co.kr/upload/store/skuimg/2026/07/[9200000006975]_20260724081131124.jpg,달콤 시원한 수박 과육을 갈아낸 블렌디드에 수박 주스를 부어주어 과일 본연의 풍부한 과즙이 살아있는 여름 음료입니다. 수박씨처럼 콕콕 박힌 오독오독한 초콜릿 땅콩 토핑도 함께 즐겨보세요!,,매장별 확인,https://www.starbucks.co.kr/menu/drink_list.do,2026-08-11
스타벅스,망고 패션 프루트 블렌디드,블렌디드 주스,180.0,2.0,0.0,36.0,105.0,대두,https://www.starbucks.co.kr/menu/drink_view.do?product_cd=167004,2026-08-11,True,True,https://www.starbucks.co.kr/menu/drink_view.do?product_cd=167004,https://www.istarbucks.co.kr/upload/store/skuimg/2025/06/[167004]_20250626095805229.jpg,망고 패션 프루트 주스와 블랙 티가 깔끔하게 어우러진 과일 블렌디드,,매장별 확인,https://www.starbucks.co.kr/menu/drink_list.do,2026-08-11
스타벅스,북한산 레몬 얼 그레이 블렌디드,블렌디드 주스,110.0,0.0,1.0,25.0,10.0,,https://www.starbucks.co.kr/menu/drink_view.do?product_cd=9200000004716,2026-08-11,True,True,https://www.starbucks.co.kr/menu/drink_view.do?product_cd=9200000004716,https://www.istarbucks.co.kr/upload/store/skuimg/2026/03/[9200000004716]_20260303083311982.jpg,꼬냑 향을 가미한 상큼한 레모네이드와 은은한 얼 그레이 티가 어우러진 블렌디드 음료,,매장별 확인,https://www.starbucks.co.kr/menu/drink_list.do,2026-08-11
스타벅스,스타벅스 클래식 밀크티 블렌디드,블렌디드 주스,315.0,3.0,13.0,37.0,55.0,우유,https://www.starbucks.co.kr/menu/drink_view.do?product_cd=9200000004945,2026-08-11,True,True,https://www.starbucks.co.kr/menu/drink_view.do?product_cd=9200000004945,https://www.istarbucks.co.kr/upload/store/skuimg/2025/08/[9200000004945]_20250827131549415.jpg,블랙티의 풍미와 향이 더욱 풍요롭게 느껴질 수 있는 밀크티 블렌디드,,매장별 확인,https://www.starbucks.co.kr/menu/drink_list.do,2026-08-11
스타벅스,여수 바다 유자 블렌디드,블렌디드 주스,145.0,0.0,0.0,34.0,10.0,,https://www.starbucks.co.kr/menu/drink_view.do?product_cd=9200000004870,2026-08-11,True,True,https://www.starbucks.co.kr/menu/drink_view.do?product_cd=9200000004870,https://www.istarbucks.co.kr/upload/store/skuimg/2026/07/[9200000004870]_20260731110244613.jpg,맑고 깨끗한 여수 경도의 낮 바다 풍경을 형상화한 음료로 상큼하게 즐길 수 있는 유자 블렌디드 음료 (유자:국내산),,매장별 확인,https://www.starbucks.co.kr/menu/drink_list.do,2026-08-11
스타벅스,제주 탄제린 블렌디드,블렌디드 주스,260.0,1.0,0.0,43.0,25.0,,https://www.starbucks.co.kr/menu/drink_view.do?product_cd=9200000005377,2026-08-11,True,True,https://www.starbucks.co.kr/menu/drink_view.do?product_cd=9200000005377,https://www.istarbucks.co.kr/upload/store/skuimg/2025/10/[9200000005377]_20251013104535651.jpg,"새콤달콤 한라봉, 천혜향과 탱글말랑 한라봉 젤리로 제주의 싱그러움을 담아 낸 음료",,매장별 확인,https://www.starbucks.co.kr/menu/drink_list.do,2026-08-11
스타벅스,딸기 딜라이트 요거트 블렌디드,블렌디드 후르츠,255.0,7.0,3.5,38.0,100.0,우유,https://www.starbucks.co.kr/menu/drink_view.do?product_cd=9200000003276,2026-08-11,True,True,https://www.starbucks.co.kr/menu/drink_view.do?product_cd=9200000003276,https://www.istarbucks.co.kr/upload/store/skuimg/2025/07/[9200000003276]_20250721084027663.jpg,고농축 유산균의 부드러운 요거트와 딸기 본연의 상콤&달콤한 과육이 상큼하게 어우러진 리뉴얼 된 과일 요거트 블렌디드,,매장별 확인,https://www.starbucks.co.kr/menu/drink_list.do,2026-08-11
스타벅스,말차 폭포 유자 블렌디드,블렌디드 후르츠,150.0,1.0,0.0,32.0,5.0,,https://www.starbucks.co.kr/menu/drink_view.do?product_cd=9200000006577,2026-08-11,True,True,https://www.starbucks.co.kr/menu/drink_view.do?product_cd=9200000006577,https://www.istarbucks.co.kr/upload/store/skuimg/2025/10/[9200000006577]_20251013103946321.jpg,쏟아지는 폭포를 표현한 말차와 상큼한 유자 캐모마일 티가 만나 시원한 평화를 선사하는 송당만의 과일 티 블렌디드 음료,,매장별 확인,https://www.starbucks.co.kr/menu/drink_list.do,2026-08-11
스타벅스,망고 바나나 블렌디드,블렌디드 후르츠,290.0,4.0,9.0,45.0,130.0,우유|대두,https://www.starbucks.co.kr/menu/drink_view.do?product_cd=169001,2026-08-11,True,True,https://www.starbucks.co.kr/menu/drink_view.do?product_cd=169001,https://www.istarbucks.co.kr/upload/store/skuimg/2025/06/[169001]_20250626100121981.jpg,(Grande Only) 달콤한 망고 패션 프루트 주스에 바나나 1개가 통째로 들어간 신선한 블렌디드,,매장별 확인,https://www.starbucks.co.kr/menu/drink_list.do,2026-08-11
스타벅스,블랙 글레이즈드 셔벗 플레이트,블렌디드 후르츠,190.0,2.0,8.0,16.0,120.0,우유,https://www.starbucks.co.kr/menu/drink_view.do?product_cd=9200000006941,2026-08-11,True,True,https://www.starbucks.co.kr/menu/drink_view.do?product_cd=9200000006941,https://www.istarbucks.co.kr/upload/store/skuimg/2026/03/[9200000006941]_20260324151120249.jpg,"마스카포네 크림을 얹은 에스프레소 셔벗과 리저브 에스프레소를 함께, 또 따로 아포가토처럼 즐기는 디저트 스타일 셔벗 음료",,매장별 확인,https://www.starbucks.co.kr/menu/drink_list.do,2026-08-11
스타벅스,자몽 허니 레몬 블렌디드,블렌디드 후르츠,190.0,0.0,0.0,40.0,5.0,,https://www.starbucks.co.kr/menu/drink_view.do?product_cd=9200000006466,2026-08-11,True,True,https://www.starbucks.co.kr/menu/drink_view.do?product_cd=9200000006466,https://www.istarbucks.co.kr/upload/store/skuimg/2025/09/[9200000006466]_20250904105105974.jpg,달콤한 자몽 허니에 레몬의 산뜻함을 더해 달콤상큼함으로 가볍게 즐기기 좋은 과일 블렌디드,,매장별 확인,https://www.starbucks.co.kr/menu/drink_list.do,2026-08-11
스타벅스,피치 망고 블렌디드,블렌디드 후르츠,225.0,1.0,0.0,32.0,100.0,대두|복숭아,https://www.starbucks.co.kr/menu/drink_view.do?product_cd=9200000004780,2026-08-11,True,True,https://www.starbucks.co.kr/menu/drink_view.do?product_cd=9200000004780,https://www.istarbucks.co.kr/upload/store/skuimg/2026/06/[9200000004780]_20260604081230816.jpg,"오직 강릉에서만 다시 만날 수 있는 특화 음료로, 달콤한 피치,망고에 산뜻한 히비스커스 티를 더한 매력적인 음료 *G Only",,매장별 확인,https://www.starbucks.co.kr/menu/drink_list.do,2026-08-11
스타벅스,핑크 피치 코코넛 리프레셔,스타벅스 리프레셔,140.0,1.0,2.1,21.0,40.0,우유|복숭아,https://www.starbucks.co.kr/menu/drink_view.do?product_cd=9200000007121,2026-08-11,True,True,https://www.starbucks.co.kr/menu/drink_view.do?product_cd=9200000007121,https://www.istarbucks.co.kr/upload/store/skuimg/2026/07/[9200000007121]_20260715084625226.jpg,"피치, 망고 딸기 등의 다양한 과일 플레이버와 코코넛 베이스가 조화롭게 어우러진 리프레셔 음료 여름철 가볍게 에너지 부스팅 할 수 있는 음료",,매장별 확인,https://www.starbucks.co.kr/menu/drink_list.do,2026-08-11
스타벅스,딸기 아사이 레모네이드 스타벅스 리프레셔,스타벅스 리프레셔,105.0,1.0,0.0,24.0,0.0,,https://www.starbucks.co.kr/menu/drink_view.do?product_cd=9200000004753,2026-08-11,True,True,https://www.starbucks.co.kr/menu/drink_view.do?product_cd=9200000004753,https://www.istarbucks.co.kr/upload/store/skuimg/2025/06/[9200000004753]_20250626175350251.jpg,"딸기, 아사이베리 주스와 레모네이드가 달콤 상큼하게 조화된 맛에 가볍게 에너지 부스팅을 할 수 있는 리프레셔 음료.",,매장별 확인,https://www.starbucks.co.kr/menu/drink_list.do,2026-08-11
스타벅스,핑크 피치 리프레셔,스타벅스 리프레셔,145.0,0.0,0.0,28.0,15.0,복숭아,https://www.starbucks.co.kr/menu/drink_view.do?product_cd=9200000007097,2026-08-11,True,True,https://www.starbucks.co.kr/menu/drink_view.do?product_cd=9200000007097,https://www.istarbucks.co.kr/upload/store/skuimg/2026/06/[9200000007097]_20260619142429847.jpg,"피치, 망고, 딸기 등의 다양한 과일 플레이버와 레모네이드가 조화롭게 어우러진 리프레셔 음료 두 가지 핑크 톤의 레이어와 함께 가볍게 에너지 부스팅 할 수 있는 음료",,매장별 확인,https://www.starbucks.co.kr/menu/drink_list.do,2026-08-11
스타벅스,골든 만다린 홉 피지오,스타벅스 피지오,120.0,0.0,0.0,27.0,5.0,,https://www.starbucks.co.kr/menu/drink_view.do?product_cd=9200000006172,2026-08-11,True,True,https://www.starbucks.co.kr/menu/drink_view.do?product_cd=9200000006172,https://www.istarbucks.co.kr/upload/store/skuimg/2025/05/[9200000006172]_20250513101034691.jpg,부드럽게 느껴지는 티폼과 시트러스한 감귤 풍미 맥주 느낌의 청량하게 즐기는 상큼한 피지오 음료,,매장별 확인,https://www.starbucks.co.kr/menu/drink_list.do,2026-08-11
스타벅스,라이트 핑크 자몽 피지오,스타벅스 피지오,70.0,0.0,0.0,16.0,0.0,,https://www.starbucks.co.kr/menu/drink_view.do?product_cd=9200000005168,2026-08-11,True,True,https://www.starbucks.co.kr/menu/drink_view.do?product_cd=9200000005168,https://www.istarbucks.co.kr/upload/store/skuimg/2025/06/[9200000005168]_20250626095609681.jpg,"달콤 쌉싸름한 자몽에 탄산의 청량감을 가득 담은 피지오로, 2018년 대비 칼로리를 60% 낮춰 돌아왔습니다. *G사이즈 기준 99kcal 이하 *18년 대비 칼로리 60% DOWN",,매장별 확인,https://www.starbucks.co.kr/menu/drink_list.do,2026-08-11
스타벅스,리버 피치 피지오,스타벅스 피지오,155.0,0.0,0.0,22.0,45.0,복숭아,https://www.starbucks.co.kr/menu/drink_view.do?product_cd=9200000005283,2026-08-11,True,True,https://www.starbucks.co.kr/menu/drink_view.do?product_cd=9200000005283,https://www.istarbucks.co.kr/upload/store/skuimg/2024/05/[9200000005283]_20240509131233446.jpg,길고 깊은 강의 모습과 달콤한 복숭아가 만나 강의 뷰를 즐기며 힐링할 수 있는 상큼한 피지오,,매장별 확인,https://www.starbucks.co.kr/menu/drink_list.do,2026-08-11
스타벅스,서울 석양 오미자 피지오,스타벅스 피지오,155.0,0.0,0.0,39.0,20.0,,https://www.starbucks.co.kr/menu/drink_view.do?product_cd=9200000006937,2026-08-11,True,True,https://www.starbucks.co.kr/menu/drink_view.do?product_cd=9200000006937,https://www.istarbucks.co.kr/upload/store/skuimg/2026/03/[9200000006937]_20260304125026093.jpg,"궁궐 연못을 형상화하는 파랑색 라임 에이드와, 진한 석양을 형상화 하는 상큼한 오미자 용과 피지오가 섞여 아름다운 보랏빛으로 변하는 서울 특화 피지오",,매장별 확인,https://www.starbucks.co.kr/menu/drink_list.do,2026-08-11
스타벅스,여수 바다 자몽 피지오,스타벅스 피지오,250.0,1.0,0.0,45.0,105.0,복숭아,https://www.starbucks.co.kr/menu/drink_view.do?product_cd=9200000004751,2026-08-11,True,True,https://www.starbucks.co.kr/menu/drink_view.do?product_cd=9200000004751,https://www.istarbucks.co.kr/upload/store/skuimg/2023/09/[9200000004751]_20230907153225204.jpg,여수 돌산대교의 밤바다 풍경을 형상화한 음료로 알록달록 색상 조명의 토핑과 함께 여수의 풍경을 바라보며 즐길 수 있는 트로피컬 맛의 음료,,매장별 확인,https://www.starbucks.co.kr/menu/drink_list.do,2026-08-11
스타벅스,의암호의 초록빛 자몽 피지오,스타벅스 피지오,130.0,0.0,0.0,28.0,45.0,,https://www.starbucks.co.kr/menu/drink_view.do?product_cd=9200000005588,2026-08-11,True,True,https://www.starbucks.co.kr/menu/drink_view.do?product_cd=9200000005588,https://www.istarbucks.co.kr/upload/store/skuimg/2024/10/[9200000005588]_20241017130009134.jpg,"춘천의암호 낮의 싱그러운 초록빛을 형상화한 음료로 청자몽과 라임, 레몬젤리를 활용한 피지오 음료",,매장별 확인,https://www.starbucks.co.kr/menu/drink_list.do,2026-08-11
스타벅스,제주팔삭 셔벗 피지오,스타벅스 피지오,165.0,0.0,0.0,38.0,5.0,,https://www.starbucks.co.kr/menu/drink_view.do?product_cd=9200000004946,2026-08-11,True,True,https://www.starbucks.co.kr/menu/drink_view.do?product_cd=9200000004946,https://www.istarbucks.co.kr/upload/store/skuimg/2024/01/[9200000004946]_20240103144959834.jpg,제주송당의 소원나무에 걸린 제주 동백꽃을 형상화한 음료 제주의 자몽이라는 별명을 가진 제주 팔삭과 제주 한라봉으로 매장에서 직접 만든 셔벗과 함께 상큼하게 즐길 수 있는 피지오 음료,,매장별 확인,https://www.starbucks.co.kr/menu/drink_list.do,2026-08-11
스타벅스,제주팔삭 피지오,스타벅스 피지오,150.0,0.0,0.0,34.0,5.0,,https://www.starbucks.co.kr/menu/drink_view.do?product_cd=9200000004947,2026-08-11,True,True,https://www.starbucks.co.kr/menu/drink_view.do?product_cd=9200000004947,https://www.istarbucks.co.kr/upload/store/skuimg/2025/08/[9200000004947]_20250827131344272.jpg,제주의 자몽이라는 별명을 가진 팔삭과 제주 한라봉으로 상큼하고 가볍게 즐길 수 있는 피지오 음료,,매장별 확인,https://www.starbucks.co.kr/menu/drink_list.do,2026-08-11
스타벅스,체리&자두 에너지 피지오,스타벅스 피지오,76.0,0.0,0.0,18.0,0.0,복숭아,https://www.starbucks.co.kr/menu/drink_view.do?product_cd=9200000005983,2026-08-11,True,True,https://www.starbucks.co.kr/menu/drink_view.do?product_cd=9200000005983,https://www.istarbucks.co.kr/upload/store/skuimg/2025/07/[9200000005983]_20250724154622363.jpg,체리와 자두의 이색 조합으로 그란데 사이즈 99kcal와 타우린과 비타민C 등이 영양소가 함유되어 건강한 에너지를 시원하게 즐길 수 있는 카페인 프리 음료. (필요 시 무료로 블랙 티 커스텀을 통해 카페인도 추가할 수 있습니다),,매장별 확인,https://www.starbucks.co.kr/menu/drink_list.do,2026-08-11
스타벅스,쿨 라임 피지오,스타벅스 피지오,95.0,0.0,0.0,22.0,15.0,,https://www.starbucks.co.kr/menu/drink_view.do?product_cd=107051,2026-08-11,True,True,https://www.starbucks.co.kr/menu/drink_view.do?product_cd=107051,https://www.istarbucks.co.kr/upload/store/skuimg/2025/06/[107051]_20250626093749068.jpg,그린 빈 추출액이 들어간 라임 베이스에 건조된 라임 슬라이스를 넣고 스파클링한 시원하고 청량감 있는 음료입니다. (카페인이 함유된 탄산음료입니다),,매장별 확인,https://www.starbucks.co.kr/menu/drink_list.do,2026-08-11
스타벅스,피치 딸기 피지오,스타벅스 피지오,115.0,0.0,0.0,21.0,15.0,복숭아,https://www.starbucks.co.kr/menu/drink_view.do?product_cd=9200000004567,2026-08-11,True,True,https://www.starbucks.co.kr/menu/drink_view.do?product_cd=9200000004567,https://www.istarbucks.co.kr/upload/store/skuimg/2025/11/[9200000004567]_20251125104447608.jpg,피치와 딸기의 상큼한 과일과 청량한 탄산의 조화로 리프레시 할 수 있는 음료,,매장별 확인,https://www.starbucks.co.kr/menu/drink_list.do,2026-08-11
스타벅스,씨솔트 폼 블랙 티,브루드 티,145.0,1.0,5.0,19.0,50.0,우유,https://www.starbucks.co.kr/menu/drink_view.do?product_cd=9200000006951,2026-08-11,True,True,https://www.starbucks.co.kr/menu/drink_view.do?product_cd=9200000006951,https://www.istarbucks.co.kr/upload/store/skuimg/2026/07/[9200000006951]_20260724081325863.jpg,부드럽고 짭짤한 씨솔트 폼과 깊고 맑은 더블 블랙티가 만난 스타벅스만의 폼 티(Foam Tea). 폼 티 속 알로에 토핑과 함께 깔끔하면서도 풍부한 즐거움을 느껴보세요.,,매장별 확인,https://www.starbucks.co.kr/menu/drink_list.do,2026-08-11
스타벅스,살구 조이풀 메들리 쉐이큰 티,아이스 티,110.0,1.0,2.0,22.0,55.0,우유|복숭아,https://www.starbucks.co.kr/menu/drink_view.do?product_cd=9200000007118,2026-08-11,True,True,https://www.starbucks.co.kr/menu/drink_view.do?product_cd=9200000007118,https://www.istarbucks.co.kr/upload/store/skuimg/2026/07/[9200000007118]_20260715084540753.jpg,"상큼한 살구와 조이풀 메들리 티 풍미가 어우러진 신규 티 음료 *조이풀 메들리 티 : 블랙 티에 자스민 그린 티, 우롱 티가 블렌딩 되어 산뜻한 풍미가 은은하게 퍼지는 티",,매장별 확인,https://www.starbucks.co.kr/menu/drink_list.do,2026-08-11
스타벅스,아이스 우베 말차 라떼,티 라떼,275.0,7.0,4.6,24.0,120.0,우유,https://www.starbucks.co.kr/menu/drink_view.do?product_cd=9200000007093,2026-08-11,True,True,https://www.starbucks.co.kr/menu/drink_view.do?product_cd=9200000007093,https://www.istarbucks.co.kr/upload/store/skuimg/2026/05/[9200000007093]_20260518094559868.jpg,진한 말차에 은은한 우베 폼을 더한 매력적인 말차 라떼 말차와 우베의 부드러운 조화를 즐길 수 있는 리저브 티 라떼 음료,,매장별 확인,https://www.starbucks.co.kr/menu/drink_list.do,2026-08-11
스타벅스,민트 블렌드 티,브루드 티,0.0,0.0,0.0,0.0,0.0,,https://www.starbucks.co.kr/menu/drink_view.do?product_cd=4004000000056,2026-08-11,True,True,https://www.starbucks.co.kr/menu/drink_view.do?product_cd=4004000000056,https://www.istarbucks.co.kr/upload/store/skuimg/2021/04/[4004000000056]_20210415135215632.jpg,"스피어민트, 페퍼민트, 레몬머틀이 블렌딩된 상쾌한 허브 티",,매장별 확인,https://www.starbucks.co.kr/menu/drink_list.do,2026-08-11
스타벅스,아이스 민트 블렌드 티,브루드 티,0.0,0.0,0.0,0.0,0.0,,https://www.starbucks.co.kr/menu/drink_view.do?product_cd=4004000000059,2026-08-11,True,True,https://www.starbucks.co.kr/menu/drink_view.do?product_cd=4004000000059,https://www.istarbucks.co.kr/upload/store/skuimg/2025/06/[4004000000059]_20250626095245748.jpg,"스피어민트, 페퍼민트, 레몬머틀이 블렌딩된 상쾌한 허브 티",,매장별 확인,https://www.starbucks.co.kr/menu/drink_list.do,2026-08-11
스타벅스,아이스 얼 그레이 티,브루드 티,0.0,0.0,0.0,0.0,0.0,,https://www.starbucks.co.kr/menu/drink_view.do?product_cd=4004000000039,2026-08-11,True,True,https://www.starbucks.co.kr/menu/drink_view.do?product_cd=4004000000039,https://www.istarbucks.co.kr/upload/store/skuimg/2025/06/[4004000000039]_20250626095101523.jpg,꽃향 가득한 라벤더와 베르가못 향이 진한 홍차와 블렌딩된 향긋한 블랙 티,,매장별 확인,https://www.starbucks.co.kr/menu/drink_list.do,2026-08-11
스타벅스,아이스 유스베리 티,브루드 티,0.0,0.0,0.0,0.0,0.0,,https://www.starbucks.co.kr/menu/drink_view.do?product_cd=9200000000229,2026-08-11,True,True,https://www.starbucks.co.kr/menu/drink_view.do?product_cd=9200000000229,https://www.istarbucks.co.kr/upload/store/skuimg/2025/06/[9200000000229]_20250626094905408.jpg,"제주산 찻잎으로 만든 황차에 사과, 망고, 파인애플, 히비스커스, 로즈힙 등이 블렌딩되어 핑크빛 컬러가 감도는 수색과 베리류의 새콤함을 느낄 수 있는 옐로우 티",,매장별 확인,https://www.starbucks.co.kr/menu/drink_list.do,2026-08-11
스타벅스,아이스 유자 민트 티,브루드 티,95.0,0.0,0.0,22.0,5.0,,https://www.starbucks.co.kr/menu/drink_view.do?product_cd=9200000002959,2026-08-11,True,True,https://www.starbucks.co.kr/menu/drink_view.do?product_cd=9200000002959,https://www.istarbucks.co.kr/upload/store/skuimg/2025/06/[9200000002959]_20250626095858925.jpg,달콤한 국내산 고흥 유자와 알싸하고 은은한 진저와 상쾌한 민트 티가 조화로운 유자 민트 티,,매장별 확인,https://www.starbucks.co.kr/menu/drink_list.do,2026-08-11
스타벅스,아이스 잉글리쉬 브렉퍼스트 티,브루드 티,0.0,0.0,0.0,0.0,0.0,,https://www.starbucks.co.kr/menu/drink_view.do?product_cd=4004000000019,2026-08-11,True,True,https://www.starbucks.co.kr/menu/drink_view.do?product_cd=4004000000019,https://www.istarbucks.co.kr/upload/store/skuimg/2025/06/[4004000000019]_20250626094722001.jpg,"인도 아삼, 제주도 유기농 홍차가 블렌딩되어 진한 벌꿀향과 그윽한 몰트향이 특징인 블랙 티",,매장별 확인,https://www.starbucks.co.kr/menu/drink_list.do,2026-08-11
스타벅스,아이스 제주 유기농 녹차로 만든 티,브루드 티,0.0,0.0,0.0,0.0,0.0,,https://www.starbucks.co.kr/menu/drink_view.do?product_cd=400400000094,2026-08-11,True,True,https://www.starbucks.co.kr/menu/drink_view.do?product_cd=400400000094,https://www.istarbucks.co.kr/upload/store/skuimg/2025/06/[400400000094]_20250626095637338.jpg,유기농 녹차 티백만을 100%(물 제외) 사용한 티로 맑은 수색과 고유의 풍미가 뛰어난 녹차,,매장별 확인,https://www.starbucks.co.kr/menu/drink_list.do,2026-08-11
스타벅스,아이스 제주팔삭 & 자몽 허니 블랙 티,브루드 티,140.0,0.0,0.0,38.0,5.0,,https://www.starbucks.co.kr/menu/drink_view.do?product_cd=9200000004944,2026-08-11,True,True,https://www.starbucks.co.kr/menu/drink_view.do?product_cd=9200000004944,https://www.istarbucks.co.kr/upload/store/skuimg/2025/08/[9200000004944]_20250827132453999.jpg,제주의 자몽이라는 별명을 가진 팔삭과 마누카꿀로 자몽과 블랙티의 맛을 더욱 고급스럽게 즐길 수 있는 음료,,매장별 확인,https://www.starbucks.co.kr/menu/drink_list.do,2026-08-11
스타벅스,아이스 캐모마일 블렌드 티,브루드 티,0.0,0.0,0.0,0.0,0.0,,https://www.starbucks.co.kr/menu/drink_view.do?product_cd=4004000000079,2026-08-11,True,True,https://www.starbucks.co.kr/menu/drink_view.do?product_cd=4004000000079,https://www.istarbucks.co.kr/upload/store/skuimg/2025/06/[4004000000079]_20250626095526701.jpg,"캐모마일과 레몬 그라스, 레몬밤, 히비스커스 등 블렌딩되어 은은하고 차분한 향이 기분을 좋게하는 허브 티",,매장별 확인,https://www.starbucks.co.kr/menu/drink_list.do,2026-08-11
스타벅스,아이스 히비스커스 블렌드 티,브루드 티,0.0,0.0,0.0,0.0,0.0,,https://www.starbucks.co.kr/menu/drink_view.do?product_cd=4004000000069,2026-08-11,True,True,https://www.starbucks.co.kr/menu/drink_view.do?product_cd=4004000000069,https://www.istarbucks.co.kr/upload/store/skuimg/2025/06/[4004000000069]_20250626095350549.jpg,"히비스커스, 사과, 파파야, 망고, 레몬그라스 등이 블렌딩된 상큼한 허브 티",,매장별 확인,https://www.starbucks.co.kr/menu/drink_list.do,2026-08-11
스타벅스,얼 그레이 티,브루드 티,0.0,0.0,0.0,0.0,0.0,,https://www.starbucks.co.kr/menu/drink_view.do?product_cd=4004000000036,2026-08-11,True,True,https://www.starbucks.co.kr/menu/drink_view.do?product_cd=4004000000036,https://www.istarbucks.co.kr/upload/store/skuimg/2021/04/[4004000000036]_20210415143933425.jpg,꽃향 가득한 라벤더와 베르가못 향이 진한 홍차와 블렌딩된 향긋한 블랙 티,,매장별 확인,https://www.starbucks.co.kr/menu/drink_list.do,2026-08-11
스타벅스,유스베리 티,브루드 티,0.0,0.0,0.0,0.0,0.0,,https://www.starbucks.co.kr/menu/drink_view.do?product_cd=9200000000226,2026-08-11,True,True,https://www.starbucks.co.kr/menu/drink_view.do?product_cd=9200000000226,https://www.istarbucks.co.kr/upload/store/skuimg/2021/04/[9200000000226]_20210415144434521.jpg,"제주산 찻잎으로 만든 황차에 사과, 망고, 파인애플, 히비스커스, 로즈힙 등이 블렌딩되어 핑크빛 컬러가 감도는 수색과 베리류의 새콤함을 느낄 수 있는 옐로우 티",,매장별 확인,https://www.starbucks.co.kr/menu/drink_list.do,2026-08-11
스타벅스,유자 민트 티,브루드 티,140.0,0.0,0.0,33.0,10.0,,https://www.starbucks.co.kr/menu/drink_view.do?product_cd=9200000002956,2026-08-11,True,True,https://www.starbucks.co.kr/menu/drink_view.do?product_cd=9200000002956,https://www.istarbucks.co.kr/upload/store/skuimg/2022/04/[9200000002956]_20220411155551915.jpg,"달콤한 국내산 고흥 유자와 알싸하고 은은한 진저, 우릴 수록 상쾌한 민트 티가 조화로운 유자 민트 티",,매장별 확인,https://www.starbucks.co.kr/menu/drink_list.do,2026-08-11
스타벅스,잉글리쉬 브렉퍼스트 티,브루드 티,0.0,0.0,0.0,0.0,0.0,,https://www.starbucks.co.kr/menu/drink_view.do?product_cd=4004000000016,2026-08-11,True,True,https://www.starbucks.co.kr/menu/drink_view.do?product_cd=4004000000016,https://www.istarbucks.co.kr/upload/store/skuimg/2021/04/[4004000000016]_20210415153648533.jpg,"인도 아삼, 제주도 유기농 홍차가 블렌딩되어 진한 벌꿀향과 그윽한 몰트향이 특징인 블랙 티",,매장별 확인,https://www.starbucks.co.kr/menu/drink_list.do,2026-08-11
스타벅스,자몽 허니 블랙 티,브루드 티,125.0,0.0,0.0,30.0,5.0,,https://www.starbucks.co.kr/menu/drink_view.do?product_cd=9200000000187,2026-08-11,True,True,https://www.starbucks.co.kr/menu/drink_view.do?product_cd=9200000000187,https://www.istarbucks.co.kr/upload/store/skuimg/2021/04/[9200000000187]_20210419131229539.jpg,새콤한 자몽과 달콤한 꿀이 깊고 그윽한 풍미의 스타벅스 티바나 블랙 티의 조화,,매장별 확인,https://www.starbucks.co.kr/menu/drink_list.do,2026-08-11
스타벅스,제주 유기농 녹차로 만든 티,브루드 티,0.0,0.0,0.0,0.0,0.0,,https://www.starbucks.co.kr/menu/drink_view.do?product_cd=400400000091,2026-08-11,True,True,https://www.starbucks.co.kr/menu/drink_view.do?product_cd=400400000091,https://www.istarbucks.co.kr/upload/store/skuimg/2021/04/[400400000091]_20210415132229904.jpg,유기농 녹차 티백만을 100%(물 제외) 사용한 티로 맑은 수색과 고유의 풍미가 뛰어난 녹차,,매장별 확인,https://www.starbucks.co.kr/menu/drink_list.do,2026-08-11
스타벅스,제주팔삭 & 자몽 허니 블랙 티,브루드 티,140.0,0.0,0.0,38.0,5.0,,https://www.starbucks.co.kr/menu/drink_view.do?product_cd=9200000004943,2026-08-11,True,True,https://www.starbucks.co.kr/menu/drink_view.do?product_cd=9200000004943,https://www.istarbucks.co.kr/upload/store/skuimg/2025/08/[9200000004943]_20250827132403893.jpg,제주의 자몽이라는 별명을 가진 팔삭과 마누카꿀로 자몽과 블랙티의 맛을 더욱 고급스럽게 즐길 수 있는 음료,,매장별 확인,https://www.starbucks.co.kr/menu/drink_list.do,2026-08-11
스타벅스,캐모마일 블렌드 티,브루드 티,0.0,0.0,0.0,0.0,0.0,,https://www.starbucks.co.kr/menu/drink_view.do?product_cd=4004000000076,2026-08-11,True,True,https://www.starbucks.co.kr/menu/drink_view.do?product_cd=4004000000076,https://www.istarbucks.co.kr/upload/store/skuimg/2021/04/[4004000000076]_20210415154920731.jpg,"캐모마일과 레몬 그라스, 레몬밤, 히비스커스 등 블렌딩되어 은은하고 차분한 향이 기분을 좋게하는 허브 티",,매장별 확인,https://www.starbucks.co.kr/menu/drink_list.do,2026-08-11
스타벅스,히비스커스 블렌드 티,브루드 티,0.0,0.0,0.0,0.0,0.0,,https://www.starbucks.co.kr/menu/drink_view.do?product_cd=4004000000066,2026-08-11,True,True,https://www.starbucks.co.kr/menu/drink_view.do?product_cd=4004000000066,https://www.istarbucks.co.kr/upload/store/skuimg/2021/04/[4004000000066]_20210415155836395.jpg,"히비스커스, 사과, 파파야, 망고, 레몬그라스 등이 블렌딩된 상큼한 허브 티",,매장별 확인,https://www.starbucks.co.kr/menu/drink_list.do,2026-08-11
스타벅스,레몬 캐모마일 블렌드 티,아이스 티,130.0,0.0,0.0,30.0,10.0,,https://www.starbucks.co.kr/menu/drink_view.do?product_cd=9200000004990,2026-08-11,True,True,https://www.starbucks.co.kr/menu/drink_view.do?product_cd=9200000004990,https://www.istarbucks.co.kr/upload/store/skuimg/2023/12/[9200000004990]_20231212110704134.jpg,상큼한 레몬에 캐모마일이 은은하게 감도는 무카페인 티,,매장별 확인,https://www.starbucks.co.kr/menu/drink_list.do,2026-08-11
스타벅스,복숭아 아이스 티,아이스 티,255.0,1.0,0.0,34.0,75.0,복숭아,https://www.starbucks.co.kr/menu/drink_view.do?product_cd=9200000005307,2026-08-11,True,True,https://www.starbucks.co.kr/menu/drink_view.do?product_cd=9200000005307,https://www.istarbucks.co.kr/upload/store/skuimg/2025/06/[9200000005307]_20250626101543177.jpg,"찻잎을 직접 우려 만든 상큼하고 청량한 아이스 티로, 복숭아의 진한 맛과 홍차의 조화가 매력적인 음료 *Hot Tea로도 즐기실 수 있습니다.",,매장별 확인,https://www.starbucks.co.kr/menu/drink_list.do,2026-08-11
스타벅스,복숭아 핫 티,아이스 티,160.0,0.0,0.0,21.0,50.0,복숭아,https://www.starbucks.co.kr/menu/drink_view.do?product_cd=9200000005304,2026-08-11,True,True,https://www.starbucks.co.kr/menu/drink_view.do?product_cd=9200000005304,https://www.istarbucks.co.kr/upload/store/skuimg/2024/07/[9200000005304]_20240717132620949.jpg,"찻잎을 직접 우려 만든 따뜻한 티로, 복숭아와 진한 홍차의 풍미를 느낄 수 있는 음료",,매장별 확인,https://www.starbucks.co.kr/menu/drink_list.do,2026-08-11
스타벅스,시트러스 가든 민트 티,아이스 티,140.0,0.0,0.0,32.0,5.0,,https://www.starbucks.co.kr/menu/drink_view.do?product_cd=9200000006560,2026-08-11,True,True,https://www.starbucks.co.kr/menu/drink_view.do?product_cd=9200000006560,https://www.istarbucks.co.kr/upload/store/skuimg/2025/10/[9200000006560]_20251010154155973.jpg,"유자, 청자몽이 어우러진 민트 티에 머들링한 신선한 민트가 더해져 상큼하면서도 상쾌한 풍미가 산뜻하게 느껴지는 논 카페인 티 음료",,매장별 확인,https://www.starbucks.co.kr/menu/drink_list.do,2026-08-11
스타벅스,아이스 레몬 캐모마일 블렌드 티,아이스 티,130.0,0.0,0.0,30.0,10.0,,https://www.starbucks.co.kr/menu/drink_view.do?product_cd=9200000004991,2026-08-11,True,True,https://www.starbucks.co.kr/menu/drink_view.do?product_cd=9200000004991,https://www.istarbucks.co.kr/upload/store/skuimg/2023/12/[9200000004991]_20231212110749533.jpg,상큼한 레몬에 캐모마일이 은은하게 감도는 무카페인 티,,매장별 확인,https://www.starbucks.co.kr/menu/drink_list.do,2026-08-11
스타벅스,아이스 자몽 허니 블랙 티,아이스 티,125.0,0.0,0.0,30.0,5.0,,https://www.starbucks.co.kr/menu/drink_view.do?product_cd=9200000004769,2026-08-11,True,True,https://www.starbucks.co.kr/menu/drink_view.do?product_cd=9200000004769,https://www.istarbucks.co.kr/upload/store/skuimg/2025/06/[9200000004769]_20250626175158256.jpg,새콤한 자몽과 달콤한 꿀이 깊고 그윽한 풍미의 스타벅스 티바나 블랙 티의 조화.,,매장별 확인,https://www.starbucks.co.kr/menu/drink_list.do,2026-08-11
스타벅스,말차 티라미수 라떼,티 라떼,415.0,11.0,15.0,39.0,230.0,우유,https://www.starbucks.co.kr/menu/drink_view.do?product_cd=9200000004954,2026-08-11,True,True,https://www.starbucks.co.kr/menu/drink_view.do?product_cd=9200000004954,https://www.istarbucks.co.kr/upload/store/skuimg/2023/11/[9200000004954]_20231127093740735.jpg,달콤 쌉싸름한 말차크림으로 부드럽게 즐길 수 있는 디저트 타입의 말차 티라미수 음료,,매장별 확인,https://www.starbucks.co.kr/menu/drink_list.do,2026-08-11
스타벅스,스타벅스 클래식 밀크 티,티 라떼,300.0,4.0,13.0,32.0,80.0,우유,https://www.starbucks.co.kr/menu/drink_view.do?product_cd=9200000004933,2026-08-11,True,True,https://www.starbucks.co.kr/menu/drink_view.do?product_cd=9200000004933,https://www.istarbucks.co.kr/upload/store/skuimg/2025/01/[9200000004933]_20250102105625904.jpg,"스타벅스가 선보이는 클래식한 밀크 티로, 진하게 오래 우려낸 티바나 블랙 티의 깊은 풍미와 우유의 조화로움을 담아낸 '맛'에 집중한 밀크 티",,매장별 확인,https://www.starbucks.co.kr/menu/drink_list.do,2026-08-11
스타벅스,스타벅스 클래식 밀크 티 보틀,티 라떼,485.0,7.0,21.0,52.0,130.0,우유,https://www.starbucks.co.kr/menu/drink_view.do?product_cd=9200000004942,2026-08-11,True,True,https://www.starbucks.co.kr/menu/drink_view.do?product_cd=9200000004942,https://www.istarbucks.co.kr/upload/store/skuimg/2025/06/[9200000004942]_20250626095409672.jpg,"진하게 우려낸 블랙 티의 깊은 풍미와 우유의 조화로움을 담아낸 클래식 밀크 티를 전용 보틀과 함께, 언제 어디서나, 편하게 즐겨보세요.(전용 보틀 / 500ml)",,매장별 확인,https://www.starbucks.co.kr/menu/drink_list.do,2026-08-11
스타벅스,아이스 말차 티라미수 라떼,티 라떼,355.0,8.0,13.0,34.0,180.0,우유,https://www.starbucks.co.kr/menu/drink_view.do?product_cd=9200000004955,2026-08-11,True,True,https://www.starbucks.co.kr/menu/drink_view.do?product_cd=9200000004955,https://www.istarbucks.co.kr/upload/store/skuimg/2023/11/[9200000004955]_20231127093837610.jpg,달콤 쌉싸름한 말차크림으로 부드럽게 즐길 수 있는 디저트 타입의 말차 티라미수 음료,,매장별 확인,https://www.starbucks.co.kr/menu/drink_list.do,2026-08-11
스타벅스,아이스 스타벅스 클래식 밀크 티,티 라떼,200.0,3.0,9.0,23.0,50.0,우유,https://www.starbucks.co.kr/menu/drink_view.do?product_cd=9200000004936,2026-08-11,True,True,https://www.starbucks.co.kr/menu/drink_view.do?product_cd=9200000004936,https://www.istarbucks.co.kr/upload/store/skuimg/2025/06/[9200000004936]_20250626095136814.jpg,"스타벅스가 선보이는 클래식한 밀크 티로, 진하게 오래 우려낸 티바나 블랙 티의 깊은 풍미와 우유의 조화로움을 담아낸 '맛'에 집중한 밀크 티",,매장별 확인,https://www.starbucks.co.kr/menu/drink_list.do,2026-08-11
스타벅스,아이스 얼 그레이 바닐라 티 라떼,티 라떼,285.0,5.0,7.0,21.0,85.0,우유|대두,https://www.starbucks.co.kr/menu/drink_view.do?product_cd=9200000004288,2026-08-11,True,True,https://www.starbucks.co.kr/menu/drink_view.do?product_cd=9200000004288,https://www.istarbucks.co.kr/upload/store/skuimg/2026/03/[9200000004288]_20260303093738869.jpg,"2가지 티(블랙티, 얼 그레이 티)가 조화롭고 콜드 폼과 바닐라의 풍미가 은은하게 퍼져 깔끔하고 부드러운 티 라떼 음료",,매장별 확인,https://www.starbucks.co.kr/menu/drink_list.do,2026-08-11
스타벅스,아이스 의암호의 보랏빛 라벤더 티 라떼,티 라떼,290.0,4.0,7.0,33.0,80.0,우유,https://www.starbucks.co.kr/menu/drink_view.do?product_cd=9200000005590,2026-08-11,True,True,https://www.starbucks.co.kr/menu/drink_view.do?product_cd=9200000005590,https://www.istarbucks.co.kr/upload/store/skuimg/2024/10/[9200000005590]_20241017130203194.jpg,춘천의암호의 낭만적인 밤하늘의 보랏빛을 표현한 음료로 차분한 느낌의 라벤더를 활용하여 릴렉스 할 수 있는 티 라떼 음료,,매장별 확인,https://www.starbucks.co.kr/menu/drink_list.do,2026-08-11
스타벅스,아이스 제주 말차 라떼,티 라떼,155.0,6.0,3.6,16.0,95.0,우유,https://www.starbucks.co.kr/menu/drink_view.do?product_cd=9200000002499,2026-08-11,True,True,https://www.starbucks.co.kr/menu/drink_view.do?product_cd=9200000002499,https://www.istarbucks.co.kr/upload/store/skuimg/2025/06/[9200000002499]_20250626100713501.jpg,차광재배한 어린 녹찻잎을 곱게 갈아 깊고 진한 말차 본연의 맛과 향을 부드럽게 즐길 수 있는 제주 말차 라떼,,매장별 확인,https://www.starbucks.co.kr/menu/drink_list.do,2026-08-11
스타벅스,아이스 프렌치 바닐라 말차 라떼,티 라떼,260.0,6.0,11.0,25.0,160.0,우유,https://www.starbucks.co.kr/menu/drink_view.do?product_cd=9200000006059,2026-08-11,True,True,https://www.starbucks.co.kr/menu/drink_view.do?product_cd=9200000006059,https://www.istarbucks.co.kr/upload/store/skuimg/2025/04/[9200000006059]_20250424110002176.jpg,번트 슈가의 풍미가 더해진 프렌치 바닐라 크림과 말차가 어우러진 음료,,매장별 확인,https://www.starbucks.co.kr/menu/drink_list.do,2026-08-11
스타벅스,얼 그레이 바닐라 티 라떼,티 라떼,345.0,7.0,9.0,25.0,105.0,우유|대두,https://www.starbucks.co.kr/menu/drink_view.do?product_cd=9200000004285,2026-08-11,True,True,https://www.starbucks.co.kr/menu/drink_view.do?product_cd=9200000004285,https://www.istarbucks.co.kr/upload/store/skuimg/2026/03/[9200000004285]_20260303093653875.jpg,"2가지 티(블랙티, 얼 그레이 티)가 조화롭고 콜드 폼과 바닐라의 풍미가 은은하게 퍼져 깔끔하고 부드러운 티 라떼 음료",,매장별 확인,https://www.starbucks.co.kr/menu/drink_list.do,2026-08-11
스타벅스,의암호의 보랏빛 라벤더 티 라떼,티 라떼,315.0,5.0,8.0,35.0,100.0,우유,https://www.starbucks.co.kr/menu/drink_view.do?product_cd=9200000005589,2026-08-11,True,True,https://www.starbucks.co.kr/menu/drink_view.do?product_cd=9200000005589,https://www.istarbucks.co.kr/upload/store/skuimg/2024/10/[9200000005589]_20241017130107685.jpg,춘천의암호의 낭만적인 밤하늘의 보랏빛을 표현한 음료로 차분한 느낌의 라벤더를 활용하여 릴렉스 할 수 있는 티 라떼 음료,,매장별 확인,https://www.starbucks.co.kr/menu/drink_list.do,2026-08-11
스타벅스,제주 말차 라떼,티 라떼,205.0,9.0,5.0,20.0,130.0,우유,https://www.starbucks.co.kr/menu/drink_view.do?product_cd=9200000002496,2026-08-11,True,True,https://www.starbucks.co.kr/menu/drink_view.do?product_cd=9200000002496,https://www.istarbucks.co.kr/upload/store/skuimg/2021/04/[9200000002496]_20210419131039350.jpg,차광재배한 어린 녹찻잎을 곱게 갈아 깊고 진한 말차 본연의 맛과 향을 부드럽게 즐길 수 있는 제주 말차 라떼,,매장별 확인,https://www.starbucks.co.kr/menu/drink_list.do,2026-08-11
스타벅스,클라우드 코코 말차,티 라떼,160.0,2.0,3.4,24.0,65.0,우유,https://www.starbucks.co.kr/menu/drink_view.do?product_cd=9200000006548,2026-08-11,True,True,https://www.starbucks.co.kr/menu/drink_view.do?product_cd=9200000006548,https://www.istarbucks.co.kr/upload/store/skuimg/2025/10/[9200000006548]_20251010111720776.jpg,수분 보충에 좋은 코코넛 워터에 진한 말차 풍미 가득한 폼을 더해 가볍고 깔끔하게 즐기기 좋은 음료 알로에 토핑을 더해 식감의 재미를 더했습니다. 말차 폼과 코코넛 워터를 잘 섞어 드시면 코코넛&말차의 조화로움을 느껴보실 수 있습니다.,,매장별 확인,https://www.starbucks.co.kr/menu/drink_list.do,2026-08-11
스타벅스,프렌치 바닐라 말차 라떼,티 라떼,380.0,12.0,15.0,35.0,250.0,우유,https://www.starbucks.co.kr/menu/drink_view.do?product_cd=9200000006058,2026-08-11,True,True,https://www.starbucks.co.kr/menu/drink_view.do?product_cd=9200000006058,https://www.istarbucks.co.kr/upload/store/skuimg/2025/04/[9200000006058]_20250424105905420.jpg,번트 슈가의 풍미가 더해진 프렌치 바닐라 크림과 말차가 어우러진 음료,,매장별 확인,https://www.starbucks.co.kr/menu/drink_list.do,2026-08-11
스타벅스,딸기 콜드폼 초콜릿,초콜릿,255.0,7.0,2.0,45.0,110.0,우유,https://www.starbucks.co.kr/menu/drink_view.do?product_cd=9200000004950,2026-08-11,True,True,https://www.starbucks.co.kr/menu/drink_view.do?product_cd=9200000004950,https://www.istarbucks.co.kr/upload/store/skuimg/2023/12/[9200000004950]_20231204090636952.jpg,딸기 풍미 가득한 스타벅스만의 딸기 콜드폼과 은은한 초콜릿의 향으로 남녀노소 즐길 수 있는 음료,,매장별 확인,https://www.starbucks.co.kr/menu/drink_list.do,2026-08-11
스타벅스,시그니처 핫 초콜릿,초콜릿,405.0,12.0,15.0,38.0,130.0,우유,https://www.starbucks.co.kr/menu/drink_view.do?product_cd=72,2026-08-11,True,True,https://www.starbucks.co.kr/menu/drink_view.do?product_cd=72,https://www.istarbucks.co.kr/upload/store/skuimg/2021/04/[72]_20210415140949967.jpg,깊고 진한 초콜릿과 부드러운 휘핑크림이 입안에서 사르르 녹는 초콜릿 음료,,매장별 확인,https://www.starbucks.co.kr/menu/drink_list.do,2026-08-11
스타벅스,아이스 시그니처 초콜릿,초콜릿,277.0,8.0,12.0,21.0,100.0,우유,https://www.starbucks.co.kr/menu/drink_view.do?product_cd=110621,2026-08-11,True,True,https://www.starbucks.co.kr/menu/drink_view.do?product_cd=110621,https://www.istarbucks.co.kr/upload/store/skuimg/2025/06/[110621]_20250626113323062.jpg,깊고 진한 초콜릿과 부드러운 휘핑크림이 입안에서 사르르 녹는 초콜릿 음료,,매장별 확인,https://www.starbucks.co.kr/menu/drink_list.do,2026-08-11
스타벅스,아이스 티라미수 초콜릿,초콜릿,360.0,8.0,12.0,38.0,140.0,우유,https://www.starbucks.co.kr/menu/drink_view.do?product_cd=9200000004953,2026-08-11,True,True,https://www.starbucks.co.kr/menu/drink_view.do?product_cd=9200000004953,https://www.istarbucks.co.kr/upload/store/skuimg/2023/11/[9200000004953]_20231127094019543.jpg,리저브 다크 초콜릿을 활용하여 초콜릿 풍미 가득한 디저트 타입의 티라미수 초콜릿,,매장별 확인,https://www.starbucks.co.kr/menu/drink_list.do,2026-08-11
스타벅스,티라미수 초콜릿,초콜릿,440.0,12.0,15.0,44.0,210.0,우유,https://www.starbucks.co.kr/menu/drink_view.do?product_cd=9200000004952,2026-08-11,True,True,https://www.starbucks.co.kr/menu/drink_view.do?product_cd=9200000004952,https://www.istarbucks.co.kr/upload/store/skuimg/2023/11/[9200000004952]_20231127093937845.jpg,리저브 다크 초콜릿을 활용하여 초콜릿 풍미 가득한 디저트 타입의 티라미수 초콜릿,,매장별 확인,https://www.starbucks.co.kr/menu/drink_list.do,2026-08-11
스타벅스,플러피 판다 아이스 초콜릿,초콜릿,415.0,11.0,16.0,39.0,150.0,우유,https://www.starbucks.co.kr/menu/drink_view.do?product_cd=9200000003658,2026-08-11,True,True,https://www.starbucks.co.kr/menu/drink_view.do?product_cd=9200000003658,https://www.istarbucks.co.kr/upload/store/skuimg/2025/06/[9200000003658]_20250626095124588.jpg,"고소한 헤이즐넛과 진한 초콜릿의 만남, 귀여운 판다까지 더해진 플러피 판다 아이스 초콜릿! * 용인에버랜드점에서만 판매하는 음료입니다",,매장별 확인,https://www.starbucks.co.kr/menu/drink_list.do,2026-08-11
스타벅스,플러피 판다 핫 초콜릿,초콜릿,470.0,12.0,17.0,48.0,160.0,우유,https://www.starbucks.co.kr/menu/drink_view.do?product_cd=9200000002594,2026-08-11,True,True,https://www.starbucks.co.kr/menu/drink_view.do?product_cd=9200000002594,https://www.istarbucks.co.kr/upload/store/skuimg/2021/04/[9200000002594]_20210422080327783.jpg,"고소한 헤이즐넛과 진한 핫초콜릿의 만남, 귀여운 판다까지 더해진 플러피 판다 핫 초콜릿! * 용인에버랜드점에서만 판매하는 음료입니다",,매장별 확인,https://www.starbucks.co.kr/menu/drink_list.do,2026-08-11
스타벅스,딸기 콜드폼 딸기 라떼,기타,235.0,6.0,2.0,41.0,110.0,우유,https://www.starbucks.co.kr/menu/drink_view.do?product_cd=9200000004951,2026-08-11,True,True,https://www.starbucks.co.kr/menu/drink_view.do?product_cd=9200000004951,https://www.istarbucks.co.kr/upload/store/skuimg/2023/11/[9200000004951]_20231102101647442.jpg,딸기 풍미 가득한 스타벅스만의 딸기 콜드폼과 딸기 본연의 맛을 즐길 수 있는 음료,,매장별 확인,https://www.starbucks.co.kr/menu/drink_list.do,2026-08-11
스타벅스,스타벅스 슬래머,기타,210.0,0.0,0.0,49.0,0.0,,https://www.starbucks.co.kr/menu/drink_view.do?product_cd=9200000003659,2026-08-11,True,True,https://www.starbucks.co.kr/menu/drink_view.do?product_cd=9200000003659,https://www.istarbucks.co.kr/upload/store/skuimg/2025/06/[9200000003659]_20250626093348421.jpg,"스트로베리와 아사이베리의 상큼, 달콤한 맛이 톡톡! 시원하고 통쾌한 그랜드 슬램을 위한 에너지 부스팅 음료~! * SSG랜더스필드 매장에서만 판매하는 음료입니다.",,매장별 확인,https://www.starbucks.co.kr/menu/drink_list.do,2026-08-11
스타벅스,스팀 우유,기타,215.0,13.0,7.0,18.0,173.0,우유,https://www.starbucks.co.kr/menu/drink_view.do?product_cd=17,2026-08-11,True,True,https://www.starbucks.co.kr/menu/drink_view.do?product_cd=17,https://www.istarbucks.co.kr/upload/store/skuimg/2021/04/[17]_20210426095334934.jpg,부드럽고 담백한 따뜻한 우유.,,매장별 확인,https://www.starbucks.co.kr/menu/drink_list.do,2026-08-11
스타벅스,우유,기타,240.0,12.0,8.0,18.0,200.0,우유,https://www.starbucks.co.kr/menu/drink_view.do?product_cd=18,2026-08-11,True,True,https://www.starbucks.co.kr/menu/drink_view.do?product_cd=18,https://www.istarbucks.co.kr/upload/store/skuimg/2025/06/[18]_20250626093838261.jpg,부드럽고 담백한 신선한 우유.,,매장별 확인,https://www.starbucks.co.kr/menu/drink_list.do,2026-08-11
스타벅스,제주팔삭 셔벗,기타,95.0,0.0,0.0,22.0,5.0,,https://www.starbucks.co.kr/menu/drink_view.do?product_cd=9200000004957,2026-08-11,True,True,https://www.starbucks.co.kr/menu/drink_view.do?product_cd=9200000004957,https://www.istarbucks.co.kr/upload/store/skuimg/2025/08/[9200000004957]_20250827131450142.jpg,제주의 자몽이라는 별명을 가진 팔삭과 한라봉으로 매장에서 직접 만든 상큼한 셔벗,,매장별 확인,https://www.starbucks.co.kr/menu/drink_list.do,2026-08-11
스타벅스,ABC 클렌즈 190ML,올가니카,90.0,1.0,1.0,16.0,45.0,,https://www.starbucks.co.kr/menu/drink_view.do?product_cd=9300000004346,2026-08-11,True,True,https://www.starbucks.co.kr/menu/drink_view.do?product_cd=9300000004346,https://www.istarbucks.co.kr/upload/store/skuimg/2024/03/[9300000004346]_20240328133443928.jpg,"과일 및 채소를 착즙하여 만든 주스! 사과, 비트, 당근이 들어가 과일&채소를 달콤하게 즐길 수 있는 음료",,매장별 확인,https://www.starbucks.co.kr/menu/drink_list.do,2026-08-11
스타벅스,스퀴즈드 오렌지 주스 100ML,올가니카,50.0,1.0,0.0,9.0,0.0,,https://www.starbucks.co.kr/menu/drink_view.do?product_cd=9300000005406,2026-08-11,True,True,https://www.starbucks.co.kr/menu/drink_view.do?product_cd=9300000005406,https://www.istarbucks.co.kr/upload/store/skuimg/2024/09/[9300000005406]_20240905084511440.jpg,통오렌지를 착즙해 스페인 네이블 오렌지의 맛이 그대로 느껴지는 프리미엄 주스,,매장별 확인,https://www.starbucks.co.kr/menu/drink_list.do,2026-08-11
스타벅스,케일 클렌즈 190ML,올가니카,90.0,1.0,2.0,15.0,15.0,,https://www.starbucks.co.kr/menu/drink_view.do?product_cd=9300000004348,2026-08-11,True,True,https://www.starbucks.co.kr/menu/drink_view.do?product_cd=9300000004348,https://www.istarbucks.co.kr/upload/store/skuimg/2024/03/[9300000004348]_20240328133830383.jpg,"과일 및 채소를 착즙하여 만든 주스! 케일, 셀러리, 오이가 들어가 과일&채소를 건강하게 즐길 수 있는 음료",,매장별 확인,https://www.starbucks.co.kr/menu/drink_list.do,2026-08-11
스타벅스,딸기주스 190ML,과일 과채,110.0,0.0,0.0,25.0,30.0,,https://www.starbucks.co.kr/menu/drink_view.do?product_cd=5210008070,2026-08-11,True,True,https://www.starbucks.co.kr/menu/drink_view.do?product_cd=5210008070,https://www.istarbucks.co.kr/upload/store/skuimg/2025/05/[5210008070]_20250527081742210.jpg,달콤한 국내산 딸기의 과육이 듬뿍 느껴지는 주스,,매장별 확인,https://www.starbucks.co.kr/menu/drink_list.do,2026-08-11
스타벅스,망고주스 190ML,과일 과채,117.0,1.0,0.0,23.0,15.0,,https://www.starbucks.co.kr/menu/drink_view.do?product_cd=5210008061,2026-08-11,True,True,https://www.starbucks.co.kr/menu/drink_view.do?product_cd=5210008061,https://www.istarbucks.co.kr/upload/store/skuimg/2024/10/[5210008061]_20241031123748556.jpg,노랗게 익은 열대과일 망고가 입안 가득 느껴지는 주스,,매장별 확인,https://www.starbucks.co.kr/menu/drink_list.do,2026-08-11
스타벅스,수박 주스 190ML,과일 과채,100.0,1.0,0.0,20.0,15.0,,https://www.starbucks.co.kr/menu/drink_view.do?product_cd=9300000005405,2026-08-11,True,True,https://www.starbucks.co.kr/menu/drink_view.do?product_cd=9300000005405,https://www.istarbucks.co.kr/upload/store/skuimg/2024/09/[9300000005405]_20240905084714529.jpg,동남아의 땡모반과 같이 수박 특유의 달콤함과 청량함이 입안 가득 느껴지는 주스,,매장별 확인,https://www.starbucks.co.kr/menu/drink_list.do,2026-08-11
스타벅스,유기농 오렌지 100% 주스 190ML,과일 과채,95.0,2.0,0.0,20.0,5.0,,https://www.starbucks.co.kr/menu/drink_view.do?product_cd=9300000003771,2026-08-11,True,True,https://www.starbucks.co.kr/menu/drink_view.do?product_cd=9300000003771,https://www.istarbucks.co.kr/upload/store/skuimg/2024/09/[9300000003771]_20240923184306693.jpg,"프리미엄 유기농 오렌지 주스로 스페인산 오렌지 착즙! 오렌지 그대로 100% 담긴 3개 분량 물, 설탕, 첨가물 없는 오렌지 그대로의 맛",,매장별 확인,https://www.starbucks.co.kr/menu/drink_list.do,2026-08-11
스타벅스,케일&사과주스 190ML,과일 과채,105.0,0.0,0.0,26.0,25.0,,https://www.starbucks.co.kr/menu/drink_view.do?product_cd=5210008072,2026-08-11,True,True,https://www.starbucks.co.kr/menu/drink_view.do?product_cd=5210008072,https://www.istarbucks.co.kr/upload/store/skuimg/2021/04/[5210008072]_20210426100712780.jpg,국내산 케일과 사과의 달콤함이 조화로운 녹색 주스,,매장별 확인,https://www.starbucks.co.kr/menu/drink_list.do,2026-08-11
스타벅스,한라봉주스 190ML,과일 과채,88.0,1.0,0.0,20.0,10.0,,https://www.starbucks.co.kr/menu/drink_view.do?product_cd=5210008055,2026-08-11,True,True,https://www.starbucks.co.kr/menu/drink_view.do?product_cd=5210008055,https://www.istarbucks.co.kr/upload/store/skuimg/2024/10/[5210008055]_20241031123524702.jpg,새콤달콤한 황금빛 제주 한라봉을 그대로 담아낸 주스,,매장별 확인,https://www.starbucks.co.kr/menu/drink_list.do,2026-08-11
스타벅스,햇사과 주스 190ML,과일 과채,113.0,2.0,0.0,27.0,10.0,,https://www.starbucks.co.kr/menu/drink_view.do?product_cd=9300000002565,2026-08-11,True,True,https://www.starbucks.co.kr/menu/drink_view.do?product_cd=9300000002565,https://www.istarbucks.co.kr/upload/store/skuimg/2024/09/[9300000002565]_20240923184651121.jpg,달콤새콤한 햇사과 1개 반을 껍질 그대로 착즙한 사과 주스,,매장별 확인,https://www.starbucks.co.kr/menu/drink_list.do,2026-08-11
스타벅스,딸기 가득 요거트 190ML,요거트,155.0,4.0,3.2,21.0,50.0,우유,https://www.starbucks.co.kr/menu/drink_view.do?product_cd=9300000003775,2026-08-11,True,True,https://www.starbucks.co.kr/menu/drink_view.do?product_cd=9300000003775,https://www.istarbucks.co.kr/upload/store/skuimg/2021/10/[9300000003775]_20211020094208342.jpg,상큼 달콤 딸기 과육이 한가득 씹히는 마시는 요거트 음료,,매장별 확인,https://www.starbucks.co.kr/menu/drink_list.do,2026-08-11
스타벅스,블루베리 요거트 190ML,요거트,155.0,5.0,3.6,18.0,70.0,우유,https://www.starbucks.co.kr/menu/drink_view.do?product_cd=5210008063,2026-08-11,True,True,https://www.starbucks.co.kr/menu/drink_view.do?product_cd=5210008063,https://www.istarbucks.co.kr/upload/store/skuimg/2024/09/[5210008063]_20240923185114500.jpg,블루베리 과육이 입안 가득 느껴지는 마시는 요거트,,매장별 확인,https://www.starbucks.co.kr/menu/drink_list.do,2026-08-11
KFC,오리지널치킨,치킨,271.0,20.0,4.2,0.0,544.0,계란|우유|대두|밀|닭고기,https://www.kfckorea.com/nas/kfcimg/info/info_nutrition.png,2026-07-21,True,True,https://www.kfckorea.com/nas/kfcimg/info/info_allergy.png,,,,매장별 확인,,
KFC,핫크리스피치킨,치킨,264.0,22.0,4.3,0.0,455.0,대두|밀|닭고기,https://www.kfckorea.com/nas/kfcimg/info/info_nutrition.png,2026-07-21,True,True,https://www.kfckorea.com/nas/kfcimg/info/info_allergy.png,,,,매장별 확인,,
KFC,갓양념치킨,치킨,261.0,15.0,3.5,6.0,504.0,대두|밀|쇠고기|닭고기|토마토,https://www.kfckorea.com/nas/kfcimg/info/info_nutrition.png,2026-07-21,True,True,https://www.kfckorea.com/nas/kfcimg/info/info_allergy.png,,,,매장별 확인,,
KFC,핫윙 2조각,치킨,182.0,10.0,3.9,0.0,445.0,대두|밀|닭고기,https://www.kfckorea.com/nas/kfcimg/info/info_nutrition.png,2026-07-21,True,True,https://www.kfckorea.com/nas/kfcimg/info/info_allergy.png,,,,매장별 확인,,
KFC,징거,버거,553.0,33.0,7.4,5.0,866.0,계란|우유|대두|밀|닭고기,https://www.kfckorea.com/nas/kfcimg/info/info_nutrition.png,2026-07-21,True,True,https://www.kfckorea.com/nas/kfcimg/info/info_allergy.png,,,,매장별 확인,,
KFC,징거타워,버거,720.0,36.0,11.0,9.0,1343.0,계란|우유|대두|밀|닭고기|토마토,https://www.kfckorea.com/nas/kfcimg/info/info_nutrition.png,2026-07-21,True,True,https://www.kfckorea.com/nas/kfcimg/info/info_allergy.png,,,,매장별 확인,,
KFC,트위스터,버거,360.0,18.0,4.4,4.0,1334.0,계란|우유|대두|밀|닭고기|토마토,https://www.kfckorea.com/nas/kfcimg/info/info_nutrition.png,2026-07-21,True,True,https://www.kfckorea.com/nas/kfcimg/info/info_allergy.png,,,,매장별 확인,,
KFC,징거BLT,버거,696.0,39.0,11.2,6.0,1146.0,계란|우유|대두|밀|돼지고기|닭고기|토마토,https://www.kfckorea.com/nas/kfcimg/info/info_nutrition.png,2026-07-21,True,True,https://www.kfckorea.com/nas/kfcimg/info/info_allergy.png,,,,매장별 확인,,
KFC,클래식징거통다리,버거,604.0,24.0,9.2,12.0,1010.0,계란|우유|대두|밀|닭고기|토마토,https://www.kfckorea.com/nas/kfcimg/info/info_nutrition.png,2026-07-21,True,True,https://www.kfckorea.com/nas/kfcimg/info/info_allergy.png,,,,매장별 확인,,
KFC,치즈징거통다리,버거,713.0,28.0,15.1,9.0,1386.0,계란|우유|대두|밀|닭고기,https://www.kfckorea.com/nas/kfcimg/info/info_nutrition.png,2026-07-21,True,True,https://www.kfckorea.com/nas/kfcimg/info/info_allergy.png,,,,매장별 확인,,
KFC,칙플레맵징거통다리,버거,695.0,24.0,10.1,18.0,1125.0,계란|우유|대두|밀|닭고기|토마토,https://www.kfckorea.com/nas/kfcimg/info/info_nutrition.png,2026-07-21,True,True,https://www.kfckorea.com/nas/kfcimg/info/info_allergy.png,,,,매장별 확인,,
KFC,칙플레맵징거타워,버거,803.0,37.0,11.8,16.0,1386.0,계란|우유|대두|밀|닭고기|토마토,https://www.kfckorea.com/nas/kfcimg/info/info_nutrition.png,2026-07-21,True,True,https://www.kfckorea.com/nas/kfcimg/info/info_allergy.png,,,,매장별 확인,,
KFC,칙플레맵징거더블다운,버거,946.0,46.0,18.4,6.0,1626.0,우유|대두|밀|돼지고기|닭고기|토마토,https://www.kfckorea.com/nas/kfcimg/info/info_nutrition.png,2026-07-21,True,True,https://www.kfckorea.com/nas/kfcimg/info/info_allergy.png,,,,매장별 확인,,
KFC,프렌치프라이,사이드,144.0,2.0,1.0,0.0,366.0,대두,https://www.kfckorea.com/nas/kfcimg/info/info_nutrition.png,2026-07-21,True,True,https://www.kfckorea.com/nas/kfcimg/info/info_allergy.png,,,,매장별 확인,,
KFC,에그타르트,사이드,215.0,3.0,8.5,8.0,105.0,계란|우유|대두|밀|쇠고기,https://www.kfckorea.com/nas/kfcimg/info/info_nutrition.png,2026-07-21,True,True,https://www.kfckorea.com/nas/kfcimg/info/info_allergy.png,,,,매장별 확인,,
KFC,코울슬로,사이드,139.0,2.0,1.9,15.0,190.0,,https://www.kfckorea.com/nas/kfcimg/info/info_nutrition.png,2026-07-21,True,True,https://www.kfckorea.com/nas/kfcimg/info/info_allergy.png,,,,매장별 확인,,
KFC,아메리카노,음료,7.0,0.0,0.0,0.0,3.0,,https://www.kfckorea.com/nas/kfcimg/info/info_nutrition.png,2026-07-21,True,True,https://www.kfckorea.com/nas/kfcimg/info/info_allergy.png,,,,매장별 확인,,
써브웨이,로스트 치킨 아보카도,샌드위치(기본 레시피),356.0,26.6,2.1,9.0,694.0,대두|밀|토마토|닭고기|쇠고기,https://www.subway.co.kr/menuView/sandwich?menuItemIdx=1613,2026-08-11,True,True,https://www.subway.co.kr/sandwichAllergy,https://www.subway.co.kr/upload/menu/1785741671083_TyCRBr.png,Roasted Chicken Avocado,,매장별 확인,https://www.subway.co.kr/menuList/sandwich,2026-08-11
써브웨이,아기맹새우,샌드위치(기본 레시피),511.0,22.0,6.4,10.5,1028.0,,https://www.subway.co.kr/menuView/sandwich?menuItemIdx=1612,2026-08-11,True,False,,https://www.subway.co.kr/upload/menu/1784523876481_AJ8csx.png,Little Tiger's Shrimp,,매장별 확인,https://www.subway.co.kr/menuList/sandwich,2026-08-11
써브웨이,피자썹,샌드위치(기본 레시피),551.0,22.9,9.5,5.9,1183.0,계란|메밀|땅콩|대두|밀|고등어|게|새우|돼지고기|복숭아|토마토|아황산류|호두|닭고기|오징어|조개류|잣,https://www.subway.co.kr/menuView/sandwich?menuItemIdx=1611,2026-08-11,True,True,https://www.subway.co.kr/sandwichAllergy,https://www.subway.co.kr/upload/menu/1781152604561_TA6XRx.png,Pizza Sub,,매장별 확인,https://www.subway.co.kr/menuList/sandwich,2026-08-11
써브웨이,안창 비프&머쉬룸,샌드위치(기본 레시피),292.0,16.5,2.5,8.0,598.0,계란|우유|대두|밀|토마토|쇠고기,https://www.subway.co.kr/menuView/sandwich?menuItemIdx=1514,2026-08-11,True,True,https://www.subway.co.kr/sandwichAllergy,https://www.subway.co.kr/upload/menu/안창-비프&머쉬룸_20240912031749239.png,Beef & Mushroom,,매장별 확인,https://www.subway.co.kr/menuList/sandwich,2026-08-11
써브웨이,스테이크 & 치즈,샌드위치(기본 레시피),355.0,28.1,4.2,8.8,780.0,계란|우유|대두|밀|토마토|쇠고기,https://www.subway.co.kr/menuView/sandwich?menuItemIdx=1519,2026-08-11,True,True,https://www.subway.co.kr/sandwichAllergy,https://www.subway.co.kr/upload/menu/Steak-&-Cheese_20211231095455613.png,Steak & Cheese,,매장별 확인,https://www.subway.co.kr/menuList/sandwich,2026-08-11
써브웨이,이탈리안 비엠티,샌드위치(기본 레시피),388.0,21.0,5.9,8.6,1064.0,계란|우유|대두|밀|돼지고기|토마토,https://www.subway.co.kr/menuView/sandwich?menuItemIdx=1528,2026-08-11,True,True,https://www.subway.co.kr/sandwichAllergy,https://www.subway.co.kr/upload/menu/Italian_B.M.T_20211231094910899.png,Italian B.M.T.™,,매장별 확인,https://www.subway.co.kr/menuList/sandwich,2026-08-11
써브웨이,로티세리 바비큐 치킨,샌드위치(기본 레시피),327.0,29.1,2.5,7.8,542.0,계란|우유|대두|밀|토마토|닭고기,https://www.subway.co.kr/menuView/sandwich?menuItemIdx=1406,2026-08-11,True,True,https://www.subway.co.kr/sandwichAllergy,https://www.subway.co.kr/upload/menu/Rotisserie-Barbecue-Chicken_20211231023137878.png,Rotisserie Barbecue Chicken,,매장별 확인,https://www.subway.co.kr/menuList/sandwich,2026-08-11
써브웨이,에그마요,샌드위치(기본 레시피),416.0,16.4,4.8,7.7,554.0,계란|우유|대두|밀|토마토|조개류,https://www.subway.co.kr/menuView/sandwich?menuItemIdx=1530,2026-08-11,True,True,https://www.subway.co.kr/sandwichAllergy,https://www.subway.co.kr/upload/menu/img_toppping_02.png,Egg Mayo,,매장별 확인,https://www.subway.co.kr/menuList/sandwich,2026-08-11
써브웨이,안창 비프,샌드위치(기본 레시피),342.0,21.6,4.3,8.3,830.0,계란|우유|대두|밀|토마토|쇠고기,https://www.subway.co.kr/menuView/sandwich?menuItemIdx=1515,2026-08-11,True,True,https://www.subway.co.kr/sandwichAllergy,https://www.subway.co.kr/upload/menu/안창-비프_20240912031758775.png,Beef,,매장별 확인,https://www.subway.co.kr/menuList/sandwich,2026-08-11
써브웨이,잠봉 플러스,샌드위치(기본 레시피),475.0,24.3,7.3,6.4,828.0,계란|우유|메밀|땅콩|대두|밀|고등어|게|새우|돼지고기|복숭아|토마토|아황산류|호두|닭고기|쇠고기|오징어|조개류|잣,https://www.subway.co.kr/menuView/sandwich?menuItemIdx=1571,2026-08-11,True,True,https://www.subway.co.kr/sandwichAllergy,https://www.subway.co.kr/upload/menu/1775028694110_UEczXJ.png,Jambon Plus,,매장별 확인,https://www.subway.co.kr/menuList/sandwich,2026-08-11
써브웨이,치킨 베이컨 아보카도,샌드위치(기본 레시피),355.0,20.2,3.2,9.0,940.0,계란|우유|대두|밀|돼지고기|토마토|닭고기,https://www.subway.co.kr/menuView/sandwich?menuItemIdx=1448,2026-08-11,True,True,https://www.subway.co.kr/sandwichAllergy,https://www.subway.co.kr/upload/menu/1775029949721_F6B8G2.png,Chicken Bacon Avocado,,매장별 확인,https://www.subway.co.kr/menuList/sandwich,2026-08-11
써브웨이,스파이시 쉬림프,샌드위치(기본 레시피),245.0,16.5,0.9,9.1,570.0,계란|우유|대두|밀|새우|토마토,https://www.subway.co.kr/menuView/sandwich?menuItemIdx=1518,2026-08-11,True,True,https://www.subway.co.kr/sandwichAllergy,https://www.subway.co.kr/upload/menu/Spicy_Shrimp_front_20230703125534663.png,Spicy Shrimp,,매장별 확인,https://www.subway.co.kr/menuList/sandwich,2026-08-11
써브웨이,쉬림프,샌드위치(기본 레시피),241.0,16.3,0.6,7.9,415.0,계란|우유|대두|밀|새우|토마토,https://www.subway.co.kr/menuView/sandwich?menuItemIdx=1520,2026-08-11,True,True,https://www.subway.co.kr/sandwichAllergy,https://www.subway.co.kr/upload/menu/Shrimp_front_20230703123439107.png,Shrimp,,매장별 확인,https://www.subway.co.kr/menuList/sandwich,2026-08-11
써브웨이,로스트 치킨,샌드위치(기본 레시피),300.0,26.0,1.3,8.7,605.0,계란|우유|대두|밀|토마토|닭고기|쇠고기,https://www.subway.co.kr/menuView/sandwich?menuItemIdx=1401,2026-08-11,True,True,https://www.subway.co.kr/sandwichAllergy,https://www.subway.co.kr/upload/menu/Roasted-Chicken_20211231095032718.png,Roasted Chicken,,매장별 확인,https://www.subway.co.kr/menuList/sandwich,2026-08-11
써브웨이,풀드포크 바비큐,샌드위치(기본 레시피),327.0,24.8,2.1,7.8,689.0,계란|우유|대두|밀|돼지고기|토마토,https://www.subway.co.kr/menuView/sandwich?menuItemIdx=1524,2026-08-11,True,True,https://www.subway.co.kr/sandwichAllergy,https://www.subway.co.kr/upload/menu/Pulled-Pork+cheese_20211231095012512.png,Pulled Pork Barbecue,,매장별 확인,https://www.subway.co.kr/menuList/sandwich,2026-08-11
써브웨이,써브웨이 클럽,샌드위치(기본 레시피),299.0,19.8,2.4,8.53,853.0,계란|우유|대두|밀|돼지고기|토마토|아황산류,https://www.subway.co.kr/menuView/sandwich?menuItemIdx=1511,2026-08-11,True,True,https://www.subway.co.kr/sandwichAllergy,https://www.subway.co.kr/upload/menu/써브웨이 클럽(치킨)_20241107120457089.png,Subway Club,,매장별 확인,https://www.subway.co.kr/menuList/sandwich,2026-08-11
써브웨이,치킨 데리야끼,샌드위치(기본 레시피),314.0,26.5,1.2,10.1,698.0,계란|우유|대두|밀|토마토|닭고기,https://www.subway.co.kr/menuView/sandwich?menuItemIdx=1521,2026-08-11,True,True,https://www.subway.co.kr/sandwichAllergy,https://www.subway.co.kr/upload/menu/Chicken-Teriyaki_20211231094803381.png,Chicken Teriyaki,,매장별 확인,https://www.subway.co.kr/menuList/sandwich,2026-08-11
써브웨이,스파이시 이탈리안,샌드위치(기본 레시피),464.0,20.7,9.1,8.7,1250.0,계란|우유|대두|밀|돼지고기|토마토,https://www.subway.co.kr/menuView/sandwich?menuItemIdx=1522,2026-08-11,True,True,https://www.subway.co.kr/sandwichAllergy,https://www.subway.co.kr/upload/menu/spicy_italian_20211231095435532.png,Spicy Italian,,매장별 확인,https://www.subway.co.kr/menuList/sandwich,2026-08-11
써브웨이,잠봉,샌드위치(기본 레시피),376.0,18.3,4.7,6.0,621.0,계란|우유|메밀|땅콩|대두|밀|고등어|게|새우|돼지고기|복숭아|토마토|아황산류|호두|닭고기|쇠고기|오징어|조개류|잣,https://www.subway.co.kr/menuView/sandwich?menuItemIdx=1570,2026-08-11,True,True,https://www.subway.co.kr/sandwichAllergy,https://www.subway.co.kr/upload/menu/1775028649948_aR4ERo.png,Jambon,,매장별 확인,https://www.subway.co.kr/menuList/sandwich,2026-08-11
써브웨이,비엘티,샌드위치(기본 레시피),300.0,15.9,3.7,7.9,666.0,계란|우유|대두|밀|돼지고기|토마토,https://www.subway.co.kr/menuView/sandwich?menuItemIdx=1529,2026-08-11,True,True,https://www.subway.co.kr/sandwichAllergy,https://www.subway.co.kr/upload/menu/B.L.T_20211231094744175.png,B.L.T.,,매장별 확인,https://www.subway.co.kr/menuList/sandwich,2026-08-11
써브웨이,치킨 슬라이스,샌드위치(기본 레시피),265.0,18.6,0.9,8.7,751.0,계란|우유|대두|밀|토마토|닭고기,https://www.subway.co.kr/menuView/sandwich?menuItemIdx=1449,2026-08-11,True,True,https://www.subway.co.kr/sandwichAllergy,https://www.subway.co.kr/upload/menu/1775029900211_BC6sgL.png,Chicken Slice,,매장별 확인,https://www.subway.co.kr/menuList/sandwich,2026-08-11
써브웨이,머쉬룸,샌드위치(기본 레시피),245.0,11.8,0.6,7.7,376.0,계란|메밀|땅콩|대두|밀|고등어|게|새우|돼지고기|복숭아|토마토|아황산류|호두|닭고기|쇠고기|오징어|조개류|잣,https://www.subway.co.kr/menuView/sandwich?menuItemIdx=1526,2026-08-11,True,True,https://www.subway.co.kr/sandwichAllergy,https://www.subway.co.kr/upload/menu/1757375591323_zQLUtM.png,Mushroom,,매장별 확인,https://www.subway.co.kr/menuList/sandwich,2026-08-11
써브웨이,참치,샌드위치(기본 레시피),316.0,26.9,1.4,7.6,535.0,계란|우유|대두|밀|토마토,https://www.subway.co.kr/menuView/sandwich?menuItemIdx=1532,2026-08-11,True,True,https://www.subway.co.kr/sandwichAllergy,https://www.subway.co.kr/upload/menu/Tuna_20211231095535268.png,Tuna,,매장별 확인,https://www.subway.co.kr/menuList/sandwich,2026-08-11
써브웨이,에그 슬라이스,샌드위치(기본 레시피),279.0,15.2,2.3,7.6,447.0,계란|우유|대두|밀|토마토,https://www.subway.co.kr/menuView/sandwich?menuItemIdx=1469,2026-08-11,True,True,https://www.subway.co.kr/sandwichAllergy,https://www.subway.co.kr/upload/menu/에그슬라이스_원물_20240304111310312.png,Egg Slice,,매장별 확인,https://www.subway.co.kr/menuList/sandwich,2026-08-11
써브웨이,베지,샌드위치(기본 레시피),209.0,9.2,0.6,7.6,262.0,계란|우유|대두|밀|토마토,https://www.subway.co.kr/menuView/sandwich?menuItemIdx=1403,2026-08-11,True,True,https://www.subway.co.kr/sandwichAllergy,https://www.subway.co.kr/upload/menu/Veggie-Delite_20211231095658375.png,Veggie Delite,,매장별 확인,https://www.subway.co.kr/menuList/sandwich,2026-08-11
이디야,(L) 얼박사 코코 에이드,음료,123.0,1.0,0.0,28.0,154.0,,https://ediya.com/contents/drink.html,2026-08-11,True,False,,,,,매장별 확인,,
이디야,(EX) 얼박사 코코 에이드,음료,178.0,2.0,0.0,41.0,229.0,,https://ediya.com/contents/drink.html,2026-08-11,True,False,,,,,매장별 확인,,
이디야,(L) 얼박삿추,음료,117.0,2.0,0.0,25.0,149.0,,https://ediya.com/contents/drink.html,2026-08-11,True,False,,,,,매장별 확인,,
이디야,(EX) 얼박삿추,음료,172.0,2.0,0.0,38.0,223.0,,https://ediya.com/contents/drink.html,2026-08-11,True,False,,,,,매장별 확인,,
이디야,(L) 얼박삿추(디카페인 원두),음료,114.0,2.0,0.0,25.0,149.0,,https://ediya.com/contents/drink.html,2026-08-11,True,False,,,,,매장별 확인,,
이디야,(EX) 얼박삿추(디카페인 원두),음료,169.0,2.0,0.0,38.0,223.0,,https://ediya.com/contents/drink.html,2026-08-11,True,False,,,,,매장별 확인,,
이디야,(L) 얼박사 젤리 플랫치노,음료,206.0,2.0,0.0,47.0,263.0,,https://ediya.com/contents/drink.html,2026-08-11,True,False,,,,,매장별 확인,,
이디야,(EX) 얼박사 젤리 플랫치노,음료,303.0,3.0,0.0,69.0,378.0,,https://ediya.com/contents/drink.html,2026-08-11,True,False,,,,,매장별 확인,,
이디야,햄 치즈 샌드위치,베이커리,210.0,7.0,4.0,6.0,355.0,계란|우유|대두|밀|돼지고기|닭고기,https://ediya.com/contents/bakery.html,2026-08-11,True,True,,,,,매장별 확인,,
이디야,에그 포테이토 샌드위치,베이커리,180.0,4.0,3.0,8.0,235.0,계란|우유|대두|밀,https://ediya.com/contents/bakery.html,2026-08-11,True,True,,,,,매장별 확인,,
이디야,딸기 샌드위치,베이커리,194.0,3.0,2.0,17.0,165.0,우유|대두|밀,https://ediya.com/contents/bakery.html,2026-08-11,True,True,,,,,매장별 확인,,
이디야,땅콩 샌드위치,베이커리,240.0,6.0,5.0,7.0,230.0,우유|대두|밀|땅콩,https://ediya.com/contents/bakery.html,2026-08-11,True,True,,,,,매장별 확인,,
이디야,바스크치즈케이크,베이커리,306.0,6.0,13.0,13.0,170.0,계란|우유|아황산류,https://ediya.com/contents/bakery.html,2026-08-11,True,True,,,,,매장별 확인,,
이디야,현미 소불고기볶음밥,베이커리,420.0,16.0,2.0,8.0,830.0,우유|대두|밀|돼지고기|쇠고기|닭고기|토마토,https://ediya.com/contents/bakery.html,2026-08-11,True,True,,,,,매장별 확인,,
이디야,크림 퐁듀 김치볶음밥,베이커리,505.0,10.0,5.0,3.0,1115.0,우유|대두|밀|새우|쇠고기|닭고기,https://ediya.com/contents/bakery.html,2026-08-11,True,True,,,,,매장별 확인,,
이디야,저당 오리지널 떡볶이,베이커리,494.0,8.0,1.0,2.0,1289.0,우유|대두|밀|돼지고기|쇠고기|닭고기|토마토|아황산류|조개류,https://ediya.com/contents/bakery.html,2026-08-11,True,True,,,,,매장별 확인,,
배스킨라빈스,솔티 조청 뉴욕치즈케이크,아이스크림,301.0,4.0,11.0,23.0,118.0,우유|대두|밀,https://www.baskinrobbins.co.kr/menu/view.php?seq=1124,2026-08-11,True,True,,https://www.baskinrobbins.co.kr/upload/product/main/9418d2b2c4cae02181ee12191f79c6fd.png,#크림치즈 #조청카라멜 #현미그라함쿠키,,매장별 확인,https://www.baskinrobbins.co.kr/menu/list.php?top=A,2026-08-11
배스킨라빈스,비스코프 에스프레소 크런치,아이스크림,297.0,4.0,8.0,25.0,140.0,우유|대두|밀,https://www.baskinrobbins.co.kr/menu/view.php?seq=1123,2026-08-11,True,True,,https://www.baskinrobbins.co.kr/upload/product/main/fd0eb06100515840c356b4da58f05297.png,#에스프레소 #크림아이스크림 #비스코프쿠키,,매장별 확인,https://www.baskinrobbins.co.kr/menu/list.php?top=A,2026-08-11
배스킨라빈스,산딸기가 끌리는 연유,아이스크림,189.0,2.0,3.1,26.0,38.0,우유,https://www.baskinrobbins.co.kr/menu/view.php?seq=1121,2026-08-11,True,True,,https://www.baskinrobbins.co.kr/upload/product/main/e97152372159daa503e512f139644e1f.png,#산딸기 #연유,,매장별 확인,https://www.baskinrobbins.co.kr/menu/list.php?top=A,2026-08-11
배스킨라빈스,고무고무 블루베리 마카롱,아이스크림,243.0,3.0,6.0,28.0,67.0,계란|우유,https://www.baskinrobbins.co.kr/menu/view.php?seq=1075,2026-08-11,True,True,,https://www.baskinrobbins.co.kr/upload/product/main/32ec4c8b5afef7498bf80e3545fe0289.png,#블루베리요거트,,매장별 확인,https://www.baskinrobbins.co.kr/menu/list.php?top=A,2026-08-11
배스킨라빈스,트로피컬 콜라다,아이스크림,177.0,1.0,1.2,26.0,16.0,우유,https://www.baskinrobbins.co.kr/menu/view.php?seq=1118,2026-08-11,True,True,,https://www.baskinrobbins.co.kr/upload/product/main/55ed46ba5d65efbc659e363045a6b8f1.png,#파인애플 #망고 #코코넛 #라임,,매장별 확인,https://www.baskinrobbins.co.kr/menu/list.php?top=A,2026-08-11
배스킨라빈스,블루 서퍼 비치,아이스크림,277.0,4.0,10.0,19.0,175.0,우유|대두|밀,https://www.baskinrobbins.co.kr/menu/view.php?seq=1076,2026-08-11,True,True,,https://www.baskinrobbins.co.kr/upload/product/main/c5daa8047e934525c03a072dee84917b.png,#솔티 #바닐라 #카라멜 #초콜릿,,매장별 확인,https://www.baskinrobbins.co.kr/menu/list.php?top=A,2026-08-11
배스킨라빈스,훌라훌라 코코넛,아이스크림,248.0,3.0,8.0,27.0,96.0,우유,https://www.baskinrobbins.co.kr/menu/view.php?seq=1119,2026-08-11,True,True,,https://www.baskinrobbins.co.kr/upload/product/main/264b198eea5402abee54445d12323a5e.png,#코코넛 #파인애플,,매장별 확인,https://www.baskinrobbins.co.kr/menu/list.php?top=A,2026-08-11
배스킨라빈스,바삭한 쫀꾸렛,아이스크림,312.0,5.0,10.0,26.0,144.0,계란|우유|대두|밀,https://www.baskinrobbins.co.kr/menu/view.php?seq=1122,2026-08-11,True,True,,https://www.baskinrobbins.co.kr/upload/product/main/505922a65553ca7551b33014def92901.png,#초콜릿 #초콜릿무스 #브라우니 #초코쿠키,,매장별 확인,https://www.baskinrobbins.co.kr/menu/list.php?top=A,2026-08-11
배스킨라빈스,버즈의 애플 리치 빔,아이스크림,204.0,2.0,2.0,31.0,26.0,우유|대두,https://www.baskinrobbins.co.kr/menu/view.php?seq=1038,2026-08-11,True,True,,https://www.baskinrobbins.co.kr/upload/product/main/6f8070977eb06ba859f7e45d257dafa2.png,#버즈,,매장별 확인,https://www.baskinrobbins.co.kr/menu/list.php?top=A,2026-08-11
배스킨라빈스,우디의 후르츠 어드벤처,아이스크림,162.0,0.0,0.4,28.0,11.0,우유|복숭아,https://www.baskinrobbins.co.kr/menu/view.php?seq=1037,2026-08-11,True,True,,https://www.baskinrobbins.co.kr/upload/product/main/d343eae3174d7367ba5d3296753ef4b2.png,#우디,,매장별 확인,https://www.baskinrobbins.co.kr/menu/list.php?top=A,2026-08-11
배스킨라빈스,두바이에서 온 엄마는 외계인,아이스크림,295.0,5.0,8.0,24.0,153.0,우유|대두|밀,https://www.baskinrobbins.co.kr/menu/view.php?seq=933,2026-08-11,True,True,,https://www.baskinrobbins.co.kr/upload/product/main/60b01f68d496cc0ce0ba1709dbd83cd8.png,#리얼카다이프 #초콜릿쫀떡볼,,매장별 확인,https://www.baskinrobbins.co.kr/menu/list.php?top=A,2026-08-11
배스킨라빈스,레인보우 샤베트,아이스크림,163.0,1.0,1.2,25.0,15.0,우유,https://www.baskinrobbins.co.kr/menu/view.php?seq=1070,2026-08-11,True,True,,https://www.baskinrobbins.co.kr/upload/product/main/e84c2a6e281e463a09c5bc17d7ad8f57.png,#파인애플 #오렌지 #라즈베리,,매장별 확인,https://www.baskinrobbins.co.kr/menu/list.php?top=A,2026-08-11
배스킨라빈스,그린티,아이스크림,250.0,4.0,8.0,22.0,73.0,우유,https://www.baskinrobbins.co.kr/menu/view.php?seq=1060,2026-08-11,True,True,,https://www.baskinrobbins.co.kr/upload/product/main/8442bc93873c58520f38a113a86effd4.png,#녹차 #그린티,,매장별 확인,https://www.baskinrobbins.co.kr/menu/list.php?top=A,2026-08-11
배스킨라빈스,메롱 멜론,아이스크림,218.0,2.0,3.8,25.0,41.0,우유,https://www.baskinrobbins.co.kr/menu/view.php?seq=1051,2026-08-11,True,True,,https://www.baskinrobbins.co.kr/upload/product/main/3f9cd88ca35a16c4521c590996734351.png,#멜론,,매장별 확인,https://www.baskinrobbins.co.kr/menu/list.php?top=A,2026-08-11
배스킨라빈스,(Lessly Edition) 바 베 바,아이스크림,135.0,3.0,1.7,17.0,45.0,우유,https://www.baskinrobbins.co.kr/menu/view.php?seq=944,2026-08-11,True,True,,https://www.baskinrobbins.co.kr/upload/product/main/9fa5da5a7c1320d6a29bf1e44af5ee5e.png,#바나나 #딸기 #바닐라,,매장별 확인,https://www.baskinrobbins.co.kr/menu/list.php?top=A,2026-08-11
배스킨라빈스,(Lessly Edition) 엄마는 외계인,아이스크림,156.0,5.0,3.8,14.0,57.0,우유|대두|밀,https://www.baskinrobbins.co.kr/menu/view.php?seq=777,2026-08-11,True,True,,https://www.baskinrobbins.co.kr/upload/product/main/09ce6b140dad71186b063fbc77fa6617.png,#레슬리에디션 #LesslyEdition #엄마는외계인,,매장별 확인,https://www.baskinrobbins.co.kr/menu/list.php?top=A,2026-08-11
배스킨라빈스,사랑에 빠진 딸기,아이스크림,292.0,4.0,8.0,26.0,103.0,계란|우유|대두|밀|땅콩,https://www.baskinrobbins.co.kr/menu/view.php?seq=786,2026-08-11,True,True,,https://www.baskinrobbins.co.kr/upload/product/main/fea066eec3455d92b954428498ad30b3.png,#딸기 #치즈 #크런치초콜릿,,매장별 확인,https://www.baskinrobbins.co.kr/menu/list.php?top=A,2026-08-11
배스킨라빈스,엄마는 외계인,아이스크림,296.0,5.0,11.0,23.0,114.0,우유|대두|밀,https://www.baskinrobbins.co.kr/menu/view.php?seq=17,2026-08-11,True,True,,https://www.baskinrobbins.co.kr/upload/product/main/91c8668227bcf556c43a968b97e342e6.png,#초콜릿 #초코볼,,매장별 확인,https://www.baskinrobbins.co.kr/menu/list.php?top=A,2026-08-11
배스킨라빈스,민트 초콜릿 칩,아이스크림,259.0,4.0,9.0,23.0,81.0,우유|대두,https://www.baskinrobbins.co.kr/menu/view.php?seq=6,2026-08-11,True,True,,https://www.baskinrobbins.co.kr/upload/product/main/fb92d70dee836652115c4f3b13175541.png,#민트 #초콜릿 #민초,,매장별 확인,https://www.baskinrobbins.co.kr/menu/list.php?top=A,2026-08-11
배스킨라빈스,뉴욕 치즈케이크,아이스크림,275.0,4.0,10.0,21.0,105.0,우유|대두|밀,https://www.baskinrobbins.co.kr/menu/view.php?seq=3,2026-08-11,True,True,,https://www.baskinrobbins.co.kr/upload/product/main/60a04a3a5d1b0119f065d12ee7797b2c.png,#치즈 #치즈케이크,,매장별 확인,https://www.baskinrobbins.co.kr/menu/list.php?top=A,2026-08-11
배스킨라빈스,체리쥬빌레,아이스크림,239.0,3.0,7.0,28.0,48.0,우유,https://www.baskinrobbins.co.kr/menu/view.php?seq=24,2026-08-11,True,True,,https://www.baskinrobbins.co.kr/upload/product/main/f6609e3e3431d54beceeb1d3787403af.png,#체리,,매장별 확인,https://www.baskinrobbins.co.kr/menu/list.php?top=A,2026-08-11
배스킨라빈스,슈팅스타,아이스크림,260.0,3.0,7.0,27.0,65.0,우유|대두|밀,https://www.baskinrobbins.co.kr/menu/view.php?seq=15,2026-08-11,True,True,,https://www.baskinrobbins.co.kr/upload/product/main/a4b71e8b99743c93a7824331850b0a3d.png,#톡톡 #팝핑캔디 #체리,,매장별 확인,https://www.baskinrobbins.co.kr/menu/list.php?top=A,2026-08-11
배스킨라빈스,오레오 쿠키 앤 크림,아이스크림,254.0,4.0,8.0,20.0,92.0,우유|대두|밀,https://www.baskinrobbins.co.kr/menu/view.php?seq=19,2026-08-11,True,True,,https://www.baskinrobbins.co.kr/upload/product/main/414246bd9041530d6ad4d30d97aac87c.png,#바닐라 #오레오,,매장별 확인,https://www.baskinrobbins.co.kr/menu/list.php?top=A,2026-08-11
배스킨라빈스,베리베리 스트로베리,아이스크림,228.0,3.0,7.0,24.0,69.0,우유,https://www.baskinrobbins.co.kr/menu/view.php?seq=12,2026-08-11,True,True,,https://www.baskinrobbins.co.kr/upload/product/main/ea6608b4f72563b360da5c44c946ddc7.png,#스트로베리 #새콤상큼,,매장별 확인,https://www.baskinrobbins.co.kr/menu/list.php?top=A,2026-08-11
배스킨라빈스,31요거트,아이스크림,198.0,5.0,4.0,26.0,67.0,우유|대두,https://www.baskinrobbins.co.kr/menu/view.php?seq=1,2026-08-11,True,True,,https://www.baskinrobbins.co.kr/upload/product/main/d56328637eaf86e3273ebc39c57aada7.png,#요거트 #31요거트,,매장별 확인,https://www.baskinrobbins.co.kr/menu/list.php?top=A,2026-08-11
배스킨라빈스,바람과 함께 사라지다,아이스크림,269.0,4.0,8.0,25.0,95.0,계란|우유|대두|밀,https://www.baskinrobbins.co.kr/menu/view.php?seq=8,2026-08-11,True,True,,https://www.baskinrobbins.co.kr/upload/product/main/01ecc320f5d3a6f32e5188eda373842d.png,#블루베리 #스트로베리 #치즈케이크,,매장별 확인,https://www.baskinrobbins.co.kr/menu/list.php?top=A,2026-08-11
배스킨라빈스,피스타치오 아몬드,아이스크림,302.0,7.0,8.0,27.0,72.0,우유,https://www.baskinrobbins.co.kr/menu/view.php?seq=29,2026-08-11,True,True,,https://www.baskinrobbins.co.kr/upload/product/main/868364b0ed6038d0c9aee0a10e50d4a9.png,#피스타치오 #아몬드,,매장별 확인,https://www.baskinrobbins.co.kr/menu/list.php?top=A,2026-08-11
배스킨라빈스,초콜릿 무스,아이스크림,318.0,5.0,12.0,27.0,96.0,우유|대두,https://www.baskinrobbins.co.kr/menu/view.php?seq=28,2026-08-11,True,True,,https://www.baskinrobbins.co.kr/upload/product/main/0d67607c2ca4dde4ec24ac8109a343c2.png,#초코속에 #초콜릿,,매장별 확인,https://www.baskinrobbins.co.kr/menu/list.php?top=A,2026-08-11
배스킨라빈스,초콜릿,아이스크림,274.0,5.0,8.0,24.0,85.0,우유,https://www.baskinrobbins.co.kr/menu/view.php?seq=27,2026-08-11,True,True,,https://www.baskinrobbins.co.kr/upload/product/main/aff1c39b1653ddb7701abd9b4c8394ee.png,#진정한 #초콜릿,,매장별 확인,https://www.baskinrobbins.co.kr/menu/list.php?top=A,2026-08-11
배스킨라빈스,아몬드 봉봉,아이스크림,312.0,5.0,8.0,26.0,94.0,우유|대두,https://www.baskinrobbins.co.kr/menu/view.php?seq=16,2026-08-11,True,True,,https://www.baskinrobbins.co.kr/upload/product/main/e7cb5667c3147ddb0b31e28d1f365980.png,#아몬드 #초콜릿,,매장별 확인,https://www.baskinrobbins.co.kr/menu/list.php?top=A,2026-08-11
배스킨라빈스,바닐라,아이스크림,246.0,4.0,8.0,21.0,74.0,우유,https://www.baskinrobbins.co.kr/menu/view.php?seq=7,2026-08-11,True,True,,https://www.baskinrobbins.co.kr/upload/product/main/901f131644310c0eb356cbab7ecc4738.png,#바닐라,,매장별 확인,https://www.baskinrobbins.co.kr/menu/list.php?top=A,2026-08-11
파리바게뜨,PARIS BAGUETTE,공식 제품,250.0,6.0,3.4,16.0,180.0,계란|우유|대두|밀|땅콩,https://www.paris.co.kr/product/red-bean-soboro-bread/,2026-08-11,True,True,,,,,매장별 확인,,
