brand,menu,category,calories,protein,fat,carbs,sodium,allergens,source_url,source_date,verified,allergen_known,allergy_source_url,image_url,description,media_source_url,media_checked_at
맥도날드,에그 맥머핀,단품,306.0,19.0,5.0,3.0,712.0,계란|우유|대두|밀|돼지고기,https://www.mcdonalds.co.kr/kor/menu/information/nutrition,2026.08.11,True,True,,,,,
맥도날드,베이컨 에그 맥머핀,단품,327.0,19.0,6.0,3.0,687.0,계란|우유|대두|밀|돼지고기,https://www.mcdonalds.co.kr/kor/menu/information/nutrition,2026.08.11,True,True,,,,,
맥도날드,베이컨 토마토 에그 머핀,단품,341.0,17.0,3.6,5.0,666.0,계란|대두|밀|돼지고기|토마토,https://www.mcdonalds.co.kr/kor/menu/information/nutrition,2026.08.11,True,True,,,,,
맥도날드,소시지 에그 맥머핀,단품,432.0,23.0,9.0,3.0,835.0,계란|우유|대두|밀|돼지고기,https://www.mcdonalds.co.kr/kor/menu/information/nutrition,2026.08.11,True,True,,,,,
맥도날드,디럭스 브렉퍼스트,단품,768.0,29.0,9.0,11.0,1365.0,계란|우유|대두|밀|돼지고기,https://www.mcdonalds.co.kr/kor/menu/information/nutrition,2026.08.11,True,True,,,,,
맥도날드,핫케익 2조각,단품,223.0,6.0,1.1,8.0,342.0,계란|우유|대두|밀,https://www.mcdonalds.co.kr/kor/menu/information/nutrition,2026.08.11,True,True,,,,,
맥도날드,핫케익 3조각,단품,335.0,9.0,1.7,12.0,513.0,계란|우유|대두|밀,https://www.mcdonalds.co.kr/kor/menu/information/nutrition,2026.08.11,True,True,,,,,
맥도날드,치킨 치즈 머핀,단품,498.0,23.0,6.0,3.0,1277.0,계란|우유|대두|밀|닭고기,https://www.mcdonalds.co.kr/kor/menu/information/nutrition,2026.08.11,True,True,,,,,
맥도날드,그릴드 치킨 모닝 버거,단품,358.0,19.0,4.4,9.0,913.0,계란|우유|대두|밀|쇠고기|닭고기|토마토,https://www.mcdonalds.co.kr/kor/menu/information/nutrition,2026.08.11,True,True,,,,,
맥도날드,더블 그릴드 치킨 모닝 버거,단품,414.0,30.0,4.6,9.0,1262.0,계란|우유|대두|밀|쇠고기|닭고기|토마토,https://www.mcdonalds.co.kr/kor/menu/information/nutrition,2026.08.11,True,True,,,,,
맥도날드,진주 고추 크림치즈 머핀,단품,523.0,23.0,7.0,5.0,1394.0,계란|우유|대두|밀|닭고기|토마토,https://www.mcdonalds.co.kr/kor/menu/information/nutrition,2026.08.11,True,True,,,,,
맥도날드,해쉬 브라운,스낵 & 사이드,162.0,2.0,0.8,0.0,345.0,대두,https://www.mcdonalds.co.kr/kor/menu/information/nutrition,2026.08.11,True,True,,,,,
맥도날드,빅맥®,버거,582.0,27.0,11.0,8.0,902.0,계란|우유|대두|밀|쇠고기,https://www.mcdonalds.co.kr/kor/menu/information/nutrition,2026.08.11,True,True,,,,,
맥도날드,맥스파이시® 상하이버거,버거,528.0,22.0,3.2,9.0,952.0,계란|대두|밀|닭고기|토마토,https://www.mcdonalds.co.kr/kor/menu/information/nutrition,2026.08.11,True,True,,,,,
맥도날드,1955® 버거,버거,572.0,29.0,10.0,15.0,930.0,계란|우유|대두|밀|돼지고기|쇠고기|토마토,https://www.mcdonalds.co.kr/kor/menu/information/nutrition,2026.08.11,True,True,,,,,
맥도날드,맥치킨® 모짜렐라,버거,735.0,29.0,7.0,18.0,1807.0,계란|우유|대두|밀|닭고기|토마토,https://www.mcdonalds.co.kr/kor/menu/information/nutrition,2026.08.11,True,True,,,,,
맥도날드,맥치킨®,버거,515.0,19.0,3.6,7.0,1148.0,계란|대두|밀|닭고기,https://www.mcdonalds.co.kr/kor/menu/information/nutrition,2026.08.11,True,True,,,,,
맥도날드,더블 불고기버거,버거,635.0,26.0,13.0,15.0,997.0,계란|우유|대두|밀|돼지고기,https://www.mcdonalds.co.kr/kor/menu/information/nutrition,2026.08.11,True,True,,,,,
맥도날드,불고기버거,버거,408.0,14.0,6.0,14.0,670.0,계란|대두|밀|돼지고기,https://www.mcdonalds.co.kr/kor/menu/information/nutrition,2026.08.11,True,True,,,,,
맥도날드,슈슈버거,버거,431.0,13.0,1.9,13.0,758.0,계란|우유|대두|밀|새우|쇠고기|토마토,https://www.mcdonalds.co.kr/kor/menu/information/nutrition,2026.08.11,True,True,,,,,
맥도날드,슈비버거,버거,573.0,22.0,6.0,15.0,951.0,계란|우유|대두|밀|새우|쇠고기|토마토,https://www.mcdonalds.co.kr/kor/menu/information/nutrition,2026.08.11,True,True,,,,,
맥도날드,더블 쿼터파운더® 치즈,버거,770.0,50.0,20.0,10.0,1151.0,우유|대두|밀|쇠고기|토마토,https://www.mcdonalds.co.kr/kor/menu/information/nutrition,2026.08.11,True,True,,,,,
맥도날드,베이컨 토마토 디럭스,버거,570.0,29.0,11.0,14.0,933.0,계란|우유|대두|밀|돼지고기|쇠고기|토마토,https://www.mcdonalds.co.kr/kor/menu/information/nutrition,2026.08.11,True,True,,,,,
맥도날드,쿼터파운더®치즈,버거,536.0,31.0,13.0,10.0,966.0,우유|대두|밀|쇠고기|토마토,https://www.mcdonalds.co.kr/kor/menu/information/nutrition,2026.08.11,True,True,,,,,
맥도날드,치즈버거,버거,318.0,16.0,6.0,7.0,612.0,우유|대두|밀|쇠고기|토마토,https://www.mcdonalds.co.kr/kor/menu/information/nutrition,2026.08.11,True,True,,,,,
맥도날드,더블 치즈버거,버거,479.0,27.0,12.0,8.0,896.0,우유|대두|밀|쇠고기|토마토,https://www.mcdonalds.co.kr/kor/menu/information/nutrition,2026.08.11,True,True,,,,,
맥도날드,햄버거,버거,266.0,13.0,3.5,7.0,450.0,대두|밀|쇠고기|토마토,https://www.mcdonalds.co.kr/kor/menu/information/nutrition,2026.08.11,True,True,,,,,
맥도날드,트리플 치즈버거,버거,640.0,38.0,18.0,8.0,1152.0,우유|대두|밀|쇠고기|토마토,https://www.mcdonalds.co.kr/kor/menu/information/nutrition,2026.08.11,True,True,,,,,
맥도날드,토마토 치즈 비프 버거 ,버거,402.0,18.0,7.0,11.0,682.0,계란|우유|대두|밀|쇠고기|토마토,https://www.mcdonalds.co.kr/kor/menu/information/nutrition,2026.08.11,True,True,,,,,
맥도날드,더블 맥스파이시® 상하이 버거,버거,867.0,38.0,6.0,10.0,1640.0,계란|대두|밀|닭고기|토마토,https://www.mcdonalds.co.kr/kor/menu/information/nutrition,2026.08.11,True,True,,,,,
맥도날드,맥크리스피™ 치킨 디럭스,버거,578.0,23.0,4.7,13.0,1297.0,계란|우유|대두|밀|쇠고기|닭고기|토마토,https://www.mcdonalds.co.kr/kor/menu/information/nutrition,2026.08.11,True,True,,,,,
맥도날드,맥크리스피™ 치킨 클래식,버거,567.0,23.0,4.7,11.0,1295.0,계란|우유|대두|밀|쇠고기|닭고기|토마토,https://www.mcdonalds.co.kr/kor/menu/information/nutrition,2026.08.11,True,True,,,,,
맥도날드,진주 고추 크림치즈 비프 버거,버거,586.0,28.0,13.0,11.0,1077.0,계란|우유|대두|밀|돼지고기|쇠고기|토마토|아황산류,https://www.mcdonalds.co.kr/kor/menu/information/nutrition,2026.08.11,True,True,,,,,
맥도날드,진주 고추 크림치즈 치킨 버거,버거,590.0,24.0,7.0,11.0,1325.0,계란|우유|대두|밀|닭고기|토마토|아황산류,https://www.mcdonalds.co.kr/kor/menu/information/nutrition,2026.08.11,True,True,,,,,
맥도날드,상하이 치킨 스낵랩,스낵 & 사이드,300.0,11.0,3.9,3.0,823.0,계란|대두|밀|돼지고기|닭고기,https://www.mcdonalds.co.kr/kor/menu/information/nutrition,2026.08.11,True,True,,,,,
맥도날드,골든 모짜렐라 치즈스틱 2조각,스낵 & 사이드,165.0,8.0,4.2,1.0,288.0,우유|대두|밀,https://www.mcdonalds.co.kr/kor/menu/information/nutrition,2026.08.11,True,True,,,,,
맥도날드,골든 모짜렐라 치즈스틱 4조각,스낵 & 사이드,330.0,16.0,8.4,2.0,577.0,우유|대두|밀,https://www.mcdonalds.co.kr/kor/menu/information/nutrition,2026.08.11,True,True,,,,,
맥도날드,맥너겟® 4조각,스낵 & 사이드,163.0,10.0,1.1,0.0,369.0,계란|대두|밀|닭고기|토마토|아황산류,https://www.mcdonalds.co.kr/kor/menu/information/nutrition,2026.08.11,True,True,,,,,
맥도날드,맥너겟® 6조각,스낵 & 사이드,244.0,15.0,1.6,0.0,553.0,계란|대두|밀|닭고기|토마토|아황산류,https://www.mcdonalds.co.kr/kor/menu/information/nutrition,2026.08.11,True,True,,,,,
맥도날드,맥스파이시® 치킨텐더 2조각,스낵 & 사이드,190.0,14.0,1.2,0.0,763.0,계란|대두|밀|닭고기|토마토|아황산류,https://www.mcdonalds.co.kr/kor/menu/information/nutrition,2026.08.11,True,True,,,,,
맥도날드,후렌치 후라이 스몰,스낵 & 사이드,210.0,4.0,0.7,0.0,183.0,대두|토마토,https://www.mcdonalds.co.kr/kor/menu/information/nutrition,2026.08.11,True,True,,,,,
맥도날드,후렌치 후라이 미디엄,스낵 & 사이드,324.0,5.0,1.0,0.0,282.0,대두|토마토,https://www.mcdonalds.co.kr/kor/menu/information/nutrition,2026.08.11,True,True,,,,,
맥도날드,후렌치 후라이 라지,스낵 & 사이드,397.0,7.0,1.3,0.0,346.0,대두|토마토,https://www.mcdonalds.co.kr/kor/menu/information/nutrition,2026.08.11,True,True,,,,,
맥도날드,디핑 소스 스위트 앤 사워,스낵 & 사이드,40.0,0.0,0.0,8.0,138.0,대두|밀|아황산류,https://www.mcdonalds.co.kr/kor/menu/information/nutrition,2026.08.11,True,True,,,,,
맥도날드,디핑 소스 스위트 칠리,스낵 & 사이드,52.0,0.0,0.0,9.0,204.0,토마토,https://www.mcdonalds.co.kr/kor/menu/information/nutrition,2026.08.11,True,True,,,,,
맥도날드,디핑 소스 케이준,스낵 & 사이드,79.0,0.0,1.1,2.0,124.0,계란|대두,https://www.mcdonalds.co.kr/kor/menu/information/nutrition,2026.08.11,True,True,,,,,
맥도날드,코울슬로,스낵 & 사이드,179.0,1.0,1.0,18.0,307.0,계란|대두,https://www.mcdonalds.co.kr/kor/menu/information/nutrition,2026.08.11,True,True,,,,,
맥도날드,맥윙 2조각,스낵 & 사이드,228.0,14.0,3.0,0.0,602.0,계란|대두|밀|닭고기|토마토|아황산류,https://www.mcdonalds.co.kr/kor/menu/information/nutrition,2026.08.11,True,True,,,,,
맥도날드,맥윙 4조각,스낵 & 사이드,455.0,28.0,6.0,1.0,1204.0,계란|대두|밀|닭고기|토마토|아황산류,https://www.mcdonalds.co.kr/kor/menu/information/nutrition,2026.08.11,True,True,,,,,
맥도날드,맥윙 8조각,스낵 & 사이드,910.0,56.0,12.0,1.0,2408.0,계란|대두|밀|닭고기|토마토|아황산류,https://www.mcdonalds.co.kr/kor/menu/information/nutrition,2026.08.11,True,True,,,,,
맥도날드,게살 크림 크로켓 스낵랩,스낵 & 사이드,285.0,7.0,3.8,6.0,640.0,계란|우유|대두|밀|땅콩|게,https://www.mcdonalds.co.kr/kor/menu/information/nutrition,2026.08.11,True,True,,,,,
맥도날드,진주 고추 매콤 소스,스낵 & 사이드,72.0,0.0,1.2,2.46,215.0,계란|우유|대두,https://www.mcdonalds.co.kr/kor/menu/information/nutrition,2026.08.11,True,True,,,,,
맥도날드,오레오 맥플러리,디저트,334.0,6.0,6.0,36.0,179.0,우유|대두|밀,https://www.mcdonalds.co.kr/kor/menu/information/nutrition,2026.08.11,True,True,,,,,
맥도날드,딸기 오레오 맥플러리,디저트,305.0,5.0,4.7,38.0,138.0,우유|대두|밀,https://www.mcdonalds.co.kr/kor/menu/information/nutrition,2026.08.11,True,True,,,,,
맥도날드,초코 오레오 맥플러리,디저트,390.0,7.0,8.0,45.0,218.0,우유|대두|밀,https://www.mcdonalds.co.kr/kor/menu/information/nutrition,2026.08.11,True,True,,,,,
맥도날드,베리 스트로베리 맥플러리,디저트,327.0,5.0,6.0,38.0,228.0,우유|대두|밀,https://www.mcdonalds.co.kr/kor/menu/information/nutrition,2026.08.11,True,True,,,,,
맥도날드,스트로베리콘,디저트,142.0,3.0,2.5,16.0,96.0,우유|밀,https://www.mcdonalds.co.kr/kor/menu/information/nutrition,2026.08.11,True,True,,,,,
맥도날드,아이스크림콘,디저트,146.0,3.0,2.5,15.0,67.0,우유|밀,https://www.mcdonalds.co.kr/kor/menu/information/nutrition,2026.08.11,True,True,,,,,
맥도날드,초코 선데이 아이스크림,디저트,323.0,6.0,8.0,39.0,170.0,우유|대두,https://www.mcdonalds.co.kr/kor/menu/information/nutrition,2026.08.11,True,True,,,,,
맥도날드,딸기 선데이 아이스크림,디저트,277.0,5.0,3.9,41.0,96.0,우유,https://www.mcdonalds.co.kr/kor/menu/information/nutrition,2026.08.11,True,True,,,,,
맥도날드,바닐라 선데이 아이스크림,디저트,201.0,4.0,3.9,24.0,83.0,우유,https://www.mcdonalds.co.kr/kor/menu/information/nutrition,2026.08.11,True,True,,,,,
맥도날드,카라멜 팝콘 맥플러리,디저트,361.0,5.0,6.0,44.0,278.0,우유|대두,https://www.mcdonalds.co.kr/kor/menu/information/nutrition,2026.08.11,True,True,,,,,
맥도날드,스트로베리 카라멜 팝콘 맥플러리,디저트,355.0,5.0,6.0,46.0,327.0,우유|대두,https://www.mcdonalds.co.kr/kor/menu/information/nutrition,2026.08.11,True,True,,,,,
맥도날드,후룻볼 파인애플,해피밀(옵션),75.0,1.0,0.0,14.0,0.0,,https://www.mcdonalds.co.kr/kor/menu/information/nutrition,2026.08.11,True,True,,,,,
맥도날드,오렌지 주스 캔,해피밀(옵션),56.0,0.9,0.0,11.0,47.0,,https://www.mcdonalds.co.kr/kor/menu/information/nutrition,2026.08.11,True,True,,,,,
맥도날드,코카 콜라® 미디엄,음료,133.0,0.0,0.0,33.0,9.0,,https://www.mcdonalds.co.kr/kor/menu/information/nutrition,2026.08.11,True,True,,,,,
맥도날드,코카 콜라® 라지,음료,185.0,0.0,0.0,46.0,13.0,,https://www.mcdonalds.co.kr/kor/menu/information/nutrition,2026.08.11,True,True,,,,,
맥도날드,코카 콜라® 제로 미디엄,음료,0.0,0.0,0.0,0.0,34.0,,https://www.mcdonalds.co.kr/kor/menu/information/nutrition,2026.08.11,True,True,,,,,
맥도날드,코카 콜라® 제로 라지,음료,0.0,0.0,0.0,0.0,47.0,,https://www.mcdonalds.co.kr/kor/menu/information/nutrition,2026.08.11,True,True,,,,,
맥도날드,환타® 미디엄,음료,62.0,0.0,0.0,16.0,16.0,,https://www.mcdonalds.co.kr/kor/menu/information/nutrition,2026.08.11,True,True,,,,,
맥도날드,환타® 라지,음료,86.0,0.0,0.0,22.0,22.0,,https://www.mcdonalds.co.kr/kor/menu/information/nutrition,2026.08.11,True,True,,,,,
맥도날드,스프라이트® 미디엄,음료,140.0,0.0,0.0,35.0,28.0,,https://www.mcdonalds.co.kr/kor/menu/information/nutrition,2026.08.11,True,True,,,,,
맥도날드,스프라이트® 라지,음료,194.0,0.0,0.0,49.0,39.0,,https://www.mcdonalds.co.kr/kor/menu/information/nutrition,2026.08.11,True,True,,,,,
맥도날드,스프라이트® 제로 미디엄,음료,0.0,0.0,0.0,0.0,16.0,,https://www.mcdonalds.co.kr/kor/menu/information/nutrition,2026.08.11,True,True,,,,,
맥도날드,스프라이트® 제로 라지,음료,0.0,0.0,0.0,0.0,22.0,,https://www.mcdonalds.co.kr/kor/menu/information/nutrition,2026.08.11,True,True,,,,,
맥도날드,카페라떼 미디엄,음료,149.0,8.0,4.6,10.0,79.0,우유,https://www.mcdonalds.co.kr/kor/menu/information/nutrition,2026.08.11,True,True,,,,,
맥도날드,카페라떼 라지,음료,194.0,10.0,6.0,14.0,105.0,우유,https://www.mcdonalds.co.kr/kor/menu/information/nutrition,2026.08.11,True,True,,,,,
맥도날드,카푸치노 미디엄,음료,93.0,5.0,2.9,6.0,49.0,우유,https://www.mcdonalds.co.kr/kor/menu/information/nutrition,2026.08.11,True,True,,,,,
맥도날드,카푸치노 라지,음료,120.0,7.0,3.5,8.0,62.0,우유,https://www.mcdonalds.co.kr/kor/menu/information/nutrition,2026.08.11,True,True,,,,,
맥도날드,아메리카노 미디엄,음료,12.0,1.0,0.0,0.0,0.0,,https://www.mcdonalds.co.kr/kor/menu/information/nutrition,2026.08.11,True,True,,,,,
맥도날드,아메리카노 라지,음료,15.0,1.0,0.0,0.0,0.0,,https://www.mcdonalds.co.kr/kor/menu/information/nutrition,2026.08.11,True,True,,,,,
맥도날드,드립 커피 미디엄,음료,10.0,1.0,0.0,0.0,0.0,,https://www.mcdonalds.co.kr/kor/menu/information/nutrition,2026.08.11,True,True,,,,,
맥도날드,드립 커피 라지,음료,12.0,1.0,0.0,0.0,0.0,,https://www.mcdonalds.co.kr/kor/menu/information/nutrition,2026.08.11,True,True,,,,,
맥도날드,아이스 드립 커피 (시럽없음) 미디엄,음료,10.0,1.0,0.0,0.0,0.0,,https://www.mcdonalds.co.kr/kor/menu/information/nutrition,2026.08.11,True,True,,,,,
맥도날드,아이스 드립 커피 (시럽없음) 라지,음료,14.0,1.0,0.0,0.0,0.0,,https://www.mcdonalds.co.kr/kor/menu/information/nutrition,2026.08.11,True,True,,,,,
맥도날드,아이스 아메리카노(시럽없음) 미디엄,음료,9.0,1.0,0.0,0.0,0.0,,https://www.mcdonalds.co.kr/kor/menu/information/nutrition,2026.08.11,True,True,,,,,
맥도날드,아이스 아메리카노(시럽없음) 라지,음료,10.0,0.0,0.0,0.0,0.0,,https://www.mcdonalds.co.kr/kor/menu/information/nutrition,2026.08.11,True,True,,,,,
맥도날드,아이스 카페라떼(시럽없음) 미디엄,음료,109.0,6.0,3.2,7.0,50.0,우유,https://www.mcdonalds.co.kr/kor/menu/information/nutrition,2026.08.11,True,True,,,,,
맥도날드,아이스 카페라떼(시럽없음) 라지,음료,134.0,6.0,3.9,8.0,63.0,우유,https://www.mcdonalds.co.kr/kor/menu/information/nutrition,2026.08.11,True,True,,,,,
맥도날드,딸기 쉐이크 미디엄,음료,367.0,9.0,5.0,56.0,180.0,우유,https://www.mcdonalds.co.kr/kor/menu/information/nutrition,2026.08.11,True,True,,,,,
맥도날드,초코 쉐이크 미디엄,음료,375.0,9.0,6.0,55.0,236.0,우유|대두,https://www.mcdonalds.co.kr/kor/menu/information/nutrition,2026.08.11,True,True,,,,,
맥도날드,바닐라 쉐이크 미디엄,음료,366.0,9.0,5.0,55.0,206.0,우유,https://www.mcdonalds.co.kr/kor/menu/information/nutrition,2026.08.11,True,True,,,,,
맥도날드,바닐라 라떼 미디엄,음료,227.0,8.0,4.6,28.0,79.0,우유,https://www.mcdonalds.co.kr/kor/menu/information/nutrition,2026.08.11,True,True,,,,,
맥도날드,바닐라 라떼 라지,음료,323.0,10.0,6.0,45.0,105.0,우유,https://www.mcdonalds.co.kr/kor/menu/information/nutrition,2026.08.11,True,True,,,,,
맥도날드,아이스 바닐라 라떼 미디엄,음료,186.0,6.0,3.2,25.0,50.0,우유,https://www.mcdonalds.co.kr/kor/menu/information/nutrition,2026.08.11,True,True,,,,,
맥도날드,아이스 바닐라 라떼 라지,음료,263.0,6.0,3.9,39.0,63.0,우유,https://www.mcdonalds.co.kr/kor/menu/information/nutrition,2026.08.11,True,True,,,,,
맥도날드,피치 아이스티 미디엄,음료,162.0,0.0,0.0,34.0,8.0,복숭아,https://www.mcdonalds.co.kr/kor/menu/information/nutrition,2026.08.11,True,True,,,,,
맥도날드,피치 아이스티 라지,음료,229.0,1.0,0.0,48.0,11.0,복숭아,https://www.mcdonalds.co.kr/kor/menu/information/nutrition,2026.08.11,True,True,,,,,
맥도날드,망고 피치 아이스티 미디엄,음료,216.0,0.0,0.0,46.0,23.0,복숭아,https://www.mcdonalds.co.kr/kor/menu/information/nutrition,2026.08.11,True,True,,,,,
맥도날드,망고 피치 아이스티 라지,음료,342.0,1.0,0.0,74.0,43.0,복숭아,https://www.mcdonalds.co.kr/kor/menu/information/nutrition,2026.08.11,True,True,,,,,
맥도날드,디카페인 아메리카노 미디움,음료,12.0,1.0,0.0,0.0,0.0,,https://www.mcdonalds.co.kr/kor/menu/information/nutrition,2026.08.11,True,True,,,,,
맥도날드,디카페인 아메리카노 라지,음료,12.0,1.0,0.0,0.0,4.0,,https://www.mcdonalds.co.kr/kor/menu/information/nutrition,2026.08.11,True,True,,,,,
맥도날드,디카페인 아이스 아메리카노 미디움,음료,8.0,1.0,0.0,0.0,0.0,,https://www.mcdonalds.co.kr/kor/menu/information/nutrition,2026.08.11,True,True,,,,,
맥도날드,디카페인 아이스 아메리카노 라지,음료,10.0,1.0,0.0,0.0,0.0,,https://www.mcdonalds.co.kr/kor/menu/information/nutrition,2026.08.11,True,True,,,,,
맥도날드,디카페인 카페 라떼 미디움,음료,150.0,8.0,4.4,10.0,85.0,우유,https://www.mcdonalds.co.kr/kor/menu/information/nutrition,2026.08.11,True,True,,,,,
맥도날드,디카페인 카페 라떼 라지,음료,190.0,10.0,6.0,13.0,107.0,우유,https://www.mcdonalds.co.kr/kor/menu/information/nutrition,2026.08.11,True,True,,,,,
맥도날드,디카페인 아이스 카페 라떼 미디움,음료,114.0,6.0,3.2,7.0,54.0,우유,https://www.mcdonalds.co.kr/kor/menu/information/nutrition,2026.08.11,True,True,,,,,
맥도날드,디카페인 아이스 카페 라떼 라지,음료,133.0,7.0,3.9,8.0,65.0,우유,https://www.mcdonalds.co.kr/kor/menu/information/nutrition,2026.08.11,True,True,,,,,
맥도날드,디카페인 카푸치노 미디움,음료,89.0,5.0,2.5,6.0,49.0,우유,https://www.mcdonalds.co.kr/kor/menu/information/nutrition,2026.08.11,True,True,,,,,
맥도날드,디카페인 카푸치노 라지,음료,120.0,6.0,3.5,7.0,65.0,우유,https://www.mcdonalds.co.kr/kor/menu/information/nutrition,2026.08.11,True,True,,,,,
맥도날드,디카페인 바닐라 라떼 M,음료,227.0,8.0,4.4,29.0,85.0,우유,https://www.mcdonalds.co.kr/kor/menu/information/nutrition,2026.08.11,True,True,,,,,
맥도날드,디카페인 바닐라 라떼 L,음료,319.0,10.0,6.0,43.0,107.0,우유,https://www.mcdonalds.co.kr/kor/menu/information/nutrition,2026.08.11,True,True,,,,,
맥도날드,디카페인 아이스 바닐라 라떼 M,음료,191.0,6.0,3.2,26.0,54.0,우유,https://www.mcdonalds.co.kr/kor/menu/information/nutrition,2026.08.11,True,True,,,,,
맥도날드,디카페인 아이스 바닐라 라떼 L,음료,263.0,7.0,3.9,39.0,65.0,우유,https://www.mcdonalds.co.kr/kor/menu/information/nutrition,2026.08.11,True,True,,,,,
맥도날드,망고 맥피즈 - 스프라이트 M,음료,165.0,0.0,0.0,40.0,36.0,,https://www.mcdonalds.co.kr/kor/menu/information/nutrition,2026.08.11,True,True,,,,,
맥도날드,망고 맥피즈 - 스프라이트 L,음료,271.0,0.0,0.0,65.0,61.0,,https://www.mcdonalds.co.kr/kor/menu/information/nutrition,2026.08.11,True,True,,,,,
맥도날드,그리머스 쉐이크,음료,366.0,9.0,5.0,57.0,180.0,우유,https://www.mcdonalds.co.kr/kor/menu/information/nutrition,2026.08.11,True,True,,,,,
롯데리아,리아 두툼새우,버거메뉴,549.0,18.0,3.2,11.0,1300.0,계란|우유|대두|밀|새우|토마토,https://www.lotteeatz.com/upload/etc/ria/items.html,2026-06-08,True,True,,,,,
롯데리아,리아 두툼새우 스파이시토마토,버거메뉴,516.0,18.0,4.0,10.0,1310.0,계란|우유|대두|밀|새우|토마토,https://www.lotteeatz.com/upload/etc/ria/items.html,2026-06-08,True,True,,,,,
롯데리아,한우불고기버거,버거메뉴,572.0,23.0,12.0,15.0,800.0,계란|우유|대두|밀|쇠고기|토마토,https://www.lotteeatz.com/upload/etc/ria/items.html,2026-06-08,True,True,,,,,
롯데리아,더블한우불고기버거,버거메뉴,802.0,39.0,20.0,18.0,1150.0,계란|우유|대두|밀|쇠고기|토마토,https://www.lotteeatz.com/upload/etc/ria/items.html,2026-06-08,True,True,,,,,
롯데리아,리아 불고기,버거메뉴,462.0,21.0,11.0,11.0,880.0,계란|우유|대두|밀|돼지고기|쇠고기|닭고기|토마토,https://www.lotteeatz.com/upload/etc/ria/items.html,2026-06-08,True,True,,,,,
롯데리아,리아 불고기 베이컨,버거메뉴,508.0,23.0,13.0,11.0,940.0,계란|우유|대두|밀|돼지고기|쇠고기|닭고기|토마토,https://www.lotteeatz.com/upload/etc/ria/items.html,2026-06-08,True,True,,,,,
롯데리아,리아 불고기 더블 (빅불),버거메뉴,721.0,38.0,24.0,12.0,1480.0,계란|우유|대두|밀|돼지고기|쇠고기|닭고기|토마토,https://www.lotteeatz.com/upload/etc/ria/items.html,2026-06-08,True,True,,,,,
롯데리아,리아 새우,버거메뉴,473.0,15.0,3.8,5.0,900.0,계란|우유|대두|밀|새우|토마토,https://www.lotteeatz.com/upload/etc/ria/items.html,2026-06-08,True,True,,,,,
롯데리아,리아 새우 베이컨,버거메뉴,519.0,18.0,5.0,6.0,960.0,계란|우유|대두|밀|새우|돼지고기|토마토,https://www.lotteeatz.com/upload/etc/ria/items.html,2026-06-08,True,True,,,,,
롯데리아,리아 사각새우 더블,버거메뉴,534.0,18.0,4.2,6.0,1050.0,계란|우유|대두|밀|새우|토마토,https://www.lotteeatz.com/upload/etc/ria/items.html,2026-06-08,True,True,,,,,
롯데리아,모짜렐라 인 더 버거 베이컨,버거메뉴,696.0,30.0,16.0,6.0,1000.0,계란|우유|대두|밀|돼지고기|쇠고기,https://www.lotteeatz.com/upload/etc/ria/items.html,2026-06-08,True,True,,,,,
롯데리아,전주비빔라이스버거,버거메뉴,574.0,14.0,7.0,8.0,1290.0,계란|대두|밀|쇠고기,https://www.lotteeatz.com/upload/etc/ria/items.html,2026-06-08,True,True,,,,,
롯데리아,더블엑스투버거,버거메뉴,703.0,26.0,23.0,6.0,1040.0,계란|우유|대두|밀|쇠고기|토마토,https://www.lotteeatz.com/upload/etc/ria/items.html,2026-06-08,True,True,,,,,
롯데리아,핫크리스피치킨버거,버거메뉴,454.0,22.0,5.0,4.0,900.0,계란|대두|밀|닭고기|토마토,https://www.lotteeatz.com/upload/etc/ria/items.html,2026-06-08,True,True,,,,,
롯데리아,미라클버거,버거메뉴,382.0,15.0,4.6,7.0,600.0,대두|밀|토마토,https://www.lotteeatz.com/upload/etc/ria/items.html,2026-06-08,True,True,,,,,
롯데리아,더블 미라클버거,버거메뉴,551.0,25.0,7.0,10.0,920.0,대두|밀|토마토,https://www.lotteeatz.com/upload/etc/ria/items.html,2026-06-08,True,True,,,,,
롯데리아,클래식치즈버거,버거메뉴,482.0,16.0,13.0,5.0,710.0,계란|우유|대두|밀|쇠고기,https://www.lotteeatz.com/upload/etc/ria/items.html,2026-06-08,True,True,,,,,
롯데리아,더블 클래식치즈버거,버거메뉴,717.0,26.0,23.0,6.0,1030.0,계란|우유|대두|밀|쇠고기,https://www.lotteeatz.com/upload/etc/ria/items.html,2026-06-08,True,True,,,,,
롯데리아,치킨버거,버거메뉴,355.0,15.0,3.8,8.0,620.0,계란|우유|대두|밀|땅콩|닭고기|조개류,https://www.lotteeatz.com/upload/etc/ria/items.html,2026-06-08,True,True,,,,,
롯데리아,더블 치킨버거,버거메뉴,478.0,24.0,5.0,11.0,950.0,계란|우유|대두|밀|땅콩|닭고기|조개류,https://www.lotteeatz.com/upload/etc/ria/items.html,2026-06-08,True,True,,,,,
롯데리아,데리버거,버거메뉴,348.0,12.0,4.9,10.0,590.0,계란|우유|대두|밀|쇠고기|닭고기|조개류,https://www.lotteeatz.com/upload/etc/ria/items.html,2026-06-08,True,True,,,,,
롯데리아,더블 데리버거,버거메뉴,446.0,19.0,7.0,10.0,740.0,계란|우유|대두|밀|쇠고기|닭고기|조개류,https://www.lotteeatz.com/upload/etc/ria/items.html,2026-06-08,True,True,,,,,
롯데리아,나폴리 모짜렐라버거 토마토바질,버거메뉴,733.0,27.0,18.0,10.0,1080.0,계란|우유|대두|밀|쇠고기|닭고기|토마토,https://www.lotteeatz.com/upload/etc/ria/items.html,2026-06-08,True,True,,,,,
롯데리아,나폴리 모짜렐라버거 발사믹바질,버거메뉴,733.0,27.0,18.0,10.0,1040.0,계란|우유|대두|밀|쇠고기|토마토|아황산류,https://www.lotteeatz.com/upload/etc/ria/items.html,2026-06-08,True,True,,,,,
롯데리아,통다리 크리스피치킨버거(그릭랜치),버거메뉴,618.0,25.0,5.0,8.0,1050.0,계란|우유|대두|밀|쇠고기|닭고기|조개류,https://www.lotteeatz.com/upload/etc/ria/items.html,2026-06-08,True,True,,,,,
롯데리아,통다리 크리스피치킨버거(파이어핫),버거메뉴,594.0,25.0,4.4,10.0,1040.0,계란|우유|대두|밀|쇠고기|닭고기|조개류,https://www.lotteeatz.com/upload/etc/ria/items.html,2026-06-08,True,True,,,,,
롯데리아,번트비프버거,버거메뉴,602.0,26.0,17.0,17.0,1070.0,계란|우유|대두|밀|돼지고기|쇠고기|아황산류|오징어,https://www.lotteeatz.com/upload/etc/ria/items.html,2026-06-08,True,True,,,,,
롯데리아,하와이안 모짜렐라버거,버거메뉴,773.0,26.0,18.0,14.0,1146.0,계란|우유|대두|밀|돼지고기|쇠고기|닭고기|토마토|조개류,https://www.lotteeatz.com/upload/etc/ria/items.html,2026-06-08,True,True,,,,,
롯데리아,치즈토핑,토핑메뉴,64.0,3.0,3.9,0.0,160.0,우유,https://www.lotteeatz.com/upload/etc/ria/items.html,2026-06-08,True,True,,,,,
롯데리아,토마토토핑,토핑메뉴,4.0,0.0,0.0,1.0,0.0,토마토,https://www.lotteeatz.com/upload/etc/ria/items.html,2026-06-08,True,True,,,,,
롯데리아,베이컨토핑,토핑메뉴,42.0,2.0,1.7,0.0,60.0,돼지고기,https://www.lotteeatz.com/upload/etc/ria/items.html,2026-06-08,True,True,,,,,
롯데리아,비프패티토핑,토핑메뉴,172.0,7.0,7.0,0.0,160.0,쇠고기,https://www.lotteeatz.com/upload/etc/ria/items.html,2026-06-08,True,True,,,,,
롯데리아,반숙계란 토핑,토핑메뉴,43.0,1.0,0.0,0.0,35.0,계란|대두,https://www.lotteeatz.com/upload/etc/ria/items.html,2026-06-08,True,True,,,,,
롯데리아,화이어윙2조각,토핑메뉴,178.0,9.0,2.5,0.0,270.0,계란|대두|밀|땅콩|닭고기,https://www.lotteeatz.com/upload/etc/ria/items.html,2026-06-08,True,True,,,,,
롯데리아,화이어윙4조각,토핑메뉴,357.0,17.0,5.0,0.0,550.0,계란|대두|밀|땅콩|닭고기,https://www.lotteeatz.com/upload/etc/ria/items.html,2026-06-08,True,True,,,,,
롯데리아,치킨다리 1조각,토핑메뉴,151.0,11.0,1.8,0.0,330.0,계란|대두|밀|땅콩|닭고기,https://www.lotteeatz.com/upload/etc/ria/items.html,2026-06-08,True,True,,,,,
롯데리아,치킨다리 하프팩(코울슬로) (소스미포함),토핑메뉴,717.0,45.0,8.0,13.0,1460.0,계란|우유|대두|밀|땅콩|닭고기,https://www.lotteeatz.com/upload/etc/ria/items.html,2026-06-08,True,True,,,,,
롯데리아,치킨다리 하프팩(포테이토) (소스미포함),토핑메뉴,888.0,48.0,10.0,3.0,1830.0,계란|대두|밀|땅콩|닭고기|토마토,https://www.lotteeatz.com/upload/etc/ria/items.html,2026-06-08,True,True,,,,,
롯데리아,순살치킨 하프팩 (소스 미포함),토핑메뉴,659.0,39.0,6.0,2.0,1170.0,계란|대두|밀|쇠고기|닭고기,https://www.lotteeatz.com/upload/etc/ria/items.html,2026-06-08,True,True,,,,,
롯데리아,순살치킨 풀팩 (소스 미포함),토핑메뉴,1319.0,77.0,12.0,4.0,2350.0,계란|대두|밀|쇠고기|닭고기,https://www.lotteeatz.com/upload/etc/ria/items.html,2026-06-08,True,True,,,,,
롯데리아,후라이드 순살치킨 (R) (소스 미포함),토핑메뉴,862.0,49.0,10.0,1.0,1520.0,계란|대두|밀|쇠고기|닭고기|조개류,https://www.lotteeatz.com/upload/etc/ria/items.html,2026-06-08,True,True,,,,,
롯데리아,후라이드 순살치킨 (L) (소스 미포함),토핑메뉴,1725.0,197.0,19.0,1.0,3040.0,계란|대두|밀|쇠고기|닭고기|조개류,https://www.lotteeatz.com/upload/etc/ria/items.html,2026-06-08,True,True,,,,,
롯데리아,후라이드 순살치킨 N (R) (소스 미포함),토핑메뉴,906.0,48.0,11.0,1.0,1554.0,계란|대두|밀|쇠고기|닭고기|조개류,https://www.lotteeatz.com/upload/etc/ria/items.html,2026-06-08,True,True,,,,,
롯데리아,후라이드 순살치킨 N (L) (소스 미포함),토핑메뉴,1812.0,97.0,21.0,1.0,3109.0,계란|대두|밀|쇠고기|닭고기|조개류,https://www.lotteeatz.com/upload/etc/ria/items.html,2026-06-08,True,True,,,,,
롯데리아,치킨휠레2조각 (소스미포함),토핑메뉴,183.0,15.0,1.9,0.0,370.0,계란|우유|대두|밀|땅콩|새우|닭고기|조개류,https://www.lotteeatz.com/upload/etc/ria/items.html,2026-06-08,True,True,,,,,
롯데리아,치킨휠레4조각 (소스미포함),토핑메뉴,366.0,29.0,3.8,0.0,740.0,계란|우유|대두|밀|땅콩|새우|닭고기|조개류,https://www.lotteeatz.com/upload/etc/ria/items.html,2026-06-08,True,True,,,,,
롯데리아,말차라뗴,드링크 메뉴,282.0,8.0,6.0,37.0,120.0,우유,https://www.lotteeatz.com/upload/etc/ria/items.html,2026-06-08,True,True,,,,,
롯데리아,아메리카노,드링크 메뉴,8.0,0.0,0.0,0.0,5.0,,https://www.lotteeatz.com/upload/etc/ria/items.html,2026-06-08,True,True,,,,,
롯데리아,아이스아메리카노,드링크 메뉴,5.0,0.0,0.0,0.0,0.0,,https://www.lotteeatz.com/upload/etc/ria/items.html,2026-06-08,True,True,,,,,
롯데리아,아이스아메리카노(L),드링크 메뉴,9.0,0.0,0.0,0.0,0.0,,https://www.lotteeatz.com/upload/etc/ria/items.html,2026-06-08,True,True,,,,,
롯데리아,카페라떼(살균우유),드링크 메뉴,145.0,7.0,4.5,7.0,80.0,우유,https://www.lotteeatz.com/upload/etc/ria/items.html,2026-06-08,True,True,,,,,
롯데리아,아이스카페라떼(살균우유),드링크 메뉴,60.0,3.0,1.7,3.0,30.0,우유,https://www.lotteeatz.com/upload/etc/ria/items.html,2026-06-08,True,True,,,,,
롯데리아,레몬에이드(R),드링크 메뉴,180.0,0.0,0.0,41.0,10.0,,https://www.lotteeatz.com/upload/etc/ria/items.html,2026-06-08,True,True,,,,,
롯데리아,레몬에이드(L),드링크 메뉴,246.0,0.0,0.0,56.0,11.0,,https://www.lotteeatz.com/upload/etc/ria/items.html,2026-06-08,True,True,,,,,
롯데리아,아이스티(R),드링크 메뉴,191.0,0.0,0.0,47.0,0.0,복숭아,https://www.lotteeatz.com/upload/etc/ria/items.html,2026-06-08,True,True,,,,,
롯데리아,아이스티(L),드링크 메뉴,263.0,0.0,0.0,64.0,0.0,복숭아,https://www.lotteeatz.com/upload/etc/ria/items.html,2026-06-08,True,True,,,,,
롯데리아,제로슈거콜라(R),드링크 메뉴,0.0,0.0,0.0,0.0,55.0,,https://www.lotteeatz.com/upload/etc/ria/items.html,2026-06-08,True,True,,,,,
롯데리아,제로슈거콜라(L),드링크 메뉴,0.0,0.0,0.0,0.0,75.0,,https://www.lotteeatz.com/upload/etc/ria/items.html,2026-06-08,True,True,,,,,
롯데리아,펩시콜라(R),드링크 메뉴,128.0,0.0,0.0,31.0,15.0,,https://www.lotteeatz.com/upload/etc/ria/items.html,2026-06-08,True,True,,,,,
롯데리아,펩시콜라(L),드링크 메뉴,174.0,0.0,0.0,42.0,20.0,,https://www.lotteeatz.com/upload/etc/ria/items.html,2026-06-08,True,True,,,,,
롯데리아,사이다(R),드링크 메뉴,133.0,0.0,0.0,31.0,5.0,,https://www.lotteeatz.com/upload/etc/ria/items.html,2026-06-08,True,True,,,,,
롯데리아,사이다(L),드링크 메뉴,182.0,0.0,0.0,42.0,10.0,,https://www.lotteeatz.com/upload/etc/ria/items.html,2026-06-08,True,True,,,,,
롯데리아,캐모마일 티,드링크 메뉴,2.0,0.0,0.0,0.0,0.0,,https://www.lotteeatz.com/upload/etc/ria/items.html,2026-06-08,True,True,,,,,
롯데리아,말차빙수(보냉백 포함),아이스샷,634.0,9.0,3.0,82.0,220.0,우유,https://www.lotteeatz.com/upload/etc/ria/items.html,2026-06-08,True,True,,,,,
롯데리아,말차빙수(보냉백 미포함),아이스샷,634.0,9.0,3.0,82.0,220.0,우유,https://www.lotteeatz.com/upload/etc/ria/items.html,2026-06-08,True,True,,,,,
롯데리아,팥빙수(보냉백 포함),아이스샷,601.0,10.0,3.0,99.0,140.0,우유,https://www.lotteeatz.com/upload/etc/ria/items.html,2026-06-08,True,True,,,,,
롯데리아,팥빙수(보냉백 미포함),아이스샷,601.0,10.0,3.0,99.0,140.0,우유,https://www.lotteeatz.com/upload/etc/ria/items.html,2026-06-08,True,True,,,,,
롯데리아,토네이도 말차쿠키,아이스샷,341.0,5.0,7.0,40.0,160.0,우유|대두|밀,https://www.lotteeatz.com/upload/etc/ria/items.html,2026-06-08,True,True,,,,,
롯데리아,토네이도 스트로베리,아이스샷,263.0,4.0,6.0,36.0,65.0,우유,https://www.lotteeatz.com/upload/etc/ria/items.html,2026-06-08,True,True,,,,,
롯데리아,토네이도 망고젤리,아이스샷,280.0,4.0,6.0,40.0,75.0,우유,https://www.lotteeatz.com/upload/etc/ria/items.html,2026-06-08,True,True,,,,,
롯데리아,토네이도 초코쿠키,아이스샷,300.0,5.0,7.0,32.0,160.0,우유|대두|밀,https://www.lotteeatz.com/upload/etc/ria/items.html,2026-06-08,True,True,,,,,
롯데리아,토네이도 더블초코,아이스샷,338.0,5.0,7.0,39.0,160.0,우유|대두|밀,https://www.lotteeatz.com/upload/etc/ria/items.html,2026-06-08,True,True,,,,,
롯데리아,롯데리아케첩(9g),소스& 시즈닝,10.0,0.0,0.0,2.0,115.0,토마토,https://www.lotteeatz.com/upload/etc/ria/items.html,2026-06-08,True,True,,,,,
롯데리아,허니머스타드,소스& 시즈닝,25.0,0.0,0.0,2.0,70.0,계란|대두,https://www.lotteeatz.com/upload/etc/ria/items.html,2026-06-08,True,True,,,,,
롯데리아,스위트앤사워,소스& 시즈닝,20.0,0.0,0.0,5.0,60.0,대두|밀|조개류,https://www.lotteeatz.com/upload/etc/ria/items.html,2026-06-08,True,True,,,,,
롯데리아,크리미양념소스,소스& 시즈닝,99.0,0.0,0.7,9.0,360.0,계란|대두|토마토,https://www.lotteeatz.com/upload/etc/ria/items.html,2026-06-08,True,True,,,,,
롯데리아,롯데리아 잠발라야소스,소스& 시즈닝,33.0,0.0,0.0,7.0,120.0,토마토,https://www.lotteeatz.com/upload/etc/ria/items.html,2026-06-08,True,True,,,,,
롯데리아,어니언 시즈닝,소스& 시즈닝,18.0,0.0,0.0,1.0,125.0,우유|대두,https://www.lotteeatz.com/upload/etc/ria/items.html,2026-06-08,True,True,,,,,
롯데리아,치즈시즈닝,소스& 시즈닝,15.0,0.0,0.0,2.0,130.0,우유|대두,https://www.lotteeatz.com/upload/etc/ria/items.html,2026-06-08,True,True,,,,,
롯데리아,칠리 시즈닝,소스& 시즈닝,9.0,0.0,0.0,1.0,160.0,우유|대두|밀|쇠고기|토마토,https://www.lotteeatz.com/upload/etc/ria/items.html,2026-06-08,True,True,,,,,
롯데리아,양념치킨소스,소스& 시즈닝,92.0,1.0,0.0,14.0,200.0,계란|대두|밀|토마토,https://www.lotteeatz.com/upload/etc/ria/items.html,2026-06-08,True,True,,,,,
롯데리아,소이허니소스,소스& 시즈닝,85.0,1.0,0.0,16.0,340.0,대두|밀,https://www.lotteeatz.com/upload/etc/ria/items.html,2026-06-08,True,True,,,,,
롯데리아,포테이토,디저트 메뉴,284.0,3.0,2.8,2.0,500.0,대두|토마토,https://www.lotteeatz.com/upload/etc/ria/items.html,2026-06-08,True,True,,,,,
롯데리아,포테이토(L),디저트 메뉴,420.0,5.0,4.1,5.0,800.0,대두|토마토,https://www.lotteeatz.com/upload/etc/ria/items.html,2026-06-08,True,True,,,,,
롯데리아,치즈스틱,디저트 메뉴,158.0,8.0,3.7,1.0,270.0,계란|우유|대두|밀,https://www.lotteeatz.com/upload/etc/ria/items.html,2026-06-08,True,True,,,,,
롯데리아,롱치즈스틱,디저트 메뉴,158.0,8.0,4.0,0.0,230.0,계란|우유|대두|밀,https://www.lotteeatz.com/upload/etc/ria/items.html,2026-06-08,True,True,,,,,
롯데리아,통오징어링,디저트 메뉴,166.0,8.0,0.5,8.0,420.0,계란|대두|밀|토마토|오징어,https://www.lotteeatz.com/upload/etc/ria/items.html,2026-06-08,True,True,,,,,
롯데리아,지파이 고소한맛(S),디저트 메뉴,397.0,18.0,6.0,1.0,620.0,계란|대두|밀|땅콩|닭고기,https://www.lotteeatz.com/upload/etc/ria/items.html,2026-06-08,True,True,,,,,
롯데리아,지파이 하바네로(L),디저트 메뉴,566.0,26.0,4.2,1.0,1370.0,계란|대두|밀|닭고기,https://www.lotteeatz.com/upload/etc/ria/items.html,2026-06-08,True,True,,,,,
롯데리아,양념감자(시즈닝미포함),디저트 메뉴,360.0,4.0,3.7,0.0,510.0,대두,https://www.lotteeatz.com/upload/etc/ria/items.html,2026-06-08,True,True,,,,,
롯데리아,양념너겟(시즈닝미포함),디저트 메뉴,270.0,19.0,3.3,1.0,490.0,우유|대두|밀|쇠고기|닭고기,https://www.lotteeatz.com/upload/etc/ria/items.html,2026-06-08,True,True,,,,,
롯데리아,치킨너겟(소스미포함),디저트 메뉴,270.0,19.0,3.3,1.0,490.0,우유|대두|밀|쇠고기|닭고기,https://www.lotteeatz.com/upload/etc/ria/items.html,2026-06-08,True,True,,,,,
롯데리아,코울슬로,디저트 메뉴,112.0,1.0,1.0,12.0,130.0,계란|우유|대두,https://www.lotteeatz.com/upload/etc/ria/items.html,2026-06-08,True,True,,,,,
롯데리아,디지게 매운 돈까스(양념맛),디저트 메뉴,290.0,15.0,2.0,15.0,670.0,계란|대두|밀|돼지고기|토마토,https://www.lotteeatz.com/upload/etc/ria/items.html,2026-06-08,True,True,,,,,
롯데리아,디지게 매운 돈까스(디진다맛),디저트 메뉴,280.0,15.0,2.1,13.0,520.0,계란|우유|대두|밀|돼지고기|쇠고기|닭고기|토마토|조개류,https://www.lotteeatz.com/upload/etc/ria/items.html,2026-06-08,True,True,,,,,
롯데리아,야채라이스 불고기,디저트 메뉴,520.0,18.0,6.0,5.0,900.0,계란|우유|대두|밀|돼지고기|쇠고기|닭고기|토마토,https://www.lotteeatz.com/upload/etc/ria/items.html,2026-06-08,True,True,,,,,
롯데리아,야채라이스 새우,디저트 메뉴,434.0,11.0,2.2,3.0,890.0,계란|우유|대두|밀|새우|쇠고기|토마토,https://www.lotteeatz.com/upload/etc/ria/items.html,2026-06-08,True,True,,,,,
롯데리아,베이컨에그번,디저트 메뉴,386.0,14.0,8.0,5.0,510.0,계란|우유|대두|밀|돼지고기|조개류,https://www.lotteeatz.com/upload/etc/ria/items.html,2026-06-08,True,True,,,,,
롯데리아,에그샐러드번,디저트 메뉴,446.0,14.0,9.0,6.0,590.0,계란|우유|대두|밀|토마토|조개류,https://www.lotteeatz.com/upload/etc/ria/items.html,2026-06-08,True,True,,,,,
롯데리아,새우 + 치킨버거,디저트 메뉴,825.0,30.0,8.0,13.0,1520.0,계란|우유|대두|밀|땅콩|새우|닭고기|토마토|조개류,https://www.lotteeatz.com/upload/etc/ria/items.html,2026-06-08,True,True,,,,,
버거킹,몬스터와퍼,공식 메뉴,1094.0,52.0,21.0,8.0,2146.0,계란|우유|대두|밀|돼지고기|쇠고기|닭고기|토마토,https://www.burgerking.co.kr/menu/main,2026-08-11,True,True,,,,,
버거킹,통새우와퍼,공식 메뉴,714.0,34.0,12.0,9.0,1258.0,계란|우유|대두|밀|새우|쇠고기|토마토,https://www.burgerking.co.kr/menu/main,2026-08-11,True,True,,,,,
버거킹,허니머스타드소스,공식 메뉴,30.0,0.0,0.0,2.0,60.0,계란|대두,https://www.burgerking.co.kr/menu/main,2026-08-11,True,True,,,,,
버거킹,슬라이스치즈,공식 메뉴,43.0,2.0,2.4,0.0,152.0,우유|대두,https://www.burgerking.co.kr/menu/main,2026-08-11,True,True,,,,,
버거킹,롱베이컨,공식 메뉴,22.0,1.0,0.6,0.0,42.0,돼지고기,https://www.burgerking.co.kr/menu/main,2026-08-11,True,True,,,,,
버거킹,롱베이컨 2장,공식 메뉴,44.0,3.0,1.3,0.0,83.0,돼지고기,https://www.burgerking.co.kr/menu/main,2026-08-11,True,True,,,,,
버거킹,와퍼패티,공식 메뉴,227.0,14.0,8.0,0.0,47.0,쇠고기,https://www.burgerking.co.kr/menu/main,2026-08-11,True,True,,,,,
버거킹,롱치킨버거,공식 메뉴,621.0,23.0,7.0,7.0,1235.0,계란|대두|밀|닭고기,https://www.burgerking.co.kr/menu/main,2026-08-11,True,True,,,,,
버거킹,치즈프라이,공식 메뉴,376.0,10.0,7.0,1.2,558.0,우유|대두,https://www.burgerking.co.kr/menu/main,2026-08-11,True,True,,,,,
버거킹,통새우추가2,공식 메뉴,10.0,2.0,0.0,0.0,92.0,대두|새우,https://www.burgerking.co.kr/menu/main,2026-08-11,True,True,,,,,
버거킹,무료콘샐러드,공식 메뉴,0.0,0.0,0.0,0.0,0.0,,https://www.burgerking.co.kr/menu/main,2026-08-11,True,True,,,,,
버거킹,와퍼,공식 메뉴,706.0,30.0,12.0,10.0,1098.0,계란|대두|밀|쇠고기|토마토,https://www.burgerking.co.kr/menu/main,2026-08-11,True,True,,,,,
버거킹,버거패티,공식 메뉴,114.0,8.0,3.7,0.0,199.0,쇠고기,https://www.burgerking.co.kr/menu/main,2026-08-11,True,True,,,,,
버거킹,너겟킹 4조각,공식 메뉴,147.0,9.0,2.0,0.4,422.0,대두|밀|닭고기,https://www.burgerking.co.kr/menu/main,2026-08-11,True,True,,,,,
버거킹,머스타드,공식 메뉴,30.0,0.0,0.0,2.0,60.0,계란|대두,https://www.burgerking.co.kr/menu/main,2026-08-11,True,True,,,,,
버거킹,너겟킹 10조각,공식 메뉴,368.0,22.0,5.0,0.9,1054.0,대두|밀|닭고기,https://www.burgerking.co.kr/menu/main,2026-08-11,True,True,,,,,
버거킹,햄버거,공식 메뉴,353.0,15.0,5.2,4.0,540.0,계란|대두|밀|쇠고기|토마토,https://www.burgerking.co.kr/menu/main,2026-08-11,True,True,,,,,
버거킹,코코넛슈림프(3조각)+스위트칠리소스,공식 메뉴,216.0,5.0,4.0,11.0,505.0,계란|대두|밀|새우,https://www.burgerking.co.kr/menu/main,2026-08-11,True,True,,,,,
버거킹,슬라이스치즈 2장,공식 메뉴,87.0,4.0,4.9,1.0,304.0,우유|대두,https://www.burgerking.co.kr/menu/main,2026-08-11,True,True,,,,,
버거킹,치즈버거,공식 메뉴,380.0,16.0,7.0,6.0,766.0,계란|우유|대두|밀|쇠고기|토마토,https://www.burgerking.co.kr/menu/main,2026-08-11,True,True,,,,,
버거킹,불고기버거,공식 메뉴,0.0,0.0,0.0,0.0,0.0,,https://www.burgerking.co.kr/menu/main,2026-08-11,True,True,,,,,
버거킹,크리미모짜볼(5조각),공식 메뉴,198.0,7.0,1.0,4.0,124.0,계란|우유|대두|밀,https://www.burgerking.co.kr/menu/main,2026-08-11,True,True,,,,,
버거킹,크리미모짜볼(10조각),공식 메뉴,395.0,14.0,1.0,9.0,248.0,계란|우유|대두|밀,https://www.burgerking.co.kr/menu/main,2026-08-11,True,True,,,,,
버거킹,코코넛슈림프(9조각)+스위트칠리소스,공식 메뉴,548.0,15.0,11.0,13.0,1104.0,계란|대두|밀|새우,https://www.burgerking.co.kr/menu/main,2026-08-11,True,True,,,,,
버거킹,콰트로치즈 와퍼주니어,공식 메뉴,470.0,21.0,10.0,4.0,833.0,계란|우유|대두|밀|쇠고기|토마토,https://www.burgerking.co.kr/menu/main,2026-08-11,True,True,,,,,
버거킹,미닛메이드 오렌지,공식 메뉴,112.0,1.9,0.0,22.0,95.0,,https://www.burgerking.co.kr/menu/main,2026-08-11,True,True,,,,,
버거킹,더블와퍼,공식 메뉴,0.0,0.0,0.0,0.0,0.0,,https://www.burgerking.co.kr/menu/main,2026-08-11,True,True,,,,,
버거킹,베이컨치즈와퍼,공식 메뉴,844.0,37.0,19.0,8.0,1654.0,계란|우유|대두|밀|돼지고기|쇠고기|토마토,https://www.burgerking.co.kr/menu/main,2026-08-11,True,True,,,,,
버거킹,치즈와퍼,공식 메뉴,799.0,35.0,18.0,7.0,1571.0,계란|우유|대두|밀|쇠고기|토마토,https://www.burgerking.co.kr/menu/main,2026-08-11,True,True,,,,,
버거킹,매콤치즈 시즈닝,공식 메뉴,9.0,0.0,0.0,1.0,250.0,대두,https://www.burgerking.co.kr/menu/main,2026-08-11,True,True,,,,,
버거킹,할라피뇨4 추가,공식 메뉴,6.0,0.08,0.0,1.0,108.0,,https://www.burgerking.co.kr/menu/main,2026-08-11,True,True,,,,,
버거킹,스윗사우전소스,공식 메뉴,0.0,0.0,0.0,0.0,0.0,,https://www.burgerking.co.kr/menu/main,2026-08-11,True,True,,,,,
버거킹,바삭킹2조각,공식 메뉴,272.0,15.0,5.0,1.7,497.0,대두|밀|쇠고기|닭고기,https://www.burgerking.co.kr/menu/main,2026-08-11,True,True,,,,,
버거킹,콘 아이스크림,공식 메뉴,133.0,3.0,2.1,12.6,74.0,밀,https://www.burgerking.co.kr/menu/main,2026-08-11,True,True,,,,,
버거킹,쉐이킹프라이 구운갈릭,공식 메뉴,292.0,4.0,3.1,0.5,634.0,우유|대두|밀|토마토,https://www.burgerking.co.kr/menu/main,2026-08-11,True,True,,,,,
버거킹,무료 캔콜라,공식 메뉴,0.0,0.0,0.0,0.0,0.0,,https://www.burgerking.co.kr/menu/main,2026-08-11,True,True,,,,,
버거킹,스테이크패티,공식 메뉴,309.0,19.0,11.1,0.7,425.0,밀|쇠고기|조개류,https://www.burgerking.co.kr/menu/main,2026-08-11,True,True,,,,,
버거킹,바삭킹8조각+디아블로소스,공식 메뉴,1127.0,59.0,20.1,14.1,2279.0,대두|밀|쇠고기|닭고기|토마토,https://www.burgerking.co.kr/menu/main,2026-08-11,True,True,,,,,
버거킹,밀크 선데,공식 메뉴,165.0,1.0,3.0,27.0,116.0,우유,https://www.burgerking.co.kr/menu/main,2026-08-11,True,True,,,,,
버거킹,초코 선데,공식 메뉴,232.0,2.0,3.0,38.0,147.0,우유|대두,https://www.burgerking.co.kr/menu/main,2026-08-11,True,True,,,,,
버거킹,바삭킹8조각,공식 메뉴,1088.0,59.0,20.1,6.7,1986.0,대두|밀|쇠고기|닭고기,https://www.burgerking.co.kr/menu/main,2026-08-11,True,True,,,,,
버거킹,치즈와퍼주니어,공식 메뉴,422.0,18.0,7.0,4.0,778.0,계란|우유|대두|밀|쇠고기|토마토,https://www.burgerking.co.kr/menu/main,2026-08-11,True,True,,,,,
버거킹,할라피뇨와퍼,공식 메뉴,625.0,29.0,13.0,11.5,917.0,계란|대두|밀|쇠고기|토마토,https://www.burgerking.co.kr/menu/main,2026-08-11,True,True,,,,,
버거킹,아메리카노,공식 메뉴,10.0,0.3,0.0,0.0,0.0,,https://www.burgerking.co.kr/menu/main,2026-08-11,True,True,,,,,
버거킹,아이스아메리카노,공식 메뉴,8.0,0.5,0.0,0.0,0.0,,https://www.burgerking.co.kr/menu/main,2026-08-11,True,True,,,,,
버거킹,콰트로치즈와퍼,공식 메뉴,887.0,43.0,21.0,6.0,1647.0,계란|우유|대두|밀|쇠고기|토마토,https://www.burgerking.co.kr/menu/main,2026-08-11,True,True,,,,,
버거킹,통다리치킨버거,공식 메뉴,0.0,0.0,0.0,0.0,0.0,,https://www.burgerking.co.kr/menu/main,2026-08-11,True,True,,,,,
버거킹,아이스초코,공식 메뉴,305.0,3.0,2.0,40.0,172.0,우유,https://www.burgerking.co.kr/menu/main,2026-08-11,True,True,,,,,
버거킹,치킨버거,공식 메뉴,532.0,18.0,7.0,4.0,840.0,계란|우유|대두|밀|닭고기,https://www.burgerking.co.kr/menu/main,2026-08-11,True,True,,,,,
버거킹,쉐이킹프라이 스윗어니언,공식 메뉴,297.0,4.0,3.0,1.29,486.0,우유|대두,https://www.burgerking.co.kr/menu/main,2026-08-11,True,True,,,,,
버거킹,블랙바비큐콰트로치즈와퍼,공식 메뉴,981.0,46.0,24.0,10.0,1601.0,계란|우유|대두|밀|돼지고기|쇠고기|토마토|오징어,https://www.burgerking.co.kr/menu/main,2026-08-11,True,True,,,,,
버거킹,코울슬로,공식 메뉴,155.0,1.0,0.9,9.0,210.0,계란|대두,https://www.burgerking.co.kr/menu/main,2026-08-11,True,True,,,,,
버거킹,할라피뇨2 추가,공식 메뉴,3.0,0.04,0.0,0.5,54.0,,https://www.burgerking.co.kr/menu/main,2026-08-11,True,True,,,,,
버거킹,스윗어니언 시즈닝,공식 메뉴,8.0,0.0,0.0,2.0,140.0,우유,https://www.burgerking.co.kr/menu/main,2026-08-11,True,True,,,,,
버거킹,콘샐러드,공식 메뉴,127.0,2.0,1.0,4.0,230.0,계란|대두,https://www.burgerking.co.kr/menu/main,2026-08-11,True,True,,,,,
버거킹,구운갈릭 시즈닝,공식 메뉴,8.0,0.0,0.0,2.0,150.0,밀,https://www.burgerking.co.kr/menu/main,2026-08-11,True,True,,,,,
버거킹,할라피뇨와퍼주니어,공식 메뉴,0.0,0.0,0.0,0.0,0.0,,https://www.burgerking.co.kr/menu/main,2026-08-11,True,True,,,,,
버거킹,바비큐치킨버거,공식 메뉴,479.0,18.0,5.0,7.0,792.0,계란|우유|대두|밀|닭고기|토마토,https://www.burgerking.co.kr/menu/main,2026-08-11,True,True,,,,,
버거킹,핫페퍼소스,공식 메뉴,0.0,0.0,0.0,0.0,0.0,,https://www.burgerking.co.kr/menu/main,2026-08-11,True,True,,,,,
버거킹,통새우추가,공식 메뉴,5.0,1.0,0.0,0.0,46.0,대두|새우,https://www.burgerking.co.kr/menu/main,2026-08-11,True,True,,,,,
버거킹,와퍼주니어,공식 메뉴,376.0,17.0,5.0,4.0,556.0,계란|대두|밀|쇠고기|토마토,https://www.burgerking.co.kr/menu/main,2026-08-11,True,True,,,,,
버거킹,통새우와퍼주니어,공식 메뉴,414.0,17.0,7.0,5.0,658.0,계란|우유|대두|밀|새우|쇠고기|토마토,https://www.burgerking.co.kr/menu/main,2026-08-11,True,True,,,,,
버거킹,코카콜라,공식 메뉴,0.0,0.0,0.0,0.0,0.0,,https://www.burgerking.co.kr/menu/main,2026-08-11,True,True,,,,,
버거킹,블랙바비큐와퍼,공식 메뉴,783.0,39.0,15.0,16.0,1300.0,계란|우유|대두|밀|돼지고기|쇠고기|토마토|오징어,https://www.burgerking.co.kr/menu/main,2026-08-11,True,True,,,,,
버거킹,몬스터 주니어,공식 메뉴,687.0,30.0,13.0,7.0,1293.0,계란|우유|대두|밀|쇠고기|닭고기|토마토,https://www.burgerking.co.kr/menu/main,2026-08-11,True,True,,,,,
버거킹,크리미칠리소스,공식 메뉴,0.0,0.0,0.0,0.0,0.0,,https://www.burgerking.co.kr/menu/main,2026-08-11,True,True,,,,,
버거킹,선데바닐라,공식 메뉴,0.0,0.0,0.0,0.0,0.0,,https://www.burgerking.co.kr/menu/main,2026-08-11,True,True,,,,,
버거킹,통모짜와퍼주니어,공식 메뉴,791.0,31.0,13.0,7.0,1302.0,계란|우유|대두|밀|쇠고기|토마토,https://www.burgerking.co.kr/menu/main,2026-08-11,True,True,,,,,
버거킹,불끈버거 맥시멈,공식 메뉴,1023.0,48.0,20.0,12.0,2760.0,계란|우유|대두|밀|새우|쇠고기|토마토,https://www.burgerking.co.kr/menu/main,2026-08-11,True,True,,,,,
버거킹,앵그리너겟킹 8조각,공식 메뉴,436.0,25.0,6.0,0.8,1119.0,대두|밀|닭고기,https://www.burgerking.co.kr/menu/main,2026-08-11,True,True,,,,,
버거킹,통모짜와퍼,공식 메뉴,1039.0,46.0,20.0,6.0,2064.0,계란|우유|대두|밀|쇠고기|토마토,https://www.burgerking.co.kr/menu/main,2026-08-11,True,True,,,,,
버거킹,트러플머쉬룸와퍼,공식 메뉴,735.0,37.0,13.0,13.0,1191.0,계란|우유|대두|밀|돼지고기|쇠고기|토마토,https://www.burgerking.co.kr/menu/main,2026-08-11,True,True,,,,,
버거킹,망고 선데,공식 메뉴,179.0,2.0,2.0,34.0,61.0,우유|복숭아,https://www.burgerking.co.kr/menu/main,2026-08-11,True,True,,,,,
버거킹,블루치즈소스 추가,공식 메뉴,0.0,0.0,0.0,0.0,0.0,,https://www.burgerking.co.kr/menu/main,2026-08-11,True,True,,,,,
버거킹,앵그리 너겟킹 10조각,공식 메뉴,545.0,31.0,7.0,1.0,1398.0,대두|밀|닭고기,https://www.burgerking.co.kr/menu/main,2026-08-11,True,True,,,,,
버거킹,치킨킹BLT,공식 메뉴,739.0,25.0,11.0,12.0,1065.0,계란|우유|대두|밀|돼지고기|쇠고기|닭고기|토마토,https://www.burgerking.co.kr/menu/main,2026-08-11,True,True,,,,,
버거킹,불끈버거 맥시멈 더블,공식 메뉴,1278.0,66.0,30.0,13.0,2980.0,계란|우유|대두|밀|새우|쇠고기|토마토,https://www.burgerking.co.kr/menu/main,2026-08-11,True,True,,,,,
버거킹,스위트 칠리소스,공식 메뉴,22.0,0.0,0.0,0.0,0.0,대두|토마토,https://www.burgerking.co.kr/menu/main,2026-08-11,True,True,,,,,
버거킹,불고기와퍼,공식 메뉴,738.0,31.0,13.0,10.0,1137.0,계란|대두|밀|쇠고기|토마토,https://www.burgerking.co.kr/menu/main,2026-08-11,True,True,,,,,
버거킹,더블트러플머쉬룸와퍼,공식 메뉴,960.0,54.0,22.0,15.0,1269.0,계란|우유|대두|밀|돼지고기|쇠고기|토마토,https://www.burgerking.co.kr/menu/main,2026-08-11,True,True,,,,,
버거킹,해쉬브라운,공식 메뉴,182.0,1.3,2.5,0.2,382.0,대두,https://www.burgerking.co.kr/menu/main,2026-08-11,True,True,,,,,
버거킹,트러플치즈프라이,공식 메뉴,403.0,8.0,8.0,1.9,608.0,계란|우유|대두|밀,https://www.burgerking.co.kr/menu/main,2026-08-11,True,True,,,,,
버거킹,통새우맥시멈3,공식 메뉴,1325.0,79.0,32.0,13.0,1864.0,계란|우유|대두|밀|새우|쇠고기|토마토,https://www.burgerking.co.kr/menu/main,2026-08-11,True,True,,,,,
버거킹,스태커3와퍼,공식 메뉴,1421.0,84.0,42.1,11.4,2559.0,계란|우유|대두|밀|쇠고기|토마토,https://www.burgerking.co.kr/menu/main,2026-08-11,True,True,,,,,
버거킹,스태커4와퍼,공식 메뉴,1707.0,105.0,51.8,11.9,3067.0,계란|우유|대두|밀|쇠고기|토마토,https://www.burgerking.co.kr/menu/main,2026-08-11,True,True,,,,,
버거킹,소불고기패티,공식 메뉴,181.0,8.0,5.5,2.1,214.0,계란|대두|밀|쇠고기,https://www.burgerking.co.kr/menu/main,2026-08-11,True,True,,,,,
버거킹,불맛 더블치즈베이컨버거,공식 메뉴,977.0,59.0,28.0,11.0,2295.0,우유|대두|밀|돼지고기|쇠고기|토마토,https://www.burgerking.co.kr/menu/main,2026-08-11,True,True,,,,,
버거킹,스파이시소스 추가,공식 메뉴,0.0,0.0,0.0,0.0,0.0,,https://www.burgerking.co.kr/menu/main,2026-08-11,True,True,,,,,
버거킹,치킨킹,공식 메뉴,673.0,24.0,10.0,8.0,1037.0,계란|우유|대두|밀|쇠고기|닭고기,https://www.burgerking.co.kr/menu/main,2026-08-11,True,True,,,,,
버거킹,더블비프불고기버거,공식 메뉴,565.0,26.0,12.0,6.0,796.0,계란|우유|대두|밀|쇠고기,https://www.burgerking.co.kr/menu/main,2026-08-11,True,True,,,,,
버거킹,코코넛슈림프(6조각)+스위트칠리소스,공식 메뉴,382.0,10.0,7.0,12.0,804.0,계란|대두|밀|새우,https://www.burgerking.co.kr/menu/main,2026-08-11,True,True,,,,,
버거킹,슈림프버거,공식 메뉴,516.0,14.0,6.0,6.0,1080.0,계란|우유|대두|밀|새우,https://www.burgerking.co.kr/menu/main,2026-08-11,True,True,,,,,
버거킹,더블오리지널치즈버거,공식 메뉴,533.0,27.0,12.0,5.0,728.0,계란|우유|대두|밀|쇠고기|토마토,https://www.burgerking.co.kr/menu/main,2026-08-11,True,True,,,,,
버거킹,오믈렛킹모닝,공식 메뉴,496.0,15.0,8.0,5.0,952.0,계란|우유|대두|밀,https://www.burgerking.co.kr/menu/main,2026-08-11,True,True,,,,,
버거킹,비프&슈림프버거,공식 메뉴,640.0,24.0,9.0,6.0,1122.0,계란|우유|대두|밀|새우|쇠고기|토마토,https://www.burgerking.co.kr/menu/main,2026-08-11,True,True,,,,,
버거킹,어니언링,공식 메뉴,306.0,5.0,3.0,6.0,333.0,대두|밀,https://www.burgerking.co.kr/menu/main,2026-08-11,True,True,,,,,
버거킹,풀드비프 와퍼,공식 메뉴,837.0,38.0,14.0,17.0,1362.0,계란|우유|대두|밀|쇠고기|토마토,https://www.burgerking.co.kr/menu/main,2026-08-11,True,True,,,,,
버거킹,콰트로치즈 풀드비프 와퍼,공식 메뉴,904.0,40.0,22.0,9.0,1794.0,계란|우유|대두|밀|쇠고기|토마토|오징어,https://www.burgerking.co.kr/menu/main,2026-08-11,True,True,,,,,
버거킹,바삭킹4조각,공식 메뉴,544.0,29.0,10.0,3.4,993.0,대두|밀|쇠고기|닭고기,https://www.burgerking.co.kr/menu/main,2026-08-11,True,True,,,,,
버거킹,베이컨 치폴레 랜치소스,공식 메뉴,0.0,0.0,0.0,0.0,0.0,,https://www.burgerking.co.kr/menu/main,2026-08-11,True,True,,,,,
버거킹,스모키마요롱치킨버거,공식 메뉴,0.0,0.0,0.0,0.0,0.0,,https://www.burgerking.co.kr/menu/main,2026-08-11,True,True,,,,,
버거킹,통새우맥시멈2,공식 메뉴,1093.0,62.0,26.0,10.0,1551.0,계란|우유|대두|밀|새우|쇠고기|토마토,https://www.burgerking.co.kr/menu/main,2026-08-11,True,True,,,,,
버거킹,스파이시사우전소스추가,공식 메뉴,0.0,0.0,0.0,0.0,0.0,,https://www.burgerking.co.kr/menu/main,2026-08-11,True,True,,,,,
버거킹,스태커2와퍼,공식 메뉴,1080.0,58.0,29.3,8.9,1828.0,계란|우유|대두|밀|쇠고기|토마토,https://www.burgerking.co.kr/menu/main,2026-08-11,True,True,,,,,
버거킹,콰트로치즈X,공식 메뉴,820.0,35.0,21.1,9.4,1625.0,계란|우유|대두|밀|쇠고기|닭고기|토마토|조개류,https://www.burgerking.co.kr/menu/main,2026-08-11,True,True,,,,,
버거킹,스파이시크랩버거,공식 메뉴,0.0,0.0,0.0,0.0,0.0,,https://www.burgerking.co.kr/menu/main,2026-08-11,True,True,,,,,
버거킹,더블통모짜와퍼,공식 메뉴,1277.0,65.0,26.0,7.0,1740.0,계란|우유|대두|밀|쇠고기|토마토,https://www.burgerking.co.kr/menu/main,2026-08-11,True,True,,,,,
버거킹,몬스터X,공식 메뉴,1010.0,47.0,20.0,16.0,1906.0,계란|우유|대두|밀|돼지고기|쇠고기|닭고기|토마토|조개류,https://www.burgerking.co.kr/menu/main,2026-08-11,True,True,,,,,
버거킹,불고기몬스터,공식 메뉴,661.0,29.0,11.0,12.0,1260.0,계란|우유|대두|밀|쇠고기|닭고기|토마토,https://www.burgerking.co.kr/menu/main,2026-08-11,True,True,,,,,
버거킹,통새우슈림프버거,공식 메뉴,512.0,16.0,5.0,8.0,1077.0,계란|우유|대두|밀|새우,https://www.burgerking.co.kr/menu/main,2026-08-11,True,True,,,,,
버거킹,불고기와퍼주니어,공식 메뉴,413.0,16.0,6.0,5.0,617.0,계란|대두|밀|쇠고기|토마토,https://www.burgerking.co.kr/menu/main,2026-08-11,True,True,,,,,
버거킹,타바스코 소스,공식 메뉴,0.0,0.0,0.0,0.0,0.0,,https://www.burgerking.co.kr/menu/main,2026-08-11,True,True,,,,,
버거킹,불맛 더블치즈버거,공식 메뉴,940.0,59.0,29.0,10.0,2140.0,우유|대두|밀|쇠고기|토마토,https://www.burgerking.co.kr/menu/main,2026-08-11,True,True,,,,,
버거킹,통새우맥시멈4,공식 메뉴,1555.0,98.0,41.0,11.0,1877.0,계란|우유|대두|밀|새우|쇠고기|토마토,https://www.burgerking.co.kr/menu/main,2026-08-11,True,True,,,,,
버거킹,트러플머쉬룸와퍼주니어,공식 메뉴,399.0,18.0,6.0,8.0,711.0,계란|우유|대두|밀|돼지고기|쇠고기|토마토,https://www.burgerking.co.kr/menu/main,2026-08-11,True,True,,,,,
버거킹,쉐이킹프라이 매콤치즈,공식 메뉴,287.0,4.0,3.1,0.6,687.0,우유|대두,https://www.burgerking.co.kr/menu/main,2026-08-11,True,True,,,,,
버거킹,스파이시 풀드비프 와퍼,공식 메뉴,781.0,39.0,13.0,21.0,1594.0,계란|대두|밀|쇠고기|토마토,https://www.burgerking.co.kr/menu/main,2026-08-11,True,True,,,,,
버거킹,두툼버거,공식 메뉴,986.0,52.0,18.0,14.0,1923.0,계란|우유|대두|밀|돼지고기|쇠고기|닭고기|토마토|오징어,https://www.burgerking.co.kr/menu/main,2026-08-11,True,True,,,,,
버거킹,딥 트러플 머쉬룸 더블,공식 메뉴,996.0,52.0,24.0,5.0,1258.0,계란|우유|대두|밀|쇠고기,https://www.burgerking.co.kr/menu/main,2026-08-11,True,True,,,,,
버거킹,딥 트러플 프라이,공식 메뉴,384.0,4.0,6.0,2.0,529.0,계란|우유|대두|밀,https://www.burgerking.co.kr/menu/main,2026-08-11,True,True,,,,,
버거킹,초코 망고 선데,공식 메뉴,246.0,3.0,2.0,45.0,92.0,우유|대두|복숭아,https://www.burgerking.co.kr/menu/main,2026-08-11,True,True,,,,,
버거킹,갈릭불고기와퍼,공식 메뉴,768.0,31.0,12.0,9.0,1007.0,계란|대두|밀|쇠고기|토마토,https://www.burgerking.co.kr/menu/main,2026-08-11,True,True,,,,,
버거킹,앵그리 너겟킹 4조각,공식 메뉴,218.0,12.0,3.0,0.4,559.0,대두|밀|닭고기,https://www.burgerking.co.kr/menu/main,2026-08-11,True,True,,,,,
버거킹,핫초코,공식 메뉴,214.0,3.0,1.0,38.0,161.0,우유,https://www.burgerking.co.kr/menu/main,2026-08-11,True,True,,,,,
버거킹,바비큐소스 추가,공식 메뉴,0.0,0.0,0.0,0.0,0.0,,https://www.burgerking.co.kr/menu/main,2026-08-11,True,True,,,,,
버거킹,불끈버거,공식 메뉴,0.0,0.0,0.0,0.0,0.0,계란|우유|대두|밀|새우|쇠고기|토마토,https://www.burgerking.co.kr/menu/main,2026-08-11,True,True,,,,,
버거킹,두툼버거 더블,공식 메뉴,1269.0,73.0,24.0,14.0,2157.0,계란|우유|대두|밀|돼지고기|쇠고기|닭고기|토마토|오징어,https://www.burgerking.co.kr/menu/main,2026-08-11,True,True,,,,,
버거킹,리치브라운소스,공식 메뉴,39.0,0.0,0.0,0.0,0.0,계란|우유|대두|토마토,https://www.burgerking.co.kr/menu/main,2026-08-11,True,True,,,,,
버거킹,비프불고기버거,공식 메뉴,384.0,15.0,5.0,5.0,492.0,계란|우유|대두|밀|쇠고기,https://www.burgerking.co.kr/menu/main,2026-08-11,True,True,,,,,
버거킹,더오치 맥시멈3,공식 메뉴,1499.0,81.0,44.0,11.0,3094.0,계란|우유|대두|밀|쇠고기|토마토,https://www.burgerking.co.kr/menu/main,2026-08-11,True,True,,,,,
버거킹,펜타치즈와퍼,공식 메뉴,857.0,43.0,24.0,8.0,1520.0,계란|우유|대두|밀|쇠고기|토마토,https://www.burgerking.co.kr/menu/main,2026-08-11,True,True,,,,,
버거킹,스모크 비프립 와퍼,공식 메뉴,811.0,37.0,14.0,17.0,1417.0,계란|대두|밀|쇠고기|토마토,https://www.burgerking.co.kr/menu/main,2026-08-11,True,True,,,,,
버거킹,트러플소스,공식 메뉴,35.0,0.2,1.2,1.2,80.0,계란|우유|대두|밀,https://www.burgerking.co.kr/menu/main,2026-08-11,True,True,,,,,
버거킹,크리스퍼 텐더,공식 메뉴,176.0,11.0,1.0,1.0,361.0,대두|밀|닭고기,https://www.burgerking.co.kr/menu/main,2026-08-11,True,True,,,,,
버거킹,베이비 콰트로치즈,공식 메뉴,406.0,19.0,11.0,4.0,621.0,계란|우유|대두|밀|쇠고기|토마토,https://www.burgerking.co.kr/menu/main,2026-08-11,True,True,,,,,
버거킹,블랙페퍼 치즈 소스,공식 메뉴,61.0,0.1,1.0,0.7,103.0,계란|우유|대두,https://www.burgerking.co.kr/menu/main,2026-08-11,True,True,,,,,
버거킹,브라운 페퍼콘 소스,공식 메뉴,40.0,0.2,0.6,1.2,103.0,계란|대두|밀|쇠고기|토마토,https://www.burgerking.co.kr/menu/main,2026-08-11,True,True,,,,,
버거킹,잠봉햄&치즈 크루아상위치 세트,공식 메뉴,689.0,17.0,16.0,7.0,1212.0,계란|우유|대두|밀|돼지고기,https://www.burgerking.co.kr/menu/main,2026-08-11,True,True,,,,,
버거킹,핫트러플소스,공식 메뉴,57.0,0.0,0.9,1.0,113.0,계란|대두|쇠고기|토마토,https://www.burgerking.co.kr/menu/main,2026-08-11,True,True,,,,,
버거킹,엘파소 치폴레 소스,공식 메뉴,24.0,0.0,0.3,1.0,142.0,계란|우유|대두|밀|돼지고기|토마토,https://www.burgerking.co.kr/menu/main,2026-08-11,True,True,,,,,
버거킹,베이비 불고기,공식 메뉴,333.0,14.0,5.0,5.0,368.0,계란|대두|밀|쇠고기|토마토,https://www.burgerking.co.kr/menu/main,2026-08-11,True,True,,,,,
버거킹,베이비 통새우,공식 메뉴,332.0,15.0,6.0,3.0,497.0,계란|우유|대두|밀|새우|쇠고기|토마토,https://www.burgerking.co.kr/menu/main,2026-08-11,True,True,,,,,
버거킹,콰트로페퍼 큐브스테이크 와퍼,공식 메뉴,773.0,43.0,15.0,9.0,1714.0,계란|우유|대두|밀|쇠고기|토마토,https://www.burgerking.co.kr/menu/main,2026-08-11,True,True,,,,,
버거킹,펜타치즈와퍼 라지세트,공식 메뉴,1442.0,48.0,28.0,64.0,1984.0,계란|우유|대두|밀|쇠고기|토마토,https://www.burgerking.co.kr/menu/main,2026-08-11,True,True,,,,,
버거킹,치킨 치즈 마요 버거,공식 메뉴,640.0,20.0,10.0,4.0,1122.0,계란|우유|대두|밀|닭고기,https://www.burgerking.co.kr/menu/main,2026-08-11,True,True,,,,,
버거킹,BLT 오믈렛 크루아상위치,공식 메뉴,547.0,15.0,14.0,8.0,768.0,계란|우유|대두|밀|돼지고기|토마토,https://www.burgerking.co.kr/menu/main,2026-08-11,True,True,,,,,
버거킹,불고기 롱치킨버거,공식 메뉴,691.0,23.0,7.0,7.0,1434.0,계란|대두|밀|닭고기,https://www.burgerking.co.kr/menu/main,2026-08-11,True,True,,,,,
버거킹,크리스퍼 불닭 치킨,공식 메뉴,494.0,25.0,6.0,7.0,1442.0,계란|우유|대두|밀|쇠고기|닭고기,https://www.burgerking.co.kr/menu/main,2026-08-11,True,True,,,,,
버거킹,크리스퍼 클래식,공식 메뉴,569.0,25.0,6.0,9.0,1390.0,계란|우유|대두|밀|쇠고기|닭고기,https://www.burgerking.co.kr/menu/main,2026-08-11,True,True,,,,,
버거킹,더오치 맥시멈 원파운더,공식 메뉴,1789.0,106.0,58.0,17.0,3351.0,계란|우유|대두|밀|쇠고기|토마토,https://www.burgerking.co.kr/menu/main,2026-08-11,True,True,,,,,
버거킹,크리스퍼 랩,공식 메뉴,359.0,12.0,3.0,4.0,651.0,계란|우유|대두|밀|닭고기,https://www.burgerking.co.kr/menu/main,2026-08-11,True,True,,,,,
버거킹,크리스퍼 마요 소스,공식 메뉴,51.0,0.1,0.7,1.3,89.0,계란|대두|닭고기,https://www.burgerking.co.kr/menu/main,2026-08-11,True,True,,,,,
버거킹,더 크리스퍼 베이컨&치즈,공식 메뉴,727.0,28.0,10.0,6.0,1553.0,계란|우유|대두|밀|돼지고기|쇠고기|닭고기|토마토,https://www.burgerking.co.kr/menu/main,2026-08-11,True,True,,,,,
버거킹,BLT 오믈렛 크루아상위치 콤보,공식 메뉴,557.0,15.0,14.0,8.0,768.0,계란|우유|대두|밀|돼지고기|토마토,https://www.burgerking.co.kr/menu/main,2026-08-11,True,True,,,,,
버거킹,비프 킹 랩,공식 메뉴,357.0,15.0,7.0,5.0,741.0,계란|우유|대두|밀|쇠고기|토마토,https://www.burgerking.co.kr/menu/main,2026-08-11,True,True,,,,,
버거킹,더 크리스퍼,공식 메뉴,696.0,26.0,9.0,5.0,1392.0,계란|대두|밀|쇠고기|닭고기|토마토,https://www.burgerking.co.kr/menu/main,2026-08-11,True,True,,,,,
버거킹,펜타치즈와퍼 세트,공식 메뉴,1285.0,47.0,27.0,47.0,1869.0,계란|우유|대두|밀|쇠고기|토마토,https://www.burgerking.co.kr/menu/main,2026-08-11,True,True,,,,,
버거킹,더오치 맥시멈2,공식 메뉴,1018.0,53.0,29.0,9.0,2045.0,계란|우유|대두|밀|쇠고기|토마토,https://www.burgerking.co.kr/menu/main,2026-08-11,True,True,,,,,
버거킹,버드와이저 캔(330ml),공식 메뉴,0.0,0.0,0.0,0.0,0.0,,https://www.burgerking.co.kr/menu/main,2026-08-11,True,True,,,,,
버거킹,브라우니큐브,공식 메뉴,64.0,0.5,2.8,5.8,17.0,계란|밀,https://www.burgerking.co.kr/menu/main,2026-08-11,True,True,,,,,
버거킹,터프페퍼 치즈프라이,공식 메뉴,414.0,8.0,5.0,3.0,482.0,계란|우유|대두|밀|쇠고기|토마토,https://www.burgerking.co.kr/menu/main,2026-08-11,True,True,,,,,
버거킹,치폴레 할라피뇨 파퍼,공식 메뉴,895.0,32.0,19.0,15.0,1316.0,계란|우유|대두|밀|돼지고기|쇠고기|토마토,https://www.burgerking.co.kr/menu/main,2026-08-11,True,True,,,,,
버거킹,스모크 바베큐 소스,공식 메뉴,17.5,0.2,0.0,3.1,81.0,대두|밀|토마토,https://www.burgerking.co.kr/menu/main,2026-08-11,True,True,,,,,
버거킹,갈릭불고기 맥시멈2,공식 메뉴,1076.0,54.0,24.0,7.0,1710.0,계란|우유|대두|밀|쇠고기,https://www.burgerking.co.kr/menu/main,2026-08-11,True,True,,,,,
버거킹,말차 킹퓨전,공식 메뉴,394.0,7.0,4.0,41.0,139.0,우유|대두|밀,https://www.burgerking.co.kr/menu/main,2026-08-11,True,True,,,,,
버거킹,애플 파이 로얄,공식 메뉴,188.0,2.0,2.5,6.0,120.0,대두|밀,https://www.burgerking.co.kr/menu/main,2026-08-11,True,True,,,,,
버거킹,킹플로트 소다,공식 메뉴,261.0,3.0,2.4,50.0,93.0,우유,https://www.burgerking.co.kr/menu/main,2026-08-11,True,True,,,,,
버거킹,오믈렛 크루아상위치 세트,공식 메뉴,667.0,12.0,14.0,7.0,861.0,계란|우유|대두|밀,https://www.burgerking.co.kr/menu/main,2026-08-11,True,True,,,,,
버거킹,오리지널스 메이플 갈릭,공식 메뉴,873.0,42.0,21.0,17.0,1081.0,계란|우유|대두|밀|돼지고기|쇠고기|토마토,https://www.burgerking.co.kr/menu/main,2026-08-11,True,True,,,,,
버거킹,잠봉햄&치즈 크루아상위치 콤보,공식 메뉴,517.0,15.0,13.0,7.0,917.0,계란|우유|대두|밀|돼지고기,https://www.burgerking.co.kr/menu/main,2026-08-11,True,True,,,,,
버거킹,터프페퍼 큐브스테이크,공식 메뉴,680.0,40.0,12.0,11.0,1154.0,계란|우유|대두|밀|돼지고기|쇠고기|토마토,https://www.burgerking.co.kr/menu/main,2026-08-11,True,True,,,,,
버거킹,스모크 비프립 샌드위치 버거,공식 메뉴,595.0,25.0,7.0,24.0,1192.0,계란|우유|대두|밀|쇠고기|토마토,https://www.burgerking.co.kr/menu/main,2026-08-11,True,True,,,,,
버거킹,고구마 크림치즈 파이 로얄,공식 메뉴,240.0,3.0,7.0,8.0,94.0,우유|대두|밀,https://www.burgerking.co.kr/menu/main,2026-08-11,True,True,,,,,
버거킹,킹플로트 메론,공식 메뉴,266.0,3.0,2.1,50.0,88.0,우유|대두,https://www.burgerking.co.kr/menu/main,2026-08-11,True,True,,,,,
버거킹,보일링 씨푸드 버거 디아블로,공식 메뉴,602.0,24.0,9.0,9.0,1348.0,계란|대두|밀|새우|게|쇠고기|토마토,https://www.burgerking.co.kr/menu/main,2026-08-11,True,True,,,,,
버거킹,아이스 카페라떼,공식 메뉴,73.0,4.0,2.2,3.0,34.0,우유,https://www.burgerking.co.kr/menu/main,2026-08-11,True,True,,,,,
버거킹,BLT 오믈렛 크루아상위치 세트,공식 메뉴,729.0,17.0,17.0,8.0,1063.0,계란|우유|대두|밀|돼지고기|토마토,https://www.burgerking.co.kr/menu/main,2026-08-11,True,True,,,,,
버거킹,미닛메이드 포도,공식 메뉴,126.0,1.0,0.0,28.0,16.0,,https://www.burgerking.co.kr/menu/main,2026-08-11,True,True,,,,,
버거킹,크리스퍼 치폴레,공식 메뉴,529.0,26.0,4.0,6.0,1611.0,계란|우유|대두|밀|돼지고기|쇠고기|닭고기|토마토,https://www.burgerking.co.kr/menu/main,2026-08-11,True,True,,,,,
버거킹,대~호 버거,공식 메뉴,788.0,36.0,19.0,10.0,1129.0,계란|우유|대두|밀|쇠고기,https://www.burgerking.co.kr/menu/main,2026-08-11,True,True,,,,,
버거킹,오리지널스 엘파소 치폴레,공식 메뉴,911.0,44.0,25.0,9.0,1338.0,계란|우유|대두|밀|돼지고기|쇠고기|토마토,https://www.burgerking.co.kr/menu/main,2026-08-11,True,True,,,,,
버거킹,치폴레 소스,공식 메뉴,21.0,0.2,0.0,3.2,138.0,대두|돼지고기|토마토,https://www.burgerking.co.kr/menu/main,2026-08-11,True,True,,,,,
버거킹,갈릭불고기 맥시멈3,공식 메뉴,1347.0,77.0,28.0,15.0,1902.0,계란|우유|대두|밀|쇠고기,https://www.burgerking.co.kr/menu/main,2026-08-11,True,True,,,,,
버거킹,스모크 베이컨 와퍼,공식 메뉴,870.0,40.0,15.0,15.0,1287.0,계란|대두|밀|돼지고기|쇠고기|토마토,https://www.burgerking.co.kr/menu/main,2026-08-11,True,True,,,,,
버거킹,불닭소스,공식 메뉴,31.0,0.4,0.6,2.5,124.0,계란|우유|대두|밀|쇠고기|닭고기,https://www.burgerking.co.kr/menu/main,2026-08-11,True,True,,,,,
버거킹,오믈렛 크루아상위치 콤보,공식 메뉴,495.0,10.0,11.0,7.0,566.0,계란|우유|대두|밀,https://www.burgerking.co.kr/menu/main,2026-08-11,True,True,,,,,
버거킹,초코 브라우니 킹퓨전,공식 메뉴,325.0,6.0,7.0,45.0,195.0,계란|우유|대두|밀,https://www.burgerking.co.kr/menu/main,2026-08-11,True,True,,,,,
버거킹,크리스퍼 랩 불닭 치킨,공식 메뉴,299.0,13.0,3.0,4.0,775.0,계란|우유|대두|밀|쇠고기|닭고기,https://www.burgerking.co.kr/menu/main,2026-08-11,True,True,,,,,
버거킹,크리스퍼 랩 양념 치킨,공식 메뉴,342.0,12.0,3.0,6.0,682.0,계란|우유|대두|밀|닭고기|토마토,https://www.burgerking.co.kr/menu/main,2026-08-11,True,True,,,,,
버거킹,오믈렛 크루아상위치,공식 메뉴,485.0,10.0,11.0,7.0,566.0,계란|우유|대두|밀,https://www.burgerking.co.kr/menu/main,2026-08-11,True,True,,,,,
버거킹,할라피뇨 파퍼 몬스터,공식 메뉴,1009.0,44.0,18.0,10.0,1644.0,계란|우유|대두|밀|돼지고기|쇠고기|닭고기|토마토,https://www.burgerking.co.kr/menu/main,2026-08-11,True,True,,,,,
버거킹,핫 트러플 머쉬룸 와퍼,공식 메뉴,724.0,35.0,14.0,7.0,1278.0,계란|우유|대두|밀|돼지고기|쇠고기|토마토,https://www.burgerking.co.kr/menu/main,2026-08-11,True,True,,,,,
버거킹,피스타치오 베이컨잼,공식 메뉴,31.0,0.2,0.0,5.4,56.0,대두|돼지고기|토마토,https://www.burgerking.co.kr/menu/main,2026-08-11,True,True,,,,,
버거킹,크리스퍼 클래식 BLT,공식 메뉴,591.0,28.0,6.0,7.0,1568.0,계란|우유|대두|밀|돼지고기|쇠고기|닭고기|토마토,https://www.burgerking.co.kr/menu/main,2026-08-11,True,True,,,,,
버거킹,크리스퍼 양념 치킨,공식 메뉴,662.0,27.0,7.0,16.0,1611.0,계란|우유|대두|밀|쇠고기|닭고기|토마토,https://www.burgerking.co.kr/menu/main,2026-08-11,True,True,,,,,
버거킹,갈릭불고기 맥시멈 원파운더,공식 메뉴,1694.0,93.0,45.0,18.0,2262.0,계란|우유|대두|밀|쇠고기,https://www.burgerking.co.kr/menu/main,2026-08-11,True,True,,,,,
버거킹,카라멜 버터쿠키 킹퓨전,공식 메뉴,299.0,6.0,5.0,42.0,321.0,우유|밀,https://www.burgerking.co.kr/menu/main,2026-08-11,True,True,,,,,
버거킹,오리지널스 뉴욕 스테이크,공식 메뉴,826.0,51.0,22.0,10.0,1762.0,계란|우유|대두|밀|돼지고기|쇠고기|토마토|조개류,https://www.burgerking.co.kr/menu/main,2026-08-11,True,True,,,,,
버거킹,너겟킹 8조각,공식 메뉴,294.0,17.0,4.0,0.7,843.0,대두|밀|닭고기,https://www.burgerking.co.kr/menu/main,2026-08-11,True,True,,,,,
버거킹,보일링 씨푸드 버거 버터갈릭,공식 메뉴,641.0,23.0,9.0,9.0,1345.0,계란|우유|대두|밀|새우|게|쇠고기,https://www.burgerking.co.kr/menu/main,2026-08-11,True,True,,,,,
버거킹,크리미 할라피뇨 파퍼,공식 메뉴,884.0,30.0,18.0,17.0,1125.0,계란|우유|대두|밀|돼지고기|쇠고기,https://www.burgerking.co.kr/menu/main,2026-08-11,True,True,,,,,
버거킹,갈릭메이플소스,공식 메뉴,30.0,0.1,0.0,6.1,40.3,대두|돼지고기|토마토,https://www.burgerking.co.kr/menu/main,2026-08-11,True,True,,,,,
버거킹,랠리쉬 소스,공식 메뉴,21.0,0.2,0.0,3.4,46.0,,https://www.burgerking.co.kr/menu/main,2026-08-11,True,True,,,,,
버거킹,딥 크런치 아포가토,공식 메뉴,182.0,5.0,3.0,29.0,150.0,우유,https://www.burgerking.co.kr/menu/main,2026-08-11,True,True,,,,,
버거킹,양념소스,공식 메뉴,42.0,0.2,0.0,7.0,101.0,대두|밀|토마토,https://www.burgerking.co.kr/menu/main,2026-08-11,True,True,,,,,
버거킹,콰트로X콰트로 큐브스테이크,공식 메뉴,833.0,42.0,18.0,9.0,1540.0,계란|우유|대두|밀|쇠고기|토마토,https://www.burgerking.co.kr/menu/main,2026-08-11,True,True,,,,,
버거킹,흑임자 킹퓨전,공식 메뉴,400.0,8.0,5.0,40.0,166.0,우유|대두|밀,https://www.burgerking.co.kr/menu/main,2026-08-11,True,True,,,,,
버거킹,잠봉햄&치즈오믈렛 크루아상위치,공식 메뉴,507.0,15.0,13.0,7.0,917.0,계란|우유|대두|밀|돼지고기,https://www.burgerking.co.kr/menu/main,2026-08-11,True,True,,,,,
버거킹,카페라떼,공식 메뉴,117.0,6.0,4.0,6.0,67.0,우유,https://www.burgerking.co.kr/menu/main,2026-08-11,True,True,,,,,
버거킹,크리스퍼 마늘 치킨,공식 메뉴,661.0,25.0,7.0,12.0,1579.0,계란|우유|대두|밀|돼지고기|쇠고기|닭고기|토마토,https://www.burgerking.co.kr/menu/main,2026-08-11,True,True,,,,,
스타벅스,씨솔트 카라멜 콜드 브루,콜드 브루,145.0,1.0,4.2,15.0,95.0,우유,https://www.starbucks.co.kr/menu/drink_view.do?product_cd=9200000004544,2026-08-11,True,True,,,,,
스타벅스,코코 콜드 브루,콜드 브루,75.0,0.0,0.0,18.0,30.0,,https://www.starbucks.co.kr/menu/drink_view.do?product_cd=9200000007100,2026-08-11,True,True,,,,,
스타벅스,나이트로 바닐라 크림,콜드 브루,80.0,1.0,2.0,10.0,40.0,우유,https://www.starbucks.co.kr/menu/drink_view.do?product_cd=9200000002487,2026-08-11,True,True,,,,,
스타벅스,나이트로 콜드 브루,콜드 브루,5.0,0.0,0.0,0.0,5.0,,https://www.starbucks.co.kr/menu/drink_view.do?product_cd=9200000000479,2026-08-11,True,True,,,,,
스타벅스,돌체 콜드 브루,콜드 브루,170.0,4.0,6.0,17.0,65.0,우유,https://www.starbucks.co.kr/menu/drink_view.do?product_cd=9200000002081,2026-08-11,True,True,,,,,
스타벅스,리저브 나이트로,콜드 브루,5.0,0.0,0.0,0.0,0.0,,https://www.starbucks.co.kr/menu/drink_view.do?product_cd=9200000002407,2026-08-11,True,True,,,,,
스타벅스,리저브 콜드 브루,콜드 브루,5.0,0.0,0.0,0.0,0.0,,https://www.starbucks.co.kr/menu/drink_view.do?product_cd=9200000002093,2026-08-11,True,True,,,,,
스타벅스,막걸리향 크림 콜드 브루,콜드 브루,300.0,3.0,13.0,32.0,65.0,우유,https://www.starbucks.co.kr/menu/drink_view.do?product_cd=9200000005282,2026-08-11,True,True,,,,,
스타벅스,민트 콜드 브루,콜드 브루,100.0,0.0,0.0,23.0,0.0,,https://www.starbucks.co.kr/menu/drink_view.do?product_cd=9200000004312,2026-08-11,True,True,,,,,
스타벅스,바닐라 아인슈페너 콜드 브루,콜드 브루,115.0,1.0,6.0,7.0,20.0,우유,https://www.starbucks.co.kr/menu/drink_view.do?product_cd=9200000006945,2026-08-11,True,True,,,,,
스타벅스,바닐라 크림 콜드 브루,콜드 브루,120.0,3.0,5.0,10.0,35.0,우유,https://www.starbucks.co.kr/menu/drink_view.do?product_cd=9200000000487,2026-08-11,True,True,,,,,
스타벅스,베르가못 콜드 브루,콜드 브루,125.0,3.0,1.7,22.0,45.0,우유,https://www.starbucks.co.kr/menu/drink_view.do?product_cd=9200000005991,2026-08-11,True,True,,,,,
스타벅스,블랙&화이트 콜드 브루,콜드 브루,175.0,1.0,12.0,12.0,70.0,우유,https://www.starbucks.co.kr/menu/drink_view.do?product_cd=9200000006301,2026-08-11,True,True,,,,,
스타벅스,서울 막걸리향 콜드 브루,콜드 브루,205.0,3.0,2.1,38.0,55.0,우유,https://www.starbucks.co.kr/menu/drink_view.do?product_cd=9200000006938,2026-08-11,True,True,,,,,
스타벅스,스모크드 콜드 패션드,콜드 브루,30.0,0.0,0.0,6.0,0.0,,https://www.starbucks.co.kr/menu/drink_view.do?product_cd=9200000006056,2026-08-11,True,True,,,,,
스타벅스,시그니처 더 블랙 콜드 브루,콜드 브루,25.0,0.0,0.0,0.0,50.0,,https://www.starbucks.co.kr/menu/drink_view.do?product_cd=9200000003661,2026-08-11,True,True,,,,,
스타벅스,여수 윤슬 헤이즐넛 콜드 브루,콜드 브루,240.0,5.0,9.0,27.0,80.0,우유,https://www.starbucks.co.kr/menu/drink_view.do?product_cd=9200000004750,2026-08-11,True,True,,,,,
스타벅스,오트 콜드 브루,콜드 브루,110.0,1.0,3.0,14.0,85.0,,https://www.starbucks.co.kr/menu/drink_view.do?product_cd=9200000003285,2026-08-11,True,True,,,,,
스타벅스,제주 비자림 리저브 콜드 브루,콜드 브루,205.0,8.0,4.1,26.0,100.0,우유,https://www.starbucks.co.kr/menu/drink_view.do?product_cd=9200000005616,2026-08-11,True,True,,,,,
스타벅스,콜드 브루,콜드 브루,5.0,0.0,0.0,0.0,11.0,,https://www.starbucks.co.kr/menu/drink_view.do?product_cd=9200000004770,2026-08-11,True,True,,,,,
스타벅스,콜드 브루 몰트,콜드 브루,505.0,7.0,20.0,41.0,150.0,우유|대두,https://www.starbucks.co.kr/menu/drink_view.do?product_cd=9200000001636,2026-08-11,True,True,,,,,
스타벅스,콜드 브루 플로트,콜드 브루,225.0,3.0,10.0,18.0,70.0,우유,https://www.starbucks.co.kr/menu/drink_view.do?product_cd=9200000001635,2026-08-11,True,True,,,,,
스타벅스,프렌치 바닐라 콜드 브루,콜드 브루,165.0,4.0,2.7,26.0,150.0,우유,https://www.starbucks.co.kr/menu/drink_view.do?product_cd=9200000006948,2026-08-11,True,True,,,,,
스타벅스,브루드 커피,브루드 커피,5.0,0.0,0.0,0.0,15.0,,https://www.starbucks.co.kr/menu/drink_view.do?product_cd=2,2026-08-11,True,True,,,,,
스타벅스,스위트 밀크 커피,브루드 커피,185.0,4.0,4.1,24.0,75.0,우유,https://www.starbucks.co.kr/menu/drink_view.do?product_cd=9200000006852,2026-08-11,True,True,,,,,
스타벅스,아이스 브루드 커피,브루드 커피,5.0,0.0,0.0,0.0,10.0,,https://www.starbucks.co.kr/menu/drink_view.do?product_cd=106509,2026-08-11,True,True,,,,,
스타벅스,스타벅스 에어로카노,아메리카노,10.0,1.0,0.0,0.0,0.0,,https://www.starbucks.co.kr/menu/drink_view.do?product_cd=9200000006840,2026-08-11,True,True,,,,,
스타벅스,스타벅스 자몽 허니 에어로카노,아메리카노,105.0,1.0,0.0,22.0,5.0,,https://www.starbucks.co.kr/menu/drink_view.do?product_cd=9200000007131,2026-08-11,True,True,,,,,
스타벅스,아이스 우베 코코넛 마키아또,마키아또,245.0,4.0,5.0,20.0,85.0,우유,https://www.starbucks.co.kr/menu/drink_view.do?product_cd=9200000007089,2026-08-11,True,True,,,,,
스타벅스,피넛 크림 쿠키 아인슈페너,라떼,345.0,7.0,6.0,24.0,140.0,계란|우유|밀|땅콩,https://www.starbucks.co.kr/menu/drink_view.do?product_cd=9200000006976,2026-08-11,True,True,,,,,
스타벅스,에스프레소 콘 파나,도피오,30.0,1.0,2.0,0.0,5.0,우유,https://www.starbucks.co.kr/menu/drink_view.do?product_cd=30,2026-08-11,True,True,,,,,
스타벅스,에스프레소 마키아또,에스프레소 마키아또,10.0,0.0,0.0,0.0,0.0,우유,https://www.starbucks.co.kr/menu/drink_view.do?product_cd=25,2026-08-11,True,True,,,,,
스타벅스,스타벅스 1호점 카페 아메리카노,아메리카노,10.0,1.0,0.0,0.0,0.0,,https://www.starbucks.co.kr/menu/drink_view.do?product_cd=9200000005514,2026-08-11,True,True,,,,,
스타벅스,아이스 스타벅스 1호점 카페 아메리카노,아메리카노,10.0,1.0,0.0,0.0,0.0,,https://www.starbucks.co.kr/menu/drink_view.do?product_cd=9200000005516,2026-08-11,True,True,,,,,
스타벅스,아이스 카페 아메리카노,아메리카노,10.0,1.0,0.0,0.0,5.0,,https://www.starbucks.co.kr/menu/drink_view.do?product_cd=110563,2026-08-11,True,True,,,,,
스타벅스,카페 아메리카노,아메리카노,10.0,1.0,0.0,0.0,5.0,,https://www.starbucks.co.kr/menu/drink_view.do?product_cd=94,2026-08-11,True,True,,,,,
스타벅스,아이스 카라멜 마키아또,마키아또,190.0,6.0,4.6,22.0,110.0,우유|대두,https://www.starbucks.co.kr/menu/drink_view.do?product_cd=110582,2026-08-11,True,True,,,,,
스타벅스,카라멜 마키아또,마키아또,200.0,8.0,5.0,22.0,130.0,우유|대두,https://www.starbucks.co.kr/menu/drink_view.do?product_cd=126197,2026-08-11,True,True,,,,,
스타벅스,아이스 카푸치노,카푸치노,110.0,6.0,3.5,9.0,90.0,우유,https://www.starbucks.co.kr/menu/drink_view.do?product_cd=110601,2026-08-11,True,True,,,,,
스타벅스,카푸치노,카푸치노,110.0,6.0,3.0,8.0,70.0,우유,https://www.starbucks.co.kr/menu/drink_view.do?product_cd=38,2026-08-11,True,True,,,,,
스타벅스,라벤더 카페 브레베,라떼,400.0,8.0,22.0,30.0,140.0,우유,https://www.starbucks.co.kr/menu/drink_view.do?product_cd=9200000004119,2026-08-11,True,True,,,,,
스타벅스,밀크카라멜 라떼,라떼,310.0,8.0,13.0,22.0,280.0,우유,https://www.starbucks.co.kr/menu/drink_view.do?product_cd=9200000006235,2026-08-11,True,True,,,,,
스타벅스,바닐라 라떼,라떼,210.0,8.0,5.0,24.0,130.0,우유,https://www.starbucks.co.kr/menu/drink_view.do?product_cd=9200000006343,2026-08-11,True,True,,,,,
스타벅스,바닐라 빈 라떼,라떼,245.0,9.0,6.0,27.0,150.0,우유,https://www.starbucks.co.kr/menu/drink_view.do?product_cd=9200000001939,2026-08-11,True,True,,,,,
스타벅스,번트 카라멜 라떼,라떼,380.0,12.0,13.0,30.0,250.0,우유,https://www.starbucks.co.kr/menu/drink_view.do?product_cd=9200000006054,2026-08-11,True,True,,,,,
스타벅스,사케라또 비안코 오버 아이스,라떼,270.0,3.0,18.0,14.0,45.0,우유,https://www.starbucks.co.kr/menu/drink_view.do?product_cd=9200000002095,2026-08-11,True,True,,,,,
스타벅스,스타벅스 1호점 카페 라떼,라떼,200.0,10.0,6.0,15.0,150.0,우유,https://www.starbucks.co.kr/menu/drink_view.do?product_cd=9200000005518,2026-08-11,True,True,,,,,
스타벅스,스타벅스 1호점 크림 라떼,라떼,215.0,2.0,12.0,19.0,25.0,우유,https://www.starbucks.co.kr/menu/drink_view.do?product_cd=9200000005522,2026-08-11,True,True,,,,,
스타벅스,스타벅스 꿀 호떡 라떼,라떼,360.0,10.0,11.0,23.0,150.0,우유|땅콩,https://www.starbucks.co.kr/menu/drink_view.do?product_cd=9200000006164,2026-08-11,True,True,,,,,
스타벅스,스타벅스 돌체 라떼,라떼,215.0,12.0,2.0,32.0,190.0,우유,https://www.starbucks.co.kr/menu/drink_view.do?product_cd=128692,2026-08-11,True,True,,,,,
스타벅스,아이스 라벤더 카페 브레베,라떼,335.0,6.0,18.0,27.0,110.0,우유,https://www.starbucks.co.kr/menu/drink_view.do?product_cd=9200000004120,2026-08-11,True,True,,,,,
스타벅스,아이스 밀크카라멜 라떼,라떼,240.0,5.0,10.0,17.0,220.0,우유,https://www.starbucks.co.kr/menu/drink_view.do?product_cd=9200000006238,2026-08-11,True,True,,,,,
스타벅스,아이스 바닐라 라떼,라떼,150.0,5.0,3.2,19.0,80.0,우유,https://www.starbucks.co.kr/menu/drink_view.do?product_cd=9200000006346,2026-08-11,True,True,,,,,
스타벅스,아이스 바닐라 빈 라떼,라떼,155.0,5.0,2.9,20.0,75.0,우유,https://www.starbucks.co.kr/menu/drink_view.do?product_cd=9200000001941,2026-08-11,True,True,,,,,
스타벅스,아이스 스타벅스 1호점 카페 라떼,라떼,110.0,6.0,3.2,8.0,80.0,우유,https://www.starbucks.co.kr/menu/drink_view.do?product_cd=9200000005520,2026-08-11,True,True,,,,,
스타벅스,아이스 스타벅스 1호점 크림 라떼,라떼,215.0,2.0,12.0,19.0,25.0,우유,https://www.starbucks.co.kr/menu/drink_view.do?product_cd=9200000005523,2026-08-11,True,True,,,,,
스타벅스,아이스 스타벅스 꿀 호떡 라떼,라떼,290.0,6.0,10.0,16.0,80.0,우유|땅콩,https://www.starbucks.co.kr/menu/drink_view.do?product_cd=9200000006165,2026-08-11,True,True,,,,,
스타벅스,아이스 스타벅스 돌체 라떼,라떼,190.0,10.0,2.0,28.0,140.0,우유,https://www.starbucks.co.kr/menu/drink_view.do?product_cd=128695,2026-08-11,True,True,,,,,
스타벅스,아이스 인절미 크림 라떼,라떼,455.0,9.0,16.0,43.0,180.0,우유|대두|밀|땅콩,https://www.starbucks.co.kr/menu/drink_view.do?product_cd=9200000005285,2026-08-11,True,True,,,,,
스타벅스,아이스 카페 라떼,라떼,110.0,6.0,3.5,8.0,75.0,우유,https://www.starbucks.co.kr/menu/drink_view.do?product_cd=110569,2026-08-11,True,True,,,,,
스타벅스,인절미 크림 라떼,라떼,530.0,12.0,19.0,49.0,250.0,우유|대두|밀|땅콩,https://www.starbucks.co.kr/menu/drink_view.do?product_cd=9200000005284,2026-08-11,True,True,,,,,
스타벅스,제주 비자림 리저브 에스프레소 라떼,라떼,240.0,10.0,7.0,22.0,160.0,우유,https://www.starbucks.co.kr/menu/drink_view.do?product_cd=9200000006575,2026-08-11,True,True,,,,,
스타벅스,카페 라떼,라떼,180.0,10.0,5.0,13.0,115.0,우유,https://www.starbucks.co.kr/menu/drink_view.do?product_cd=41,2026-08-11,True,True,,,,,
스타벅스,코르타도,라떼,115.0,6.0,3.2,8.0,85.0,우유,https://www.starbucks.co.kr/menu/drink_view.do?product_cd=9200000006338,2026-08-11,True,True,,,,,
스타벅스,아이스 카페 모카,모카,250.0,7.0,8.0,21.0,70.0,우유,https://www.starbucks.co.kr/menu/drink_view.do?product_cd=110566,2026-08-11,True,True,,,,,
스타벅스,아이스 화이트 초콜릿 모카,모카,300.0,8.0,10.0,31.0,150.0,우유,https://www.starbucks.co.kr/menu/drink_view.do?product_cd=110572,2026-08-11,True,True,,,,,
스타벅스,카페 모카,모카,290.0,10.0,9.0,25.0,105.0,우유,https://www.starbucks.co.kr/menu/drink_view.do?product_cd=46,2026-08-11,True,True,,,,,
스타벅스,클래식 민트 모카,모카,335.0,4.0,7.0,43.0,200.0,,https://www.starbucks.co.kr/menu/drink_view.do?product_cd=9200000004313,2026-08-11,True,True,,,,,
스타벅스,화이트 초콜릿 모카,모카,350.0,11.0,10.0,37.0,200.0,우유,https://www.starbucks.co.kr/menu/drink_view.do?product_cd=128192,2026-08-11,True,True,,,,,
스타벅스,아이스 플랫 화이트,리스트레또 비안코,120.0,6.0,3.5,9.0,90.0,우유,https://www.starbucks.co.kr/menu/drink_view.do?product_cd=9200000005181,2026-08-11,True,True,,,,,
스타벅스,플랫 화이트,리스트레또 비안코,170.0,8.0,5.0,13.0,130.0,우유,https://www.starbucks.co.kr/menu/drink_view.do?product_cd=9200000005178,2026-08-11,True,True,,,,,
스타벅스,바닐라 스타벅스 더블 샷,에스프레소,125.0,2.0,4.5,14.0,30.0,우유,https://www.starbucks.co.kr/menu/drink_view.do?product_cd=110612,2026-08-11,True,True,,,,,
스타벅스,사케라또 아포가토,에스프레소,290.0,4.0,10.0,30.0,70.0,우유,https://www.starbucks.co.kr/menu/drink_view.do?product_cd=9200000003505,2026-08-11,True,True,,,,,
스타벅스,스파클링 시트러스 에스프레소,에스프레소,65.0,0.0,0.0,15.0,5.0,,https://www.starbucks.co.kr/menu/drink_view.do?product_cd=9200000003506,2026-08-11,True,True,,,,,
스타벅스,에스프레소,에스프레소,5.0,0.0,0.0,0.0,0.0,,https://www.starbucks.co.kr/menu/drink_view.do?product_cd=20,2026-08-11,True,True,,,,,
스타벅스,커피 스타벅스 더블 샷,에스프레소,125.0,2.0,4.5,14.0,30.0,우유,https://www.starbucks.co.kr/menu/drink_view.do?product_cd=110611,2026-08-11,True,True,,,,,
스타벅스,클래식 아포가토,에스프레소,240.0,4.0,10.0,18.0,70.0,우유,https://www.starbucks.co.kr/menu/drink_view.do?product_cd=9200000001631,2026-08-11,True,True,,,,,
스타벅스,헤이즐넛 스타벅스 더블 샷,에스프레소,125.0,2.0,4.5,14.0,30.0,우유,https://www.starbucks.co.kr/menu/drink_view.do?product_cd=110614,2026-08-11,True,True,,,,,
스타벅스,레드빈 말차 코코 프라푸치노,블렌디드 크림,245.0,5.0,5.0,30.0,210.0,우유,https://www.starbucks.co.kr/menu/drink_view.do?product_cd=9200000006957,2026-08-11,True,True,,,,,
스타벅스,바나나 마카다미아 오트 프라푸치노,블렌디드 크림,330.0,3.0,9.0,46.0,350.0,,https://www.starbucks.co.kr/menu/drink_view.do?product_cd=9200000006593,2026-08-11,True,False,,,,,
스타벅스,자몽 망고 코코 프라푸치노,블렌디드 크림,245.0,3.0,5.0,40.0,200.0,계란|우유|대두,https://www.starbucks.co.kr/menu/drink_view.do?product_cd=9200000005363,2026-08-11,True,True,,,,,
스타벅스,제주 오름 초당옥수수 프라푸치노,블렌디드 크림,310.0,5.0,6.0,30.0,280.0,우유,https://www.starbucks.co.kr/menu/drink_view.do?product_cd=9200000006981,2026-08-11,True,True,,,,,
스타벅스,초코 바나나 마카다미아 오트 프라푸치노,블렌디드 크림,325.0,3.0,7.0,45.0,350.0,,https://www.starbucks.co.kr/menu/drink_view.do?product_cd=9200000006594,2026-08-11,True,False,,,,,
스타벅스,파인애플 블루 코코 프라푸치노,블렌디드 크림,225.0,2.0,5.0,34.0,190.0,우유,https://www.starbucks.co.kr/menu/drink_view.do?product_cd=9200000006954,2026-08-11,True,True,,,,,
스타벅스,피넛 쿠키 크림 프라푸치노,블렌디드 크림,370.0,7.0,13.0,30.0,250.0,계란|우유|밀|땅콩,https://www.starbucks.co.kr/menu/drink_view.do?product_cd=9200000006980,2026-08-11,True,True,,,,,
스타벅스,더블 에스프레소 칩 프라푸치노,블렌디드 커피,225.0,4.0,13.0,18.0,170.0,우유,https://www.starbucks.co.kr/menu/drink_view.do?product_cd=9200000002760,2026-08-11,True,True,,,,,
스타벅스,스타벅스 꿀 호떡 크림 프라푸치노,블렌디드 커피,325.0,6.0,10.0,26.0,180.0,우유|땅콩,https://www.starbucks.co.kr/menu/drink_view.do?product_cd=9200000006303,2026-08-11,True,True,,,,,
스타벅스,에스프레소 프라푸치노,블렌디드 커피,110.0,2.0,1.1,17.0,150.0,우유,https://www.starbucks.co.kr/menu/drink_view.do?product_cd=168007,2026-08-11,True,True,,,,,
스타벅스,자바 칩 프라푸치노,블렌디드 커피,285.0,5.0,6.0,30.0,180.0,우유|대두|밀,https://www.starbucks.co.kr/menu/drink_view.do?product_cd=168016,2026-08-11,True,True,,,,,
스타벅스,카라멜 프라푸치노,블렌디드 커피,225.0,3.0,8.0,24.0,180.0,우유|대두,https://www.starbucks.co.kr/menu/drink_view.do?product_cd=168010,2026-08-11,True,True,,,,,
스타벅스,딸기 글레이즈드 크림 프라푸치노,블렌디드 크림,315.0,5.0,9.0,37.0,250.0,우유,https://www.starbucks.co.kr/menu/drink_view.do?product_cd=9200000005369,2026-08-11,True,True,,,,,
스타벅스,베르가못 딸기 크림 프라푸치노,블렌디드 크림,420.0,5.0,13.0,50.0,260.0,우유,https://www.starbucks.co.kr/menu/drink_view.do?product_cd=9200000006304,2026-08-11,True,True,,,,,
스타벅스,베르가못 제주 말차 크림 프라푸치노,블렌디드 크림,405.0,5.0,13.0,48.0,260.0,우유,https://www.starbucks.co.kr/menu/drink_view.do?product_cd=9200000006305,2026-08-11,True,True,,,,,
스타벅스,제주 까망 크림 프라푸치노,블렌디드 크림,505.0,11.0,8.0,48.0,380.0,우유|대두|밀|땅콩|오징어,https://www.starbucks.co.kr/menu/drink_view.do?product_cd=9200000002088,2026-08-11,True,True,,,,,
스타벅스,제주 말차 크림 프라푸치노,블렌디드 크림,200.0,5.0,7.0,20.0,170.0,우유,https://www.starbucks.co.kr/menu/drink_view.do?product_cd=9200000002502,2026-08-11,True,True,,,,,
스타벅스,제주 쑥떡 크림 프라푸치노,블렌디드 크림,410.0,8.0,10.0,43.0,280.0,우유|대두|밀,https://www.starbucks.co.kr/menu/drink_view.do?product_cd=9200000002090,2026-08-11,True,True,,,,,
스타벅스,초콜릿 크림 칩 프라푸치노,블렌디드 크림,275.0,6.0,7.0,27.0,180.0,우유|대두|밀,https://www.starbucks.co.kr/menu/drink_view.do?product_cd=168066,2026-08-11,True,True,,,,,
스타벅스,화이트 타이거 프라푸치노,블렌디드 크림,385.0,6.0,7.0,50.0,240.0,우유,https://www.starbucks.co.kr/menu/drink_view.do?product_cd=9200000002403,2026-08-11,True,True,,,,,
스타벅스,라이트 유자 레몬 블렌디드,블렌디드 후르츠,90.0,0.0,0.0,21.0,30.0,,https://www.starbucks.co.kr/menu/drink_view.do?product_cd=9200000006960,2026-08-11,True,True,,,,,
스타벅스,블루베리 딜라이트 요거트 블렌디드,블렌디드 후르츠,245.0,5.0,4.1,35.0,105.0,우유,https://www.starbucks.co.kr/menu/drink_view.do?product_cd=9200000006963,2026-08-11,True,True,,,,,
스타벅스,수박 주스 블렌디드,블렌디드 후르츠,315.0,1.0,6.0,43.0,45.0,우유|대두|땅콩|토마토,https://www.starbucks.co.kr/menu/drink_view.do?product_cd=9200000006975,2026-08-11,True,True,,,,,
스타벅스,망고 패션 프루트 블렌디드,블렌디드 주스,180.0,2.0,0.0,36.0,105.0,대두,https://www.starbucks.co.kr/menu/drink_view.do?product_cd=167004,2026-08-11,True,True,,,,,
스타벅스,북한산 레몬 얼 그레이 블렌디드,블렌디드 주스,110.0,0.0,1.0,25.0,10.0,,https://www.starbucks.co.kr/menu/drink_view.do?product_cd=9200000004716,2026-08-11,True,True,,,,,
스타벅스,스타벅스 클래식 밀크티 블렌디드,블렌디드 주스,315.0,3.0,13.0,37.0,55.0,우유,https://www.starbucks.co.kr/menu/drink_view.do?product_cd=9200000004945,2026-08-11,True,True,,,,,
스타벅스,여수 바다 유자 블렌디드,블렌디드 주스,145.0,0.0,0.0,34.0,10.0,,https://www.starbucks.co.kr/menu/drink_view.do?product_cd=9200000004870,2026-08-11,True,True,,,,,
스타벅스,제주 탄제린 블렌디드,블렌디드 주스,260.0,1.0,0.0,43.0,25.0,,https://www.starbucks.co.kr/menu/drink_view.do?product_cd=9200000005377,2026-08-11,True,True,,,,,
스타벅스,딸기 딜라이트 요거트 블렌디드,블렌디드 후르츠,255.0,7.0,3.5,38.0,100.0,우유,https://www.starbucks.co.kr/menu/drink_view.do?product_cd=9200000003276,2026-08-11,True,True,,,,,
스타벅스,말차 폭포 유자 블렌디드,블렌디드 후르츠,150.0,1.0,0.0,32.0,5.0,,https://www.starbucks.co.kr/menu/drink_view.do?product_cd=9200000006577,2026-08-11,True,True,,,,,
스타벅스,망고 바나나 블렌디드,블렌디드 후르츠,290.0,4.0,9.0,45.0,130.0,우유|대두,https://www.starbucks.co.kr/menu/drink_view.do?product_cd=169001,2026-08-11,True,True,,,,,
스타벅스,블랙 글레이즈드 셔벗 플레이트,블렌디드 후르츠,190.0,2.0,8.0,16.0,120.0,우유,https://www.starbucks.co.kr/menu/drink_view.do?product_cd=9200000006941,2026-08-11,True,True,,,,,
스타벅스,자몽 허니 레몬 블렌디드,블렌디드 후르츠,190.0,0.0,0.0,40.0,5.0,,https://www.starbucks.co.kr/menu/drink_view.do?product_cd=9200000006466,2026-08-11,True,True,,,,,
스타벅스,피치 망고 블렌디드,블렌디드 후르츠,225.0,1.0,0.0,32.0,100.0,대두|복숭아,https://www.starbucks.co.kr/menu/drink_view.do?product_cd=9200000004780,2026-08-11,True,True,,,,,
스타벅스,핑크 피치 코코넛 리프레셔,스타벅스 리프레셔,140.0,1.0,2.1,21.0,40.0,우유|복숭아,https://www.starbucks.co.kr/menu/drink_view.do?product_cd=9200000007121,2026-08-11,True,True,,,,,
스타벅스,딸기 아사이 레모네이드 스타벅스 리프레셔,스타벅스 리프레셔,105.0,1.0,0.0,24.0,0.0,,https://www.starbucks.co.kr/menu/drink_view.do?product_cd=9200000004753,2026-08-11,True,True,,,,,
스타벅스,핑크 피치 리프레셔,스타벅스 리프레셔,145.0,0.0,0.0,28.0,15.0,복숭아,https://www.starbucks.co.kr/menu/drink_view.do?product_cd=9200000007097,2026-08-11,True,True,,,,,
스타벅스,골든 만다린 홉 피지오,스타벅스 피지오,120.0,0.0,0.0,27.0,5.0,,https://www.starbucks.co.kr/menu/drink_view.do?product_cd=9200000006172,2026-08-11,True,True,,,,,
스타벅스,라이트 핑크 자몽 피지오,스타벅스 피지오,70.0,0.0,0.0,16.0,0.0,,https://www.starbucks.co.kr/menu/drink_view.do?product_cd=9200000005168,2026-08-11,True,True,,,,,
스타벅스,리버 피치 피지오,스타벅스 피지오,155.0,0.0,0.0,22.0,45.0,복숭아,https://www.starbucks.co.kr/menu/drink_view.do?product_cd=9200000005283,2026-08-11,True,True,,,,,
스타벅스,서울 석양 오미자 피지오,스타벅스 피지오,155.0,0.0,0.0,39.0,20.0,,https://www.starbucks.co.kr/menu/drink_view.do?product_cd=9200000006937,2026-08-11,True,True,,,,,
스타벅스,여수 바다 자몽 피지오,스타벅스 피지오,250.0,1.0,0.0,45.0,105.0,복숭아,https://www.starbucks.co.kr/menu/drink_view.do?product_cd=9200000004751,2026-08-11,True,True,,,,,
스타벅스,의암호의 초록빛 자몽 피지오,스타벅스 피지오,130.0,0.0,0.0,28.0,45.0,,https://www.starbucks.co.kr/menu/drink_view.do?product_cd=9200000005588,2026-08-11,True,True,,,,,
스타벅스,제주팔삭 셔벗 피지오,스타벅스 피지오,165.0,0.0,0.0,38.0,5.0,,https://www.starbucks.co.kr/menu/drink_view.do?product_cd=9200000004946,2026-08-11,True,True,,,,,
스타벅스,제주팔삭 피지오,스타벅스 피지오,150.0,0.0,0.0,34.0,5.0,,https://www.starbucks.co.kr/menu/drink_view.do?product_cd=9200000004947,2026-08-11,True,True,,,,,
스타벅스,체리&자두 에너지 피지오,스타벅스 피지오,76.0,0.0,0.0,18.0,0.0,복숭아,https://www.starbucks.co.kr/menu/drink_view.do?product_cd=9200000005983,2026-08-11,True,True,,,,,
스타벅스,쿨 라임 피지오,스타벅스 피지오,95.0,0.0,0.0,22.0,15.0,,https://www.starbucks.co.kr/menu/drink_view.do?product_cd=107051,2026-08-11,True,True,,,,,
스타벅스,피치 딸기 피지오,스타벅스 피지오,115.0,0.0,0.0,21.0,15.0,복숭아,https://www.starbucks.co.kr/menu/drink_view.do?product_cd=9200000004567,2026-08-11,True,True,,,,,
스타벅스,씨솔트 폼 블랙 티,브루드 티,145.0,1.0,5.0,19.0,50.0,우유,https://www.starbucks.co.kr/menu/drink_view.do?product_cd=9200000006951,2026-08-11,True,True,,,,,
스타벅스,살구 조이풀 메들리 쉐이큰 티,아이스 티,110.0,1.0,2.0,22.0,55.0,우유|복숭아,https://www.starbucks.co.kr/menu/drink_view.do?product_cd=9200000007118,2026-08-11,True,True,,,,,
스타벅스,아이스 우베 말차 라떼,티 라떼,275.0,7.0,4.6,24.0,120.0,우유,https://www.starbucks.co.kr/menu/drink_view.do?product_cd=9200000007093,2026-08-11,True,True,,,,,
스타벅스,민트 블렌드 티,브루드 티,0.0,0.0,0.0,0.0,0.0,,https://www.starbucks.co.kr/menu/drink_view.do?product_cd=4004000000056,2026-08-11,True,True,,,,,
스타벅스,아이스 민트 블렌드 티,브루드 티,0.0,0.0,0.0,0.0,0.0,,https://www.starbucks.co.kr/menu/drink_view.do?product_cd=4004000000059,2026-08-11,True,True,,,,,
스타벅스,아이스 얼 그레이 티,브루드 티,0.0,0.0,0.0,0.0,0.0,,https://www.starbucks.co.kr/menu/drink_view.do?product_cd=4004000000039,2026-08-11,True,True,,,,,
스타벅스,아이스 유스베리 티,브루드 티,0.0,0.0,0.0,0.0,0.0,,https://www.starbucks.co.kr/menu/drink_view.do?product_cd=9200000000229,2026-08-11,True,True,,,,,
스타벅스,아이스 유자 민트 티,브루드 티,95.0,0.0,0.0,22.0,5.0,,https://www.starbucks.co.kr/menu/drink_view.do?product_cd=9200000002959,2026-08-11,True,True,,,,,
스타벅스,아이스 잉글리쉬 브렉퍼스트 티,브루드 티,0.0,0.0,0.0,0.0,0.0,,https://www.starbucks.co.kr/menu/drink_view.do?product_cd=4004000000019,2026-08-11,True,True,,,,,
스타벅스,아이스 제주 유기농 녹차로 만든 티,브루드 티,0.0,0.0,0.0,0.0,0.0,,https://www.starbucks.co.kr/menu/drink_view.do?product_cd=400400000094,2026-08-11,True,True,,,,,
스타벅스,아이스 제주팔삭 & 자몽 허니 블랙 티,브루드 티,140.0,0.0,0.0,38.0,5.0,,https://www.starbucks.co.kr/menu/drink_view.do?product_cd=9200000004944,2026-08-11,True,True,,,,,
스타벅스,아이스 캐모마일 블렌드 티,브루드 티,0.0,0.0,0.0,0.0,0.0,,https://www.starbucks.co.kr/menu/drink_view.do?product_cd=4004000000079,2026-08-11,True,True,,,,,
스타벅스,아이스 히비스커스 블렌드 티,브루드 티,0.0,0.0,0.0,0.0,0.0,,https://www.starbucks.co.kr/menu/drink_view.do?product_cd=4004000000069,2026-08-11,True,True,,,,,
스타벅스,얼 그레이 티,브루드 티,0.0,0.0,0.0,0.0,0.0,,https://www.starbucks.co.kr/menu/drink_view.do?product_cd=4004000000036,2026-08-11,True,True,,,,,
스타벅스,유스베리 티,브루드 티,0.0,0.0,0.0,0.0,0.0,,https://www.starbucks.co.kr/menu/drink_view.do?product_cd=9200000000226,2026-08-11,True,True,,,,,
스타벅스,유자 민트 티,브루드 티,140.0,0.0,0.0,33.0,10.0,,https://www.starbucks.co.kr/menu/drink_view.do?product_cd=9200000002956,2026-08-11,True,True,,,,,
스타벅스,잉글리쉬 브렉퍼스트 티,브루드 티,0.0,0.0,0.0,0.0,0.0,,https://www.starbucks.co.kr/menu/drink_view.do?product_cd=4004000000016,2026-08-11,True,True,,,,,
스타벅스,자몽 허니 블랙 티,브루드 티,125.0,0.0,0.0,30.0,5.0,,https://www.starbucks.co.kr/menu/drink_view.do?product_cd=9200000000187,2026-08-11,True,True,,,,,
스타벅스,제주 유기농 녹차로 만든 티,브루드 티,0.0,0.0,0.0,0.0,0.0,,https://www.starbucks.co.kr/menu/drink_view.do?product_cd=400400000091,2026-08-11,True,True,,,,,
스타벅스,제주팔삭 & 자몽 허니 블랙 티,브루드 티,140.0,0.0,0.0,38.0,5.0,,https://www.starbucks.co.kr/menu/drink_view.do?product_cd=9200000004943,2026-08-11,True,True,,,,,
스타벅스,캐모마일 블렌드 티,브루드 티,0.0,0.0,0.0,0.0,0.0,,https://www.starbucks.co.kr/menu/drink_view.do?product_cd=4004000000076,2026-08-11,True,True,,,,,
스타벅스,히비스커스 블렌드 티,브루드 티,0.0,0.0,0.0,0.0,0.0,,https://www.starbucks.co.kr/menu/drink_view.do?product_cd=4004000000066,2026-08-11,True,True,,,,,
스타벅스,레몬 캐모마일 블렌드 티,아이스 티,130.0,0.0,0.0,30.0,10.0,,https://www.starbucks.co.kr/menu/drink_view.do?product_cd=9200000004990,2026-08-11,True,True,,,,,
스타벅스,복숭아 아이스 티,아이스 티,255.0,1.0,0.0,34.0,75.0,복숭아,https://www.starbucks.co.kr/menu/drink_view.do?product_cd=9200000005307,2026-08-11,True,True,,,,,
스타벅스,복숭아 핫 티,아이스 티,160.0,0.0,0.0,21.0,50.0,복숭아,https://www.starbucks.co.kr/menu/drink_view.do?product_cd=9200000005304,2026-08-11,True,True,,,,,
스타벅스,시트러스 가든 민트 티,아이스 티,140.0,0.0,0.0,32.0,5.0,,https://www.starbucks.co.kr/menu/drink_view.do?product_cd=9200000006560,2026-08-11,True,True,,,,,
스타벅스,아이스 레몬 캐모마일 블렌드 티,아이스 티,130.0,0.0,0.0,30.0,10.0,,https://www.starbucks.co.kr/menu/drink_view.do?product_cd=9200000004991,2026-08-11,True,True,,,,,
스타벅스,아이스 자몽 허니 블랙 티,아이스 티,125.0,0.0,0.0,30.0,5.0,,https://www.starbucks.co.kr/menu/drink_view.do?product_cd=9200000004769,2026-08-11,True,True,,,,,
스타벅스,말차 티라미수 라떼,티 라떼,415.0,11.0,15.0,39.0,230.0,우유,https://www.starbucks.co.kr/menu/drink_view.do?product_cd=9200000004954,2026-08-11,True,True,,,,,
스타벅스,스타벅스 클래식 밀크 티,티 라떼,300.0,4.0,13.0,32.0,80.0,우유,https://www.starbucks.co.kr/menu/drink_view.do?product_cd=9200000004933,2026-08-11,True,True,,,,,
스타벅스,스타벅스 클래식 밀크 티 보틀,티 라떼,485.0,7.0,21.0,52.0,130.0,우유,https://www.starbucks.co.kr/menu/drink_view.do?product_cd=9200000004942,2026-08-11,True,True,,,,,
스타벅스,아이스 말차 티라미수 라떼,티 라떼,355.0,8.0,13.0,34.0,180.0,우유,https://www.starbucks.co.kr/menu/drink_view.do?product_cd=9200000004955,2026-08-11,True,True,,,,,
스타벅스,아이스 스타벅스 클래식 밀크 티,티 라떼,200.0,3.0,9.0,23.0,50.0,우유,https://www.starbucks.co.kr/menu/drink_view.do?product_cd=9200000004936,2026-08-11,True,True,,,,,
스타벅스,아이스 얼 그레이 바닐라 티 라떼,티 라떼,285.0,5.0,7.0,21.0,85.0,우유|대두,https://www.starbucks.co.kr/menu/drink_view.do?product_cd=9200000004288,2026-08-11,True,True,,,,,
스타벅스,아이스 의암호의 보랏빛 라벤더 티 라떼,티 라떼,290.0,4.0,7.0,33.0,80.0,우유,https://www.starbucks.co.kr/menu/drink_view.do?product_cd=9200000005590,2026-08-11,True,True,,,,,
스타벅스,아이스 제주 말차 라떼,티 라떼,155.0,6.0,3.6,16.0,95.0,우유,https://www.starbucks.co.kr/menu/drink_view.do?product_cd=9200000002499,2026-08-11,True,True,,,,,
스타벅스,아이스 프렌치 바닐라 말차 라떼,티 라떼,260.0,6.0,11.0,25.0,160.0,우유,https://www.starbucks.co.kr/menu/drink_view.do?product_cd=9200000006059,2026-08-11,True,True,,,,,
스타벅스,얼 그레이 바닐라 티 라떼,티 라떼,345.0,7.0,9.0,25.0,105.0,우유|대두,https://www.starbucks.co.kr/menu/drink_view.do?product_cd=9200000004285,2026-08-11,True,True,,,,,
스타벅스,의암호의 보랏빛 라벤더 티 라떼,티 라떼,315.0,5.0,8.0,35.0,100.0,우유,https://www.starbucks.co.kr/menu/drink_view.do?product_cd=9200000005589,2026-08-11,True,True,,,,,
스타벅스,제주 말차 라떼,티 라떼,205.0,9.0,5.0,20.0,130.0,우유,https://www.starbucks.co.kr/menu/drink_view.do?product_cd=9200000002496,2026-08-11,True,True,,,,,
스타벅스,클라우드 코코 말차,티 라떼,160.0,2.0,3.4,24.0,65.0,우유,https://www.starbucks.co.kr/menu/drink_view.do?product_cd=9200000006548,2026-08-11,True,True,,,,,
스타벅스,프렌치 바닐라 말차 라떼,티 라떼,380.0,12.0,15.0,35.0,250.0,우유,https://www.starbucks.co.kr/menu/drink_view.do?product_cd=9200000006058,2026-08-11,True,True,,,,,
스타벅스,딸기 콜드폼 초콜릿,초콜릿,255.0,7.0,2.0,45.0,110.0,우유,https://www.starbucks.co.kr/menu/drink_view.do?product_cd=9200000004950,2026-08-11,True,True,,,,,
스타벅스,시그니처 핫 초콜릿,초콜릿,405.0,12.0,15.0,38.0,130.0,우유,https://www.starbucks.co.kr/menu/drink_view.do?product_cd=72,2026-08-11,True,True,,,,,
스타벅스,아이스 시그니처 초콜릿,초콜릿,277.0,8.0,12.0,21.0,100.0,우유,https://www.starbucks.co.kr/menu/drink_view.do?product_cd=110621,2026-08-11,True,True,,,,,
스타벅스,아이스 티라미수 초콜릿,초콜릿,360.0,8.0,12.0,38.0,140.0,우유,https://www.starbucks.co.kr/menu/drink_view.do?product_cd=9200000004953,2026-08-11,True,True,,,,,
스타벅스,티라미수 초콜릿,초콜릿,440.0,12.0,15.0,44.0,210.0,우유,https://www.starbucks.co.kr/menu/drink_view.do?product_cd=9200000004952,2026-08-11,True,True,,,,,
스타벅스,플러피 판다 아이스 초콜릿,초콜릿,415.0,11.0,16.0,39.0,150.0,우유,https://www.starbucks.co.kr/menu/drink_view.do?product_cd=9200000003658,2026-08-11,True,True,,,,,
스타벅스,플러피 판다 핫 초콜릿,초콜릿,470.0,12.0,17.0,48.0,160.0,우유,https://www.starbucks.co.kr/menu/drink_view.do?product_cd=9200000002594,2026-08-11,True,True,,,,,
스타벅스,딸기 콜드폼 딸기 라떼,기타,235.0,6.0,2.0,41.0,110.0,우유,https://www.starbucks.co.kr/menu/drink_view.do?product_cd=9200000004951,2026-08-11,True,True,,,,,
스타벅스,스타벅스 슬래머,기타,210.0,0.0,0.0,49.0,0.0,,https://www.starbucks.co.kr/menu/drink_view.do?product_cd=9200000003659,2026-08-11,True,True,,,,,
스타벅스,스팀 우유,기타,215.0,13.0,7.0,18.0,173.0,우유,https://www.starbucks.co.kr/menu/drink_view.do?product_cd=17,2026-08-11,True,True,,,,,
스타벅스,우유,기타,240.0,12.0,8.0,18.0,200.0,우유,https://www.starbucks.co.kr/menu/drink_view.do?product_cd=18,2026-08-11,True,True,,,,,
스타벅스,제주팔삭 셔벗,기타,95.0,0.0,0.0,22.0,5.0,,https://www.starbucks.co.kr/menu/drink_view.do?product_cd=9200000004957,2026-08-11,True,True,,,,,
스타벅스,ABC 클렌즈 190ML,올가니카,90.0,1.0,1.0,16.0,45.0,,https://www.starbucks.co.kr/menu/drink_view.do?product_cd=9300000004346,2026-08-11,True,True,,,,,
스타벅스,스퀴즈드 오렌지 주스 100ML,올가니카,50.0,1.0,0.0,9.0,0.0,,https://www.starbucks.co.kr/menu/drink_view.do?product_cd=9300000005406,2026-08-11,True,True,,,,,
스타벅스,케일 클렌즈 190ML,올가니카,90.0,1.0,2.0,15.0,15.0,,https://www.starbucks.co.kr/menu/drink_view.do?product_cd=9300000004348,2026-08-11,True,True,,,,,
스타벅스,딸기주스 190ML,과일 과채,110.0,0.0,0.0,25.0,30.0,,https://www.starbucks.co.kr/menu/drink_view.do?product_cd=5210008070,2026-08-11,True,True,,,,,
스타벅스,망고주스 190ML,과일 과채,117.0,1.0,0.0,23.0,15.0,,https://www.starbucks.co.kr/menu/drink_view.do?product_cd=5210008061,2026-08-11,True,True,,,,,
스타벅스,수박 주스 190ML,과일 과채,100.0,1.0,0.0,20.0,15.0,,https://www.starbucks.co.kr/menu/drink_view.do?product_cd=9300000005405,2026-08-11,True,True,,,,,
스타벅스,유기농 오렌지 100% 주스 190ML,과일 과채,95.0,2.0,0.0,20.0,5.0,,https://www.starbucks.co.kr/menu/drink_view.do?product_cd=9300000003771,2026-08-11,True,True,,,,,
스타벅스,케일&사과주스 190ML,과일 과채,105.0,0.0,0.0,26.0,25.0,,https://www.starbucks.co.kr/menu/drink_view.do?product_cd=5210008072,2026-08-11,True,True,,,,,
스타벅스,한라봉주스 190ML,과일 과채,88.0,1.0,0.0,20.0,10.0,,https://www.starbucks.co.kr/menu/drink_view.do?product_cd=5210008055,2026-08-11,True,True,,,,,
스타벅스,햇사과 주스 190ML,과일 과채,113.0,2.0,0.0,27.0,10.0,,https://www.starbucks.co.kr/menu/drink_view.do?product_cd=9300000002565,2026-08-11,True,True,,,,,
스타벅스,딸기 가득 요거트 190ML,요거트,155.0,4.0,3.2,21.0,50.0,우유,https://www.starbucks.co.kr/menu/drink_view.do?product_cd=9300000003775,2026-08-11,True,True,,,,,
스타벅스,블루베리 요거트 190ML,요거트,155.0,5.0,3.6,18.0,70.0,우유,https://www.starbucks.co.kr/menu/drink_view.do?product_cd=5210008063,2026-08-11,True,True,,,,,
KFC,징거버거,버거,389.0,28.0,4.9,2.0,774.0,,https://www.kfckorea.com/menu/nutrition,2026-08-11,True,False,https://www.kfckorea.com/nas/kfcimg/info/info_allergy.png,,,,
KFC,콜라(M),음료,160.0,0.0,0.0,37.0,20.0,,https://www.kfckorea.com/menu/nutrition,2026-08-11,True,False,https://www.kfckorea.com/nas/kfcimg/info/info_allergy.png,,,,
KFC,코울슬로,사이드,139.0,1.0,1.9,15.0,190.0,,https://www.kfckorea.com/menu/nutrition,2026-08-11,True,True,https://www.kfckorea.com/nas/kfcimg/info/info_allergy.png,,,,
KFC,스위트칠리소스,소스,90.0,0.0,0.0,19.0,488.0,,https://www.kfckorea.com/menu/nutrition,2026-08-11,True,False,https://www.kfckorea.com/nas/kfcimg/info/info_allergy.png,,,,
KFC,오리지널치킨,치킨,271.0,20.0,4.2,0.0,544.0,계란|우유|대두|밀|닭고기,https://www.kfckorea.com/menu/nutrition,2026-08-11,True,True,https://www.kfckorea.com/nas/kfcimg/info/info_allergy.png,,,,
KFC,핫크리스피치킨,치킨,264.0,22.0,4.3,0.0,455.0,대두|밀|닭고기,https://www.kfckorea.com/menu/nutrition,2026-08-11,True,True,https://www.kfckorea.com/nas/kfcimg/info/info_allergy.png,,,,
KFC,타워버거,버거,546.0,31.0,8.5,6.0,1271.0,,https://www.kfckorea.com/menu/nutrition,2026-08-11,True,False,https://www.kfckorea.com/nas/kfcimg/info/info_allergy.png,,,,
KFC,콘샐러드,사이드,149.0,2.0,2.8,5.0,180.0,,https://www.kfckorea.com/menu/nutrition,2026-08-11,True,False,https://www.kfckorea.com/nas/kfcimg/info/info_allergy.png,,,,
KFC,허니머스타드드레싱,소스,25.0,0.0,0.5,2.0,80.0,,https://www.kfckorea.com/menu/nutrition,2026-08-11,True,False,https://www.kfckorea.com/nas/kfcimg/info/info_allergy.png,,,,
KFC,환타 오렌지(M),음료,153.0,0.0,0.0,38.0,10.0,,https://www.kfckorea.com/menu/nutrition,2026-08-11,True,False,https://www.kfckorea.com/nas/kfcimg/info/info_allergy.png,,,,
KFC,케첩,소스,10.0,0.0,0.0,2.0,120.0,,https://www.kfckorea.com/menu/nutrition,2026-08-11,True,False,https://www.kfckorea.com/nas/kfcimg/info/info_allergy.png,,,,
KFC,갓양념치킨,치킨,261.0,15.0,3.5,6.0,504.0,대두|밀|쇠고기|닭고기|토마토,https://www.kfckorea.com/menu/nutrition,2026-08-11,True,True,https://www.kfckorea.com/nas/kfcimg/info/info_allergy.png,,,,
KFC,에그타르트,사이드,215.0,3.0,8.5,8.0,105.0,계란|우유|대두|밀|쇠고기,https://www.kfckorea.com/menu/nutrition,2026-08-11,True,True,https://www.kfckorea.com/nas/kfcimg/info/info_allergy.png,,,,
KFC,트위스터,버거,379.0,17.0,4.8,2.0,915.0,계란|우유|대두|밀|닭고기|토마토,https://www.kfckorea.com/menu/nutrition,2026-08-11,True,True,https://www.kfckorea.com/nas/kfcimg/info/info_allergy.png,,,,
KFC,그레이비타르트,사이드,132.0,2.0,4.2,2.0,146.0,,https://www.kfckorea.com/menu/nutrition,2026-08-11,True,False,https://www.kfckorea.com/nas/kfcimg/info/info_allergy.png,,,,
KFC,환타 포도(M),음료,111.0,0.0,0.0,28.0,24.0,,https://www.kfckorea.com/menu/nutrition,2026-08-11,True,False,https://www.kfckorea.com/nas/kfcimg/info/info_allergy.png,,,,
KFC,딸기잼,소스,27.0,0.0,0.0,6.0,0.0,,https://www.kfckorea.com/menu/nutrition,2026-08-11,True,False,https://www.kfckorea.com/nas/kfcimg/info/info_allergy.png,,,,
KFC,블랙라벨치킨,치킨,218.0,13.0,3.7,0.0,321.0,,https://www.kfckorea.com/menu/nutrition,2026-08-11,True,False,https://www.kfckorea.com/nas/kfcimg/info/info_allergy.png,,,,
KFC,비스켓,사이드,270.0,4.0,8.8,7.0,327.0,,https://www.kfckorea.com/menu/nutrition,2026-08-11,True,False,https://www.kfckorea.com/nas/kfcimg/info/info_allergy.png,,,,
KFC,환타 파인애플(M),음료,153.0,0.0,0.0,38.0,24.0,,https://www.kfckorea.com/menu/nutrition,2026-08-11,True,False,https://www.kfckorea.com/nas/kfcimg/info/info_allergy.png,,,,
KFC,징거더블다운 맥스,버거,754.0,58.0,14.4,4.0,1657.0,,https://www.kfckorea.com/menu/nutrition,2026-08-11,True,False,https://www.kfckorea.com/nas/kfcimg/info/info_allergy.png,,,,
KFC,버터후레시,소스,72.0,0.0,5.0,0.0,45.0,,https://www.kfckorea.com/menu/nutrition,2026-08-11,True,False,https://www.kfckorea.com/nas/kfcimg/info/info_allergy.png,,,,
KFC,스프라이트(M),음료,167.0,0.0,0.0,45.0,20.0,,https://www.kfckorea.com/menu/nutrition,2026-08-11,True,False,https://www.kfckorea.com/nas/kfcimg/info/info_allergy.png,,,,
KFC,핫치즈징거버거,버거,501.0,30.0,7.0,4.0,1029.0,,https://www.kfckorea.com/menu/nutrition,2026-08-11,True,False,https://www.kfckorea.com/nas/kfcimg/info/info_allergy.png,,,,
KFC,살사소스,소스,9.0,0.0,0.0,2.0,88.0,,https://www.kfckorea.com/menu/nutrition,2026-08-11,True,False,https://www.kfckorea.com/nas/kfcimg/info/info_allergy.png,,,,
KFC,치킨불고기버거,버거,332.0,12.0,4.5,7.0,768.0,,https://www.kfckorea.com/menu/nutrition,2026-08-11,True,False,https://www.kfckorea.com/nas/kfcimg/info/info_allergy.png,,,,
KFC,텐더떡볶이,사이드,418.0,12.0,0.9,15.0,1129.0,,https://www.kfckorea.com/menu/nutrition,2026-08-11,True,False,https://www.kfckorea.com/nas/kfcimg/info/info_allergy.png,,,,
KFC,마늘빵치킨,치킨,312.0,15.0,4.8,7.0,579.0,,https://www.kfckorea.com/menu/nutrition,2026-08-11,True,False,https://www.kfckorea.com/nas/kfcimg/info/info_allergy.png,,,,
KFC,치킨너겟,사이드,48.0,3.0,0.8,0.0,101.0,,https://www.kfckorea.com/menu/nutrition,2026-08-11,True,False,https://www.kfckorea.com/nas/kfcimg/info/info_allergy.png,,,,
KFC,콜라(L),음료,240.0,0.0,0.0,55.0,30.0,,https://www.kfckorea.com/menu/nutrition,2026-08-11,True,False,https://www.kfckorea.com/nas/kfcimg/info/info_allergy.png,,,,
KFC,콜라-제로(L),음료,0.0,0.0,0.0,0.0,70.0,,https://www.kfckorea.com/menu/nutrition,2026-08-11,True,False,https://www.kfckorea.com/nas/kfcimg/info/info_allergy.png,,,,
KFC,블랙라벨폴인치즈버거,버거,711.0,32.0,15.9,13.0,1240.0,,https://www.kfckorea.com/menu/nutrition,2026-08-11,True,False,https://www.kfckorea.com/nas/kfcimg/info/info_allergy.png,,,,
KFC,후렌치후라이(M),사이드,161.0,3.0,1.4,0.0,340.0,,https://www.kfckorea.com/menu/nutrition,2026-08-11,True,False,https://www.kfckorea.com/nas/kfcimg/info/info_allergy.png,,,,
KFC,환타 오렌지(L),음료,230.0,0.0,0.0,57.0,16.0,,https://www.kfckorea.com/menu/nutrition,2026-08-11,True,False,https://www.kfckorea.com/nas/kfcimg/info/info_allergy.png,,,,
KFC,오리지널타워버거,버거,541.0,32.0,7.8,5.0,1244.0,,https://www.kfckorea.com/menu/nutrition,2026-08-11,True,False,https://www.kfckorea.com/nas/kfcimg/info/info_allergy.png,,,,
KFC,후렌치후라이(L),사이드,221.0,4.0,1.9,0.0,466.0,,https://www.kfckorea.com/menu/nutrition,2026-08-11,True,False,https://www.kfckorea.com/nas/kfcimg/info/info_allergy.png,,,,
KFC,치즈후렌치후라이,사이드,189.0,3.0,2.3,1.0,471.0,,https://www.kfckorea.com/menu/nutrition,2026-08-11,True,False,https://www.kfckorea.com/nas/kfcimg/info/info_allergy.png,,,,
KFC,환타 포도(L),음료,167.0,0.0,0.0,42.0,37.0,,https://www.kfckorea.com/menu/nutrition,2026-08-11,True,False,https://www.kfckorea.com/nas/kfcimg/info/info_allergy.png,,,,
KFC,블랙라벨에그타워버거,버거,755.0,32.0,13.4,11.0,1183.0,,https://www.kfckorea.com/menu/nutrition,2026-08-11,True,False,https://www.kfckorea.com/nas/kfcimg/info/info_allergy.png,,,,
KFC,환타 파인애플(L),음료,230.0,0.0,0.0,57.0,37.0,,https://www.kfckorea.com/menu/nutrition,2026-08-11,True,False,https://www.kfckorea.com/nas/kfcimg/info/info_allergy.png,,,,
KFC,올쉐킷(치즈),사이드,386.0,11.0,4.1,5.0,1070.0,,https://www.kfckorea.com/menu/nutrition,2026-08-11,True,False,https://www.kfckorea.com/nas/kfcimg/info/info_allergy.png,,,,
KFC,트리플리치오리지널버거,버거,580.0,33.0,9.0,16.0,1237.0,,https://www.kfckorea.com/menu/nutrition,2026-08-11,True,False,https://www.kfckorea.com/nas/kfcimg/info/info_allergy.png,,,,
KFC,텐더,사이드,72.0,7.0,0.9,0.0,279.0,,https://www.kfckorea.com/menu/nutrition,2026-08-11,True,False,https://www.kfckorea.com/nas/kfcimg/info/info_allergy.png,,,,
KFC,스프라이트(L),음료,251.0,0.0,0.0,68.0,35.0,,https://www.kfckorea.com/menu/nutrition,2026-08-11,True,False,https://www.kfckorea.com/nas/kfcimg/info/info_allergy.png,,,,
KFC,캔콜라245ml,음료,113.0,0.0,0.0,26.0,15.0,,https://www.kfckorea.com/menu/nutrition,2026-08-11,True,False,https://www.kfckorea.com/nas/kfcimg/info/info_allergy.png,,,,
KFC,페트콜라500ml,음료,230.0,0.0,0.0,53.0,30.0,,https://www.kfckorea.com/menu/nutrition,2026-08-11,True,False,https://www.kfckorea.com/nas/kfcimg/info/info_allergy.png,,,,
KFC,핫윙,사이드,70.0,3.0,1.1,0.0,126.0,,https://www.kfckorea.com/menu/nutrition,2026-08-11,True,False,https://www.kfckorea.com/nas/kfcimg/info/info_allergy.png,,,,
KFC,미닛메이드포도,음료,120.0,0.0,0.0,27.0,6.0,,https://www.kfckorea.com/menu/nutrition,2026-08-11,True,False,https://www.kfckorea.com/nas/kfcimg/info/info_allergy.png,,,,
KFC,미닛메이드쿠우오렌지,음료,72.0,0.0,0.0,17.0,46.0,,https://www.kfckorea.com/menu/nutrition,2026-08-11,True,False,https://www.kfckorea.com/nas/kfcimg/info/info_allergy.png,,,,
KFC,롱치즈스틱,사이드,131.0,10.0,3.9,2.0,250.0,,https://www.kfckorea.com/menu/nutrition,2026-08-11,True,False,https://www.kfckorea.com/nas/kfcimg/info/info_allergy.png,,,,
KFC,텐더스틱,사이드,119.0,8.0,1.5,0.0,290.0,,https://www.kfckorea.com/menu/nutrition,2026-08-11,True,False,https://www.kfckorea.com/nas/kfcimg/info/info_allergy.png,,,,
KFC,마테차,음료,0.0,0.0,0.0,0.0,37.0,,https://www.kfckorea.com/menu/nutrition,2026-08-11,True,False,https://www.kfckorea.com/nas/kfcimg/info/info_allergy.png,,,,
KFC,생수,음료,0.0,0.0,0.0,0.0,0.0,,https://www.kfckorea.com/menu/nutrition,2026-08-11,True,False,https://www.kfckorea.com/nas/kfcimg/info/info_allergy.png,,,,
KFC,닭똥집튀김,사이드,159.0,10.0,1.0,2.0,427.0,,https://www.kfckorea.com/menu/nutrition,2026-08-11,True,False,https://www.kfckorea.com/nas/kfcimg/info/info_allergy.png,,,,
KFC,오렌지주스,음료,276.0,0.0,0.0,64.0,87.0,,https://www.kfckorea.com/menu/nutrition,2026-08-11,True,False,https://www.kfckorea.com/nas/kfcimg/info/info_allergy.png,,,,
KFC,닭껍질튀김 (살사),사이드,334.0,8.0,7.0,3.0,763.0,,https://www.kfckorea.com/menu/nutrition,2026-08-11,True,False,https://www.kfckorea.com/nas/kfcimg/info/info_allergy.png,,,,
KFC,닭껍질튀김 (치즈),사이드,337.0,8.0,7.6,1.0,714.0,,https://www.kfckorea.com/menu/nutrition,2026-08-11,True,False,https://www.kfckorea.com/nas/kfcimg/info/info_allergy.png,,,,
KFC,생맥주,음료,157.0,2.0,0.0,0.0,38.0,,https://www.kfckorea.com/menu/nutrition,2026-08-11,True,False,https://www.kfckorea.com/nas/kfcimg/info/info_allergy.png,,,,
KFC,망고주스,음료,91.0,7.0,0.0,19.0,18.0,,https://www.kfckorea.com/menu/nutrition,2026-08-11,True,False,https://www.kfckorea.com/nas/kfcimg/info/info_allergy.png,,,,
KFC,아이스크림,사이드,98.0,2.0,0.2,19.0,26.0,,https://www.kfckorea.com/menu/nutrition,2026-08-11,True,False,https://www.kfckorea.com/nas/kfcimg/info/info_allergy.png,,,,
KFC,아메리카노,음료,39.0,1.0,0.0,0.0,0.0,,https://www.kfckorea.com/menu/nutrition,2026-08-11,True,True,https://www.kfckorea.com/nas/kfcimg/info/info_allergy.png,,,,
KFC,아이스 아메리카노,음료,43.0,1.0,0.0,0.0,0.0,,https://www.kfckorea.com/menu/nutrition,2026-08-11,True,False,https://www.kfckorea.com/nas/kfcimg/info/info_allergy.png,,,,
KFC,라떼,음료,124.0,3.0,7.1,4.0,78.0,,https://www.kfckorea.com/menu/nutrition,2026-08-11,True,False,https://www.kfckorea.com/nas/kfcimg/info/info_allergy.png,,,,
KFC,아이스라떼,음료,131.0,3.0,7.5,4.0,82.0,,https://www.kfckorea.com/menu/nutrition,2026-08-11,True,False,https://www.kfckorea.com/nas/kfcimg/info/info_allergy.png,,,,
KFC,핫초코,음료,105.0,1.0,1.9,16.0,30.0,,https://www.kfckorea.com/menu/nutrition,2026-08-11,True,False,https://www.kfckorea.com/nas/kfcimg/info/info_allergy.png,,,,
KFC,아이스초코,음료,131.0,1.0,2.4,21.0,37.0,,https://www.kfckorea.com/menu/nutrition,2026-08-11,True,False,https://www.kfckorea.com/nas/kfcimg/info/info_allergy.png,,,,
KFC,코리안라떼,음료,58.0,1.0,0.0,12.0,11.0,,https://www.kfckorea.com/menu/nutrition,2026-08-11,True,False,https://www.kfckorea.com/nas/kfcimg/info/info_allergy.png,,,,
KFC,코리안라떼아이스,음료,75.0,1.0,0.0,15.0,14.0,,https://www.kfckorea.com/menu/nutrition,2026-08-11,True,False,https://www.kfckorea.com/nas/kfcimg/info/info_allergy.png,,,,
KFC,밀크티,음료,62.0,1.0,2.0,7.0,41.0,,https://www.kfckorea.com/menu/nutrition,2026-08-11,True,False,https://www.kfckorea.com/nas/kfcimg/info/info_allergy.png,,,,
KFC,밀크티아이스,음료,62.0,1.0,2.0,7.0,41.0,,https://www.kfckorea.com/menu/nutrition,2026-08-11,True,False,https://www.kfckorea.com/nas/kfcimg/info/info_allergy.png,,,,
KFC,맥주425ml,음료,157.0,2.0,0.0,0.0,38.0,,https://www.kfckorea.com/menu/nutrition,2026-08-11,True,False,https://www.kfckorea.com/nas/kfcimg/info/info_allergy.png,,,,
써브웨이,로스트 치킨 아보카도,샌드위치(기본 레시피),356.0,26.6,2.1,9.0,694.0,대두|밀|토마토|닭고기|쇠고기,https://www.subway.co.kr/menuView/sandwich?menuItemIdx=1613,2026-08-11,True,True,https://www.subway.co.kr/sandwichAllergy,,,,
써브웨이,아기맹새우,샌드위치(기본 레시피),511.0,22.0,6.4,10.5,1028.0,,https://www.subway.co.kr/menuView/sandwich?menuItemIdx=1612,2026-08-11,True,False,,,,,
써브웨이,피자썹,샌드위치(기본 레시피),551.0,22.9,9.5,5.9,1183.0,계란|메밀|땅콩|대두|밀|고등어|게|새우|돼지고기|복숭아|토마토|아황산류|호두|닭고기|오징어|조개류|잣,https://www.subway.co.kr/menuView/sandwich?menuItemIdx=1611,2026-08-11,True,True,https://www.subway.co.kr/sandwichAllergy,,,,
써브웨이,안창 비프&머쉬룸,샌드위치(기본 레시피),292.0,16.5,2.5,8.0,598.0,계란|우유|대두|밀|토마토|쇠고기,https://www.subway.co.kr/menuView/sandwich?menuItemIdx=1514,2026-08-11,True,True,https://www.subway.co.kr/sandwichAllergy,,,,
써브웨이,스테이크 & 치즈,샌드위치(기본 레시피),355.0,28.1,4.2,8.8,780.0,계란|우유|대두|밀|토마토|쇠고기,https://www.subway.co.kr/menuView/sandwich?menuItemIdx=1519,2026-08-11,True,True,https://www.subway.co.kr/sandwichAllergy,,,,
써브웨이,이탈리안 비엠티,샌드위치(기본 레시피),388.0,21.0,5.9,8.6,1064.0,계란|우유|대두|밀|돼지고기|토마토,https://www.subway.co.kr/menuView/sandwich?menuItemIdx=1528,2026-08-11,True,True,https://www.subway.co.kr/sandwichAllergy,,,,
써브웨이,로티세리 바비큐 치킨,샌드위치(기본 레시피),327.0,29.1,2.5,7.8,542.0,계란|우유|대두|밀|토마토|닭고기,https://www.subway.co.kr/menuView/sandwich?menuItemIdx=1406,2026-08-11,True,True,https://www.subway.co.kr/sandwichAllergy,,,,
써브웨이,에그마요,샌드위치(기본 레시피),416.0,16.4,4.8,7.7,554.0,계란|우유|대두|밀|토마토|조개류,https://www.subway.co.kr/menuView/sandwich?menuItemIdx=1530,2026-08-11,True,True,https://www.subway.co.kr/sandwichAllergy,,,,
써브웨이,안창 비프,샌드위치(기본 레시피),342.0,21.6,4.3,8.3,830.0,계란|우유|대두|밀|토마토|쇠고기,https://www.subway.co.kr/menuView/sandwich?menuItemIdx=1515,2026-08-11,True,True,https://www.subway.co.kr/sandwichAllergy,,,,
써브웨이,잠봉 플러스,샌드위치(기본 레시피),475.0,24.3,7.3,6.4,828.0,계란|우유|메밀|땅콩|대두|밀|고등어|게|새우|돼지고기|복숭아|토마토|아황산류|호두|닭고기|쇠고기|오징어|조개류|잣,https://www.subway.co.kr/menuView/sandwich?menuItemIdx=1571,2026-08-11,True,True,https://www.subway.co.kr/sandwichAllergy,,,,
써브웨이,치킨 베이컨 아보카도,샌드위치(기본 레시피),355.0,20.2,3.2,9.0,940.0,계란|우유|대두|밀|돼지고기|토마토|닭고기,https://www.subway.co.kr/menuView/sandwich?menuItemIdx=1448,2026-08-11,True,True,https://www.subway.co.kr/sandwichAllergy,,,,
써브웨이,스파이시 쉬림프,샌드위치(기본 레시피),245.0,16.5,0.9,9.1,570.0,계란|우유|대두|밀|새우|토마토,https://www.subway.co.kr/menuView/sandwich?menuItemIdx=1518,2026-08-11,True,True,https://www.subway.co.kr/sandwichAllergy,,,,
써브웨이,쉬림프,샌드위치(기본 레시피),241.0,16.3,0.6,7.9,415.0,계란|우유|대두|밀|새우|토마토,https://www.subway.co.kr/menuView/sandwich?menuItemIdx=1520,2026-08-11,True,True,https://www.subway.co.kr/sandwichAllergy,,,,
써브웨이,로스트 치킨,샌드위치(기본 레시피),300.0,26.0,1.3,8.7,605.0,계란|우유|대두|밀|토마토|닭고기|쇠고기,https://www.subway.co.kr/menuView/sandwich?menuItemIdx=1401,2026-08-11,True,True,https://www.subway.co.kr/sandwichAllergy,,,,
써브웨이,풀드포크 바비큐,샌드위치(기본 레시피),327.0,24.8,2.1,7.8,689.0,계란|우유|대두|밀|돼지고기|토마토,https://www.subway.co.kr/menuView/sandwich?menuItemIdx=1524,2026-08-11,True,True,https://www.subway.co.kr/sandwichAllergy,,,,
써브웨이,써브웨이 클럽,샌드위치(기본 레시피),299.0,19.8,2.4,8.53,853.0,계란|우유|대두|밀|돼지고기|토마토|아황산류,https://www.subway.co.kr/menuView/sandwich?menuItemIdx=1511,2026-08-11,True,True,https://www.subway.co.kr/sandwichAllergy,,,,
써브웨이,치킨 데리야끼,샌드위치(기본 레시피),314.0,26.5,1.2,10.1,698.0,계란|우유|대두|밀|토마토|닭고기,https://www.subway.co.kr/menuView/sandwich?menuItemIdx=1521,2026-08-11,True,True,https://www.subway.co.kr/sandwichAllergy,,,,
써브웨이,스파이시 이탈리안,샌드위치(기본 레시피),464.0,20.7,9.1,8.7,1250.0,계란|우유|대두|밀|돼지고기|토마토,https://www.subway.co.kr/menuView/sandwich?menuItemIdx=1522,2026-08-11,True,True,https://www.subway.co.kr/sandwichAllergy,,,,
써브웨이,잠봉,샌드위치(기본 레시피),376.0,18.3,4.7,6.0,621.0,계란|우유|메밀|땅콩|대두|밀|고등어|게|새우|돼지고기|복숭아|토마토|아황산류|호두|닭고기|쇠고기|오징어|조개류|잣,https://www.subway.co.kr/menuView/sandwich?menuItemIdx=1570,2026-08-11,True,True,https://www.subway.co.kr/sandwichAllergy,,,,
써브웨이,비엘티,샌드위치(기본 레시피),300.0,15.9,3.7,7.9,666.0,계란|우유|대두|밀|돼지고기|토마토,https://www.subway.co.kr/menuView/sandwich?menuItemIdx=1529,2026-08-11,True,True,https://www.subway.co.kr/sandwichAllergy,,,,
써브웨이,치킨 슬라이스,샌드위치(기본 레시피),265.0,18.6,0.9,8.7,751.0,계란|우유|대두|밀|토마토|닭고기,https://www.subway.co.kr/menuView/sandwich?menuItemIdx=1449,2026-08-11,True,True,https://www.subway.co.kr/sandwichAllergy,,,,
써브웨이,머쉬룸,샌드위치(기본 레시피),245.0,11.8,0.6,7.7,376.0,계란|메밀|땅콩|대두|밀|고등어|게|새우|돼지고기|복숭아|토마토|아황산류|호두|닭고기|쇠고기|오징어|조개류|잣,https://www.subway.co.kr/menuView/sandwich?menuItemIdx=1526,2026-08-11,True,True,https://www.subway.co.kr/sandwichAllergy,,,,
써브웨이,참치,샌드위치(기본 레시피),316.0,26.9,1.4,7.6,535.0,계란|우유|대두|밀|토마토,https://www.subway.co.kr/menuView/sandwich?menuItemIdx=1532,2026-08-11,True,True,https://www.subway.co.kr/sandwichAllergy,,,,
써브웨이,에그 슬라이스,샌드위치(기본 레시피),279.0,15.2,2.3,7.6,447.0,계란|우유|대두|밀|토마토,https://www.subway.co.kr/menuView/sandwich?menuItemIdx=1469,2026-08-11,True,True,https://www.subway.co.kr/sandwichAllergy,,,,
써브웨이,베지,샌드위치(기본 레시피),209.0,9.2,0.6,7.6,262.0,계란|우유|대두|밀|토마토,https://www.subway.co.kr/menuView/sandwich?menuItemIdx=1403,2026-08-11,True,True,https://www.subway.co.kr/sandwichAllergy,,,,
써브웨이,스테이크 & 머쉬룸 그레인 샐러드,그레인 샐러드,338.0,24.0,4.4,6.2,568.0,,https://www.subway.co.kr/menuView/grain_salad?menuItemIdx=1590,2026-08-11,True,False,,,,,
써브웨이,쉬림프 아보카도 그레인 샐러드,그레인 샐러드,327.0,16.5,3.7,6.2,411.0,,https://www.subway.co.kr/menuView/grain_salad?menuItemIdx=1591,2026-08-11,True,False,,,,,
써브웨이,로티세리 치킨 더블치즈 그레인 샐러드,그레인 샐러드,439.0,34.2,6.6,5.7,694.0,,https://www.subway.co.kr/menuView/grain_salad?menuItemIdx=1594,2026-08-11,True,False,,,,,
써브웨이,풀드포크 타코 그레인 샐러드,그레인 샐러드,968.0,39.9,16.3,13.3,2003.0,,https://www.subway.co.kr/menuView/grain_salad?menuItemIdx=1599,2026-08-11,True,False,,,,,
써브웨이,스파이시 쉬림프 타코 그레인 샐러드,그레인 샐러드,861.0,31.4,14.0,16.4,2136.0,,https://www.subway.co.kr/menuView/grain_salad?menuItemIdx=1597,2026-08-11,True,False,,,,,
써브웨이,로티세리 치킨 타코 그레인 샐러드,그레인 샐러드,951.0,41.8,14.8,13.2,1937.0,,https://www.subway.co.kr/menuView/grain_salad?menuItemIdx=1598,2026-08-11,True,False,,,,,
써브웨이,로스트 치킨 베이컨 그레인 샐러드,그레인 샐러드,362.0,26.3,4.5,6.2,758.0,,https://www.subway.co.kr/menuView/grain_salad?menuItemIdx=1593,2026-08-11,True,False,,,,,
써브웨이,에그마요 베이컨 그레인 샐러드,그레인 샐러드,497.0,19.3,8.5,5.8,683.0,,https://www.subway.co.kr/menuView/grain_salad?menuItemIdx=1592,2026-08-11,True,False,,,,,
써브웨이,참치 아보카도 그레인 샐러드,그레인 샐러드,400.0,26.9,4.5,5.9,550.0,,https://www.subway.co.kr/menuView/grain_salad?menuItemIdx=1595,2026-08-11,True,False,,,,,
써브웨이,그린 그레인 샐러드,그레인 샐러드,237.0,8.6,2.9,5.5,165.0,,https://www.subway.co.kr/menuView/grain_salad?menuItemIdx=1596,2026-08-11,True,False,,,,,
써브웨이,스테이크 & 머쉬룸 샐러드,샐러드,193.0,20.2,4.0,5.8,514.0,,https://www.subway.co.kr/menuView/salad?menuItemIdx=1585,2026-08-11,True,False,,,,,
써브웨이,쉬림프 아보카도 샐러드,샐러드,182.0,12.6,3.3,5.8,357.0,,https://www.subway.co.kr/menuView/salad?menuItemIdx=1584,2026-08-11,True,False,,,,,
써브웨이,로티세리 치킨 더블치즈 샐러드,샐러드,294.0,30.4,6.2,5.3,640.0,,https://www.subway.co.kr/menuView/salad?menuItemIdx=1582,2026-08-11,True,False,,,,,
써브웨이,풀드포크 타코 샐러드,샐러드,820.0,35.9,15.9,12.5,1947.0,,https://www.subway.co.kr/menuView/salad?menuItemIdx=1587,2026-08-11,True,False,,,,,
써브웨이,스파이시 쉬림프 타코 샐러드,샐러드,713.0,27.4,13.6,15.6,1841.0,,https://www.subway.co.kr/menuView/salad?menuItemIdx=1589,2026-08-11,True,False,,,,,
써브웨이,로티세리 치킨 타코 샐러드,샐러드,802.0,37.8,14.4,12.4,1881.0,,https://www.subway.co.kr/menuView/salad?menuItemIdx=1588,2026-08-11,True,False,,,,,
써브웨이,로스트 치킨 베이컨 샐러드,샐러드,216.0,22.5,4.1,5.8,704.0,,https://www.subway.co.kr/menuView/salad?menuItemIdx=1583,2026-08-11,True,False,,,,,
써브웨이,에그마요 베이컨 샐러드,샐러드,352.0,15.5,8.1,5.4,629.0,,https://www.subway.co.kr/menuView/salad?menuItemIdx=1581,2026-08-11,True,False,,,,,
써브웨이,참치 아보카도 샐러드,샐러드,255.0,23.0,4.1,5.5,496.0,,https://www.subway.co.kr/menuView/salad?menuItemIdx=1580,2026-08-11,True,False,,,,,
써브웨이,그린 샐러드,샐러드,91.8,4.8,2.5,5.1,111.0,,https://www.subway.co.kr/menuView/salad?menuItemIdx=1579,2026-08-11,True,False,,,,,
써브웨이,미니 로티세리 치킨 샐러드,샐러드,42.0,5.3,0.6,3.0,72.0,,https://www.subway.co.kr/menuView/salad?menuItemIdx=1473,2026-08-11,True,False,,,,,
써브웨이,"잠봉, 에그&치즈",아침메뉴,319.0,20.3,3.2,6.5,951.0,,https://www.subway.co.kr/menuView/morning?menuItemIdx=1339,2026-08-11,True,False,,,,,
써브웨이,"웨스턴, 에그 & 치즈",아침메뉴,315.0,18.2,3.1,7.8,849.0,,https://www.subway.co.kr/menuView/morning?menuItemIdx=1340,2026-08-11,True,False,,,,,
써브웨이,"잠봉, 에그 & 치즈 랩",아침메뉴,288.0,8.0,1.0,6.0,667.0,,https://www.subway.co.kr/menuView/morning?menuItemIdx=1335,2026-08-11,True,False,,,,,
써브웨이,"웨스턴, 에그 & 치즈 랩",아침메뉴,298.0,8.0,1.0,7.0,669.0,,https://www.subway.co.kr/menuView/morning?menuItemIdx=1336,2026-08-11,True,False,,,,,
써브웨이,포테이토 베이컨 수프,사이드·음료,80.0,2.3,3.1,3.4,355.0,,https://www.subway.co.kr/menuView/sidedrink?menuItemIdx=1565,2026-08-11,True,False,,,,,
써브웨이,콘 수프,사이드·음료,81.0,2.5,1.4,5.3,283.0,,https://www.subway.co.kr/menuView/sidedrink?menuItemIdx=1465,2026-08-11,True,False,,,,,
써브웨이,머쉬룸 수프,사이드·음료,64.0,1.5,2.3,2.2,336.0,,https://www.subway.co.kr/menuView/sidedrink?menuItemIdx=1317,2026-08-11,True,False,,,,,
써브웨이,초코칩,사이드·음료,228.0,2.1,5.6,19.3,165.0,,https://www.subway.co.kr/menuView/sidedrink?menuItemIdx=1308,2026-08-11,True,False,,,,,
써브웨이,더블 초코칩,사이드·음료,212.0,2.0,5.4,19.9,165.0,,https://www.subway.co.kr/menuView/sidedrink?menuItemIdx=1307,2026-08-11,True,False,,,,,
써브웨이,오트밀 레이즌,사이드·음료,200.0,2.4,3.8,15.8,130.0,,https://www.subway.co.kr/menuView/sidedrink?menuItemIdx=1309,2026-08-11,True,False,,,,,
써브웨이,라즈베리 치즈케익,사이드·음료,204.0,2.0,5.0,15.8,176.0,,https://www.subway.co.kr/menuView/sidedrink?menuItemIdx=1310,2026-08-11,True,False,,,,,
써브웨이,화이트 초코 마카다미아,사이드·음료,245.0,2.1,5.7,18.9,178.0,,https://www.subway.co.kr/menuView/sidedrink?menuItemIdx=1311,2026-08-11,True,False,,,,,
써브웨이,웨지 포테이토,사이드·음료,140.0,2.5,1.5,0.7,369.0,,https://www.subway.co.kr/menuView/sidedrink?menuItemIdx=1321,2026-08-11,True,False,,,,,
써브웨이,Cheesy 웨지 포테이토,사이드·음료,194.0,5.8,3.9,0.8,454.0,,https://www.subway.co.kr/menuView/sidedrink?menuItemIdx=1322,2026-08-11,True,False,,,,,
써브웨이,Bacon Cheesy 웨지 포테이토,사이드·음료,247.0,9.3,5.3,0.9,679.0,,https://www.subway.co.kr/menuView/sidedrink?menuItemIdx=1323,2026-08-11,True,False,,,,,
써브웨이,치킨 베이컨 미니 랩,사이드·음료,391.0,20.8,7.4,5.5,1091.0,,https://www.subway.co.kr/menuView/sidedrink?menuItemIdx=1320,2026-08-11,True,False,,,,,
써브웨이,스테이크 & 치즈 아보카도 랩,랩·기타,478.0,22.3,9.8,5.3,1009.0,,https://www.subway.co.kr/menuView/unit?menuItemIdx=1342,2026-08-11,True,False,,,,,
써브웨이,쉬림프 에그마요 랩,랩·기타,516.0,20.1,9.5,7.4,1082.0,,https://www.subway.co.kr/menuView/unit?menuItemIdx=1382,2026-08-11,True,False,,,,,
이디야,(L) 얼박사 코코 에이드,음료,123.0,1.0,0.0,28.0,154.0,,https://ediya.com/contents/drink.html,2026-08-11,True,False,,,,,
이디야,(EX) 얼박사 코코 에이드,음료,178.0,2.0,0.0,41.0,229.0,,https://ediya.com/contents/drink.html,2026-08-11,True,False,,,,,
이디야,(L) 얼박삿추,음료,117.0,2.0,0.0,25.0,149.0,,https://ediya.com/contents/drink.html,2026-08-11,True,False,,,,,
이디야,(EX) 얼박삿추,음료,172.0,2.0,0.0,38.0,223.0,,https://ediya.com/contents/drink.html,2026-08-11,True,False,,,,,
이디야,(L) 얼박삿추(디카페인 원두),음료,114.0,2.0,0.0,25.0,149.0,,https://ediya.com/contents/drink.html,2026-08-11,True,False,,,,,
이디야,(EX) 얼박삿추(디카페인 원두),음료,169.0,2.0,0.0,38.0,223.0,,https://ediya.com/contents/drink.html,2026-08-11,True,False,,,,,
이디야,(L) 얼박사 젤리 플랫치노,음료,206.0,2.0,0.0,47.0,263.0,,https://ediya.com/contents/drink.html,2026-08-11,True,False,,,,,
이디야,(EX) 얼박사 젤리 플랫치노,음료,303.0,3.0,0.0,69.0,378.0,,https://ediya.com/contents/drink.html,2026-08-11,True,False,,,,,
이디야,(L) ICED 우베 코코넛,음료,353.0,4.0,14.0,42.0,206.0,우유,https://ediya.com/contents/drink.html,2026-08-11,True,True,,,,,
이디야,(EX) ICED 우베 코코넛,음료,502.0,5.0,19.0,61.0,288.0,우유,https://ediya.com/contents/drink.html,2026-08-11,True,True,,,,,
이디야,(L) HOT 에스프레소 코코넛,음료,288.0,6.0,19.0,16.0,208.0,우유,https://ediya.com/contents/drink.html,2026-08-11,True,True,,,,,
이디야,(EX) HOT 에스프레소 코코넛,음료,416.0,8.0,28.0,23.0,300.0,우유,https://ediya.com/contents/drink.html,2026-08-11,True,True,,,,,
이디야,(L) ICED 에스프레소 코코넛,음료,216.0,4.0,14.0,12.0,153.0,우유,https://ediya.com/contents/drink.html,2026-08-11,True,True,,,,,
이디야,(EX) ICED 에스프레소 코코넛,음료,296.0,6.0,19.0,16.0,208.0,우유,https://ediya.com/contents/drink.html,2026-08-11,True,True,,,,,
이디야,팥 인절미 1인빙수,음료,574.0,12.0,5.0,64.0,217.0,우유|대두,https://ediya.com/contents/drink.html,2026-08-11,True,True,,,,,
이디야,더블베리 요거트 1인빙수,음료,361.0,5.0,4.0,56.0,89.0,우유|대두,https://ediya.com/contents/drink.html,2026-08-11,True,True,,,,,
이디야,(L) 생과일 수박주스,음료,163.0,2.0,0.0,26.0,21.0,,https://ediya.com/contents/drink.html,2026-08-11,True,False,,,,,
이디야,(EX) 생과일 수박주스,음료,260.0,3.0,0.0,42.0,41.0,,https://ediya.com/contents/drink.html,2026-08-11,True,False,,,,,
이디야,(L) 생과일 토마토주스,음료,150.0,3.0,0.0,23.0,35.0,토마토,https://ediya.com/contents/drink.html,2026-08-11,True,True,,,,,
이디야,(EX) 생과일 토마토주스,음료,242.0,4.0,0.0,38.0,59.0,토마토,https://ediya.com/contents/drink.html,2026-08-11,True,True,,,,,
이디야,(L) 생수박 과일 화채,음료,263.0,2.0,0.0,54.0,19.0,우유|대두,https://ediya.com/contents/drink.html,2026-08-11,True,True,,,,,
이디야,(EX) 생수박 과일 화채,음료,386.0,2.0,0.0,80.0,29.0,우유|대두,https://ediya.com/contents/drink.html,2026-08-11,True,True,,,,,
이디야,컵 팥절빙,음료,582.0,12.0,6.0,72.0,236.0,우유|대두,https://ediya.com/contents/drink.html,2026-08-11,True,True,,,,,
이디야,컵 망코빙,음료,470.0,5.0,7.0,81.0,103.0,우유|대두|밀,https://ediya.com/contents/drink.html,2026-08-11,True,True,,,,,
이디야,컵 두초빙,음료,715.0,5.0,23.0,91.0,149.0,우유|대두|밀,https://ediya.com/contents/drink.html,2026-08-11,True,True,,,,,
이디야,접시 팥절빙,음료,700.0,17.0,5.0,68.0,323.0,우유|대두|밀,https://ediya.com/contents/drink.html,2026-08-11,True,True,,,,,
이디야,접시 망코빙,음료,636.0,10.0,9.0,92.0,134.0,우유|대두|밀,https://ediya.com/contents/drink.html,2026-08-11,True,True,,,,,
이디야,접시 두초빙,음료,966.0,11.0,30.0,115.0,483.0,우유|대두|밀,https://ediya.com/contents/drink.html,2026-08-11,True,True,,,,,
이디야,모구모구(리치),음료,115.0,0.0,0.0,26.0,40.0,,https://ediya.com/contents/drink.html,2026-08-11,True,False,,,,,
이디야,모구모구(복숭아),음료,110.0,0.0,0.0,24.0,60.0,,https://ediya.com/contents/drink.html,2026-08-11,True,False,,,,,
이디야,아이스크림 스무디볼 딸기,음료,446.0,5.0,7.0,57.0,96.0,계란|우유|대두|밀,https://ediya.com/contents/drink.html,2026-08-11,True,True,,,,,
이디야,아이스크림 스무디볼 망고,음료,441.0,5.0,7.0,56.0,93.0,계란|우유|대두|밀,https://ediya.com/contents/drink.html,2026-08-11,True,True,,,,,
이디야,아이스크림 스무디볼 블루베리,음료,396.0,5.0,7.0,43.0,91.0,계란|우유|대두|밀,https://ediya.com/contents/drink.html,2026-08-11,True,True,,,,,
이디야,(병)프루츠 스파클링 사과,음료,39.0,0.0,0.0,5.0,25.0,,https://ediya.com/contents/drink.html,2026-08-11,True,False,,,,,
이디야,(병)프루츠 스파클링 복숭아,음료,23.0,0.0,0.0,5.5,25.0,,https://ediya.com/contents/drink.html,2026-08-11,True,False,,,,,
이디야,(병)프루츠 스파클링 체리,음료,23.0,0.0,0.0,5.0,25.0,,https://ediya.com/contents/drink.html,2026-08-11,True,False,,,,,
이디야,(L) HOT 말차라떼,음료,357.0,12.0,8.0,43.0,214.0,우유,https://ediya.com/contents/drink.html,2026-08-11,True,True,,,,,
이디야,(EX) HOT 말차라떼,음료,524.0,18.0,12.0,64.0,312.0,우유,https://ediya.com/contents/drink.html,2026-08-11,True,True,,,,,
이디야,(L) ICED 말차라떼,음료,283.0,9.0,5.0,37.0,157.0,우유,https://ediya.com/contents/drink.html,2026-08-11,True,True,,,,,
이디야,(EX) ICED 말차라떼,음료,396.0,12.0,7.0,54.0,213.0,우유,https://ediya.com/contents/drink.html,2026-08-11,True,True,,,,,
이디야,(EX) HOT 민트 초콜릿,음료,555.0,14.0,19.0,61.0,288.0,우유|대두,https://ediya.com/contents/drink.html,2026-08-11,True,True,,,,,
이디야,(콘)소프트 아이스크림(일부 매장 판매),음료,287.0,6.0,6.0,21.0,95.0,계란|우유,https://ediya.com/contents/drink.html,2026-08-11,True,True,,,,,
이디야,(EX) ICED 민트 초콜릿,음료,504.0,12.0,17.0,57.0,248.0,우유|대두,https://ediya.com/contents/drink.html,2026-08-11,True,True,,,,,
이디야,(L) ICED 말차초코라떼,음료,311.0,9.0,5.0,43.0,171.0,우유,https://ediya.com/contents/drink.html,2026-08-11,True,True,,,,,
이디야,(EX) ICED 말차초코라떼,음료,471.0,12.0,7.0,67.0,256.0,우유,https://ediya.com/contents/drink.html,2026-08-11,True,True,,,,,
이디야,(L) ICED 딸기 초코 라떼,음료,249.0,6.0,4.0,38.0,110.0,우유,https://ediya.com/contents/drink.html,2026-08-11,True,True,,,,,
이디야,(EX) ICED 딸기 초코 라떼,음료,367.0,8.0,6.0,56.0,169.0,우유,https://ediya.com/contents/drink.html,2026-08-11,True,True,,,,,
이디야,더블베리 아이스크림 파르페,음료,578.0,7.0,17.0,50.0,177.0,계란|우유|대두,https://ediya.com/contents/drink.html,2026-08-11,True,True,,,,,
이디야,더블초코 아이스크림 파르페,음료,686.0,10.0,22.0,49.0,265.0,계란|우유|대두|밀,https://ediya.com/contents/drink.html,2026-08-11,True,True,,,,,
이디야,(L) 망고 플랫치노,음료,345.0,0.0,0.0,86.0,10.0,,https://ediya.com/contents/drink.html,2026-08-11,True,False,,,,,
이디야,(L) HOT 자몽차,음료,228.0,0.0,0.0,47.0,5.0,,https://ediya.com/contents/drink.html,2026-08-11,True,False,,,,,
이디야,(L) HOT 카페 아메리카노,음료,16.0,1.0,0.0,0.0,0.0,,https://ediya.com/contents/drink.html,2026-08-11,True,False,,,,,
이디야,HOT 에스프레소,음료,5.0,0.0,0.0,0.0,0.0,,https://ediya.com/contents/drink.html,2026-08-11,True,True,,,,,
이디야,내맘대로 요거트,음료,175.0,5.0,0.0,34.0,61.0,우유,https://ediya.com/contents/drink.html,2026-08-11,True,True,,,,,
이디야,(L) HOT 카라멜 마끼아또,음료,307.0,10.0,7.0,40.0,183.0,계란|우유|대두|아황산류,https://ediya.com/contents/drink.html,2026-08-11,True,True,,,,,
이디야,(L) ICED 헤이즐넛 아메리카노,음료,150.0,1.0,2.0,23.0,170.0,우유,https://ediya.com/contents/drink.html,2026-08-11,True,True,,,,,
이디야,(L) ICED 살얼음 식혜,음료,241.0,0.0,0.0,55.0,6.0,,https://ediya.com/contents/drink.html,2026-08-11,True,False,,,,,
이디야,(EX) HOT 연유 카페 라떼,음료,542.0,17.0,12.0,67.0,255.0,우유|대두,https://ediya.com/contents/drink.html,2026-08-11,True,True,,,,,
이디야,(EX) HOT 카라멜 마끼아또,음료,445.0,14.0,10.0,59.0,244.0,계란|우유|대두|아황산류,https://ediya.com/contents/drink.html,2026-08-11,True,True,,,,,
이디야,(EX) ICED 살얼음 식혜,음료,359.0,1.0,0.0,82.0,9.0,,https://ediya.com/contents/drink.html,2026-08-11,True,False,,,,,
이디야,(L) ICED 연유 카페 라떼,음료,314.0,9.0,6.0,41.0,133.0,우유|대두,https://ediya.com/contents/drink.html,2026-08-11,True,True,,,,,
이디야,(EX) 플레인 요거트 플랫치노,음료,659.0,7.0,5.0,71.0,109.0,우유,https://ediya.com/contents/drink.html,2026-08-11,True,True,,,,,
이디야,(L) ICED 카라멜 마끼아또,음료,253.0,7.0,5.0,36.0,141.0,계란|우유|대두|아황산류,https://ediya.com/contents/drink.html,2026-08-11,True,True,,,,,
이디야,(L) HOT 루이보스,음료,8.0,0.0,0.0,0.0,5.0,복숭아,https://ediya.com/contents/drink.html,2026-08-11,True,True,,,,,
이디야,(EX) ICED 연유 카페 라떼,음료,451.0,13.0,8.0,60.0,185.0,우유|대두,https://ediya.com/contents/drink.html,2026-08-11,True,True,,,,,
이디야,(EX) ICED 카라멜 마끼아또,음료,355.0,9.0,6.0,52.0,174.0,계란|우유|대두|아황산류,https://ediya.com/contents/drink.html,2026-08-11,True,True,,,,,
이디야,(EX) HOT 루이보스,음료,15.0,0.0,0.0,0.0,11.0,복숭아,https://ediya.com/contents/drink.html,2026-08-11,True,True,,,,,
이디야,(EX) HOT 달달커피,음료,417.0,2.0,9.0,41.0,13.0,우유,https://ediya.com/contents/drink.html,2026-08-11,True,True,,,,,
이디야,달콤 초코,음료,416.0,7.0,14.0,50.0,77.0,우유|대두,https://ediya.com/contents/drink.html,2026-08-11,True,True,,,,,
이디야,(EX) 말차 초코 쉐이크,음료,606.0,11.0,17.0,78.0,438.0,우유|대두,https://ediya.com/contents/drink.html,2026-08-11,True,True,,,,,
이디야,(L) HOT 바닐라 라떼,음료,345.0,11.0,8.0,26.0,166.0,우유|대두,https://ediya.com/contents/drink.html,2026-08-11,True,True,,,,,
이디야,(L) 딸기 쉐이크,음료,492.0,7.0,19.0,57.0,438.0,우유|대두,https://ediya.com/contents/drink.html,2026-08-11,True,True,,,,,
이디야,(L) ICED 루이보스,음료,8.0,0.0,0.0,0.0,5.0,복숭아,https://ediya.com/contents/drink.html,2026-08-11,True,True,,,,,
이디야,(EX) HOT 카페 아메리카노,음료,16.0,1.0,0.0,0.0,1.0,,https://ediya.com/contents/drink.html,2026-08-11,True,False,,,,,
이디야,(L) 블루베리 요거트 플랫치노,음료,525.0,5.0,4.0,64.0,83.0,우유|대두,https://ediya.com/contents/drink.html,2026-08-11,True,True,,,,,
이디야,(EX) HOT 바닐라 라떼,음료,506.0,16.0,11.0,39.0,241.0,우유|대두,https://ediya.com/contents/drink.html,2026-08-11,True,True,,,,,
이디야,(EX) ICED 루이보스,음료,15.0,0.0,0.0,0.0,11.0,복숭아,https://ediya.com/contents/drink.html,2026-08-11,True,True,,,,,
이디야,(L) ICED 꿀화이트 아메리카노,음료,310.0,3.0,11.0,32.0,73.0,우유,https://ediya.com/contents/drink.html,2026-08-11,True,True,,,,,
이디야,(L) ICED 바닐라 라떼,음료,271.0,8.0,5.0,21.0,109.0,우유|대두,https://ediya.com/contents/drink.html,2026-08-11,True,True,,,,,
이디야,(L) HOT 히비스커스,음료,8.0,0.0,0.0,0.0,0.0,,https://ediya.com/contents/drink.html,2026-08-11,True,False,,,,,
이디야,(EX) ICED 꿀화이트 아메리카노,음료,451.0,3.0,14.0,48.0,91.0,우유,https://ediya.com/contents/drink.html,2026-08-11,True,True,,,,,
이디야,(EX) ICED 바닐라 라떼,음료,377.0,10.0,6.0,29.0,141.0,우유|대두,https://ediya.com/contents/drink.html,2026-08-11,True,True,,,,,
이디야,(EX) ICED 헤이즐넛 아메리카노,음료,225.0,2.0,3.0,35.0,256.0,우유,https://ediya.com/contents/drink.html,2026-08-11,True,True,,,,,
이디야,(L) ICED 히비스커스,음료,8.0,0.0,0.0,0.0,0.0,,https://ediya.com/contents/drink.html,2026-08-11,True,False,,,,,
이디야,(L) HOT 카페 모카,음료,384.0,10.0,16.0,32.0,213.0,우유|대두,https://ediya.com/contents/drink.html,2026-08-11,True,True,,,,,
이디야,상큼 자몽,음료,453.0,8.0,9.0,59.0,99.0,우유|대두|돼지고기,https://ediya.com/contents/drink.html,2026-08-11,True,True,,,,,
이디야,(L) HOT 제로슈가 달달커피,음료,151.0,1.0,10.0,0.0,36.0,우유,https://ediya.com/contents/drink.html,2026-08-11,True,True,,,,,
이디야,(L) ICED 넛츠 크림 라떼,음료,391.0,9.0,15.0,31.0,194.0,우유|대두,https://ediya.com/contents/drink.html,2026-08-11,True,True,,,,,
이디야,(EX) HOT 히비스커스,음료,16.0,0.0,0.0,1.0,0.0,,https://ediya.com/contents/drink.html,2026-08-11,True,False,,,,,
이디야,(EX) HOT 카페 모카,음료,511.0,14.0,19.0,45.0,300.0,우유|대두,https://ediya.com/contents/drink.html,2026-08-11,True,True,,,,,
이디야,(EX) ICED 고구마 라떼,음료,407.0,11.0,8.0,51.0,236.0,우유,https://ediya.com/contents/drink.html,2026-08-11,True,True,,,,,
이디야,(EX) ICED 히비스커스,음료,16.0,0.0,0.0,1.0,0.0,,https://ediya.com/contents/drink.html,2026-08-11,True,False,,,,,
이디야,(L) ICED 카페 모카,음료,322.0,7.0,14.0,28.0,165.0,우유|대두,https://ediya.com/contents/drink.html,2026-08-11,True,True,,,,,
이디야,(L) 에스프레소 쉐이크,음료,406.0,7.0,19.0,34.0,421.0,우유|대두,https://ediya.com/contents/drink.html,2026-08-11,True,True,,,,,
이디야,(EX) ICED 넛츠 크림 라떼,음료,524.0,12.0,19.0,40.0,257.0,우유|대두,https://ediya.com/contents/drink.html,2026-08-11,True,True,,,,,
이디야,(L) HOT 화이트 초콜릿 모카,음료,443.0,9.0,16.0,52.0,204.0,우유|대두,https://ediya.com/contents/drink.html,2026-08-11,True,True,,,,,
이디야,(L) HOT 캐모마일,음료,7.0,0.0,0.0,0.0,7.0,,https://ediya.com/contents/drink.html,2026-08-11,True,False,,,,,
이디야,(EX) ICED 카페 모카,음료,393.0,8.0,15.0,36.0,208.0,우유|대두,https://ediya.com/contents/drink.html,2026-08-11,True,True,,,,,
이디야,(L) HOT 헤이즐넛 아메리카노,음료,150.0,1.0,2.0,23.0,170.0,우유,https://ediya.com/contents/drink.html,2026-08-11,True,True,,,,,
이디야,(EX) HOT 화이트 초콜릿 모카,음료,601.0,14.0,19.0,74.0,291.0,우유|대두,https://ediya.com/contents/drink.html,2026-08-11,True,True,,,,,
이디야,(L) ICED 캐모마일,음료,7.0,0.0,0.0,0.0,7.0,,https://ediya.com/contents/drink.html,2026-08-11,True,False,,,,,
이디야,(L) HOT 시그니처 라떼,음료,486.0,8.0,35.0,13.0,231.0,우유,https://ediya.com/contents/drink.html,2026-08-11,True,True,,,,,
이디야,(EX) 블루베리 요거트 플랫치노,음료,782.0,7.0,5.0,98.0,109.0,우유|대두,https://ediya.com/contents/drink.html,2026-08-11,True,True,,,,,
이디야,(L) ICED 화이트 초콜릿 모카,음료,381.0,6.0,14.0,47.0,157.0,우유|대두,https://ediya.com/contents/drink.html,2026-08-11,True,True,,,,,
이디야,(EX) ICED 배모과차,음료,263.0,0.0,0.0,59.0,22.0,,https://ediya.com/contents/drink.html,2026-08-11,True,False,,,,,
이디야,(EX) 망고 플랫치노,음료,517.0,0.0,0.0,129.0,15.0,,https://ediya.com/contents/drink.html,2026-08-11,True,False,,,,,
이디야,(EX) HOT 캐모마일,음료,15.0,1.0,0.0,0.0,14.0,,https://ediya.com/contents/drink.html,2026-08-11,True,False,,,,,
이디야,(EX) HOT 시그니처 라떼,음료,711.0,11.0,51.0,19.0,336.0,우유,https://ediya.com/contents/drink.html,2026-08-11,True,True,,,,,
이디야,(EX) ICED 화이트 초콜릿 모카,음료,484.0,8.0,15.0,65.0,201.0,우유|대두,https://ediya.com/contents/drink.html,2026-08-11,True,True,,,,,
이디야,(EX) HOT 제로슈가 달달커피,음료,227.0,2.0,15.0,0.0,55.0,우유,https://ediya.com/contents/drink.html,2026-08-11,True,True,,,,,
이디야,(EX) ICED 캐모마일,음료,15.0,1.0,0.0,0.0,14.0,,https://ediya.com/contents/drink.html,2026-08-11,True,False,,,,,
이디야,(EX) 꿀복숭아 플랫치노,음료,460.0,0.0,0.0,98.0,42.0,복숭아,https://ediya.com/contents/drink.html,2026-08-11,True,True,,,,,
이디야,(L) 흑당 콜드브루,음료,306.0,6.0,4.0,45.0,109.0,우유|아황산류,https://ediya.com/contents/drink.html,2026-08-11,True,True,,,,,
이디야,(L) ICED 시그니처 라떼,음료,370.0,6.0,27.0,9.0,171.0,우유,https://ediya.com/contents/drink.html,2026-08-11,True,True,,,,,
이디야,(L) 블루베리바나나주스,음료,353.0,9.0,5.0,51.0,118.0,우유|대두,https://ediya.com/contents/drink.html,2026-08-11,True,True,,,,,
이디야,아포가토 오리지널,음료,150.0,3.0,5.0,13.0,43.0,우유,https://ediya.com/contents/drink.html,2026-08-11,True,True,,,,,
이디야,(L) ICED 민트 모카,음료,368.0,7.0,14.0,38.0,159.0,우유|대두,https://ediya.com/contents/drink.html,2026-08-11,True,True,,,,,
이디야,(EX) ICED 생강차,음료,339.0,1.0,0.0,72.0,25.0,,https://ediya.com/contents/drink.html,2026-08-11,True,False,,,,,
이디야,(EX) 딸기 쉐이크,음료,668.0,9.0,28.0,73.0,634.0,우유|대두,https://ediya.com/contents/drink.html,2026-08-11,True,True,,,,,
이디야,(L) 레몬 아이스티,음료,238.0,0.0,0.0,58.0,21.0,대두,https://ediya.com/contents/drink.html,2026-08-11,True,True,,,,,
이디야,(L) HOT 민트 모카,음료,435.0,11.0,17.0,43.0,207.0,우유|대두,https://ediya.com/contents/drink.html,2026-08-11,True,True,,,,,
이디야,(L) 초코쿠키 쉐이크,음료,483.0,8.0,21.0,39.0,479.0,우유|대두|밀,https://ediya.com/contents/drink.html,2026-08-11,True,True,,,,,
이디야,(EX) 레몬 아이스티,음료,317.0,0.0,0.0,77.0,28.0,대두,https://ediya.com/contents/drink.html,2026-08-11,True,True,,,,,
이디야,(L) HOT 페퍼민트,음료,7.0,0.0,0.0,0.0,3.0,,https://ediya.com/contents/drink.html,2026-08-11,True,False,,,,,
이디야,(L) HOT 생강차,음료,241.0,0.0,0.0,51.0,19.0,,https://ediya.com/contents/drink.html,2026-08-11,True,False,,,,,
이디야,(EX) ICED 시그니처 라떼,음료,505.0,8.0,36.0,13.0,234.0,우유,https://ediya.com/contents/drink.html,2026-08-11,True,True,,,,,
이디야,(L) HOT 유자차,음료,223.0,0.0,0.0,46.0,5.0,,https://ediya.com/contents/drink.html,2026-08-11,True,False,,,,,
이디야,(EX) 흑당 콜드브루,음료,424.0,8.0,5.0,63.0,148.0,우유|아황산류,https://ediya.com/contents/drink.html,2026-08-11,True,True,,,,,
이디야,(L) ICED 페퍼민트,음료,7.0,0.0,0.0,0.0,3.0,,https://ediya.com/contents/drink.html,2026-08-11,True,False,,,,,
이디야,(EX) ICED 유자차,음료,315.0,1.0,0.0,66.0,7.0,,https://ediya.com/contents/drink.html,2026-08-11,True,False,,,,,
이디야,(EX) 머스캣 모히또 에이드,음료,249.0,0.0,0.0,60.0,13.0,,https://ediya.com/contents/drink.html,2026-08-11,True,True,,,,,
이디야,비타민 주스 애플망고,음료,136.0,0.0,0.0,31.0,10.0,,https://ediya.com/contents/drink.html,2026-08-11,True,False,,,,,
이디야,비타민 주스 믹스베리,음료,125.0,0.5,0.0,28.0,10.0,,https://ediya.com/contents/drink.html,2026-08-11,True,False,,,,,
이디야,(L) 토피넛 플랫치노,음료,397.0,7.0,11.0,46.0,151.0,우유|대두|밀,https://ediya.com/contents/drink.html,2026-08-11,True,True,,,,,
이디야,(L) 딸기주스,음료,199.0,1.0,0.0,48.0,10.0,,https://ediya.com/contents/drink.html,2026-08-11,True,False,,,,,
이디야,(EX) 사과당근클렌즈주스,음료,164.0,1.0,0.0,28.0,69.0,,https://ediya.com/contents/drink.html,2026-08-11,True,False,,,,,
이디야,(EX) 연유 콜드브루,음료,450.0,13.0,8.0,60.0,189.0,우유|대두,https://ediya.com/contents/drink.html,2026-08-11,True,True,,,,,
이디야,(L) 망고바나나주스,음료,436.0,9.0,5.0,73.0,116.0,우유,https://ediya.com/contents/drink.html,2026-08-11,True,True,,,,,
이디야,(EX) HOT 민트 모카,음료,590.0,16.0,20.0,62.0,295.0,우유|대두,https://ediya.com/contents/drink.html,2026-08-11,True,True,,,,,
이디야,(EX) HOT 헤이즐넛 아메리카노,음료,233.0,3.0,3.0,35.0,256.0,우유,https://ediya.com/contents/drink.html,2026-08-11,True,True,,,,,
이디야,(EX) HOT 얼그레이,음료,16.0,1.0,0.0,0.0,0.0,복숭아,https://ediya.com/contents/drink.html,2026-08-11,True,True,,,,,
이디야,(EX) 초콜릿 칩 플랫치노,음료,621.0,10.0,20.0,73.0,271.0,우유|대두,https://ediya.com/contents/drink.html,2026-08-11,True,True,,,,,
이디야,(EX) 에스프레소 쉐이크,음료,582.0,9.0,28.0,50.0,617.0,우유|대두,https://ediya.com/contents/drink.html,2026-08-11,True,True,,,,,
이디야,(EX) HOT 레몬차,음료,323.0,0.0,0.0,65.0,14.0,,https://ediya.com/contents/drink.html,2026-08-11,True,False,,,,,
이디야,(L) HOT 고구마 라떼,음료,344.0,11.0,8.0,40.0,214.0,우유,https://ediya.com/contents/drink.html,2026-08-11,True,True,,,,,
이디야,(EX) 콜드브루,음료,15.0,1.0,0.0,0.0,6.0,,https://ediya.com/contents/drink.html,2026-08-11,True,False,,,,,
이디야,(L) ICED 토피넛 라떼,음료,270.0,8.0,9.0,24.0,151.0,우유|대두|밀,https://ediya.com/contents/drink.html,2026-08-11,True,True,,,,,
이디야,(L) 샹그리아 에이드,음료,169.0,0.0,0.0,35.0,14.0,,https://ediya.com/contents/drink.html,2026-08-11,True,False,,,,,
이디야,(L) 민트 초콜릿칩 플랫치노,음료,580.0,9.0,20.0,73.0,199.0,우유|대두,https://ediya.com/contents/drink.html,2026-08-11,True,True,,,,,
이디야,(L) ICED 카페 라떼,음료,137.0,6.0,5.0,10.0,98.0,우유,https://ediya.com/contents/drink.html,2026-08-11,True,True,,,,,
이디야,(EX) 초코쿠키 쉐이크,음료,706.0,11.0,31.0,57.0,705.0,우유|대두|밀,https://ediya.com/contents/drink.html,2026-08-11,True,True,,,,,
이디야,(L) 초콜릿 칩 플랫치노,음료,505.0,8.0,19.0,56.0,197.0,우유|대두,https://ediya.com/contents/drink.html,2026-08-11,True,True,,,,,
이디야,(EX) ICED 토피넛 라떼,음료,376.0,11.0,12.0,34.0,204.0,우유|대두|밀,https://ediya.com/contents/drink.html,2026-08-11,True,True,,,,,
이디야,(EX) ICED 제로슈가 달달커피,음료,227.0,2.0,15.0,0.0,55.0,우유,https://ediya.com/contents/drink.html,2026-08-11,True,True,,,,,
이디야,(EX) HOT 생강차,음료,339.0,1.0,0.0,72.0,25.0,,https://ediya.com/contents/drink.html,2026-08-11,True,False,,,,,
이디야,(EX) ICED 복분자 뱅쇼,음료,295.0,0.0,0.0,57.0,23.0,,https://ediya.com/contents/drink.html,2026-08-11,True,False,,,,,
이디야,(EX) HOT 카페 라떼,음료,311.0,15.0,10.0,22.0,223.0,우유,https://ediya.com/contents/drink.html,2026-08-11,True,True,,,,,
이디야,(L) HOT 카푸치노,음료,141.0,6.0,5.0,10.0,99.0,우유,https://ediya.com/contents/drink.html,2026-08-11,True,True,,,,,
이디야,(L) ICED 흑당 라떼,음료,315.0,6.0,5.0,46.0,121.0,우유|아황산류,https://ediya.com/contents/drink.html,2026-08-11,True,True,,,,,
이디야,(L) HOT 카페 라떼,음료,210.0,10.0,7.0,15.0,155.0,우유,https://ediya.com/contents/drink.html,2026-08-11,True,True,,,,,
이디야,(EX) 민트 초콜릿칩 플랫치노,음료,738.0,12.0,21.0,100.0,272.0,우유|대두,https://ediya.com/contents/drink.html,2026-08-11,True,True,,,,,
이디야,(EX) HOT 쌍화차,음료,318.0,1.0,0.0,46.0,214.0,,https://ediya.com/contents/drink.html,2026-08-11,True,False,,,,,
이디야,(EX) HOT 카푸치노,음료,203.0,9.0,7.0,14.0,144.0,우유,https://ediya.com/contents/drink.html,2026-08-11,True,True,,,,,
이디야,(EX) HOT 페퍼민트,음료,15.0,1.0,0.0,0.0,6.0,,https://ediya.com/contents/drink.html,2026-08-11,True,False,,,,,
이디야,(EX) ICED 흑당 라떼,음료,430.0,8.0,6.0,65.0,157.0,우유|아황산류,https://ediya.com/contents/drink.html,2026-08-11,True,True,,,,,
이디야,(L) ICED 제로슈가 아샷추 복숭아,음료,40.0,1.0,0.0,0.0,1.0,복숭아,https://ediya.com/contents/drink.html,2026-08-11,True,True,,,,,
이디야,(L) ICED 제로슈가 달달커피,음료,151.0,1.0,10.0,0.0,36.0,우유,https://ediya.com/contents/drink.html,2026-08-11,True,True,,,,,
이디야,(EX) ICED 민트 모카,음료,470.0,10.0,15.0,52.0,203.0,우유|대두,https://ediya.com/contents/drink.html,2026-08-11,True,True,,,,,
이디야,(L) ICED 버블 흑당 라떼,음료,416.0,6.0,4.0,50.0,121.0,우유|아황산류,https://ediya.com/contents/drink.html,2026-08-11,True,True,,,,,
이디야,(L) HOT 연유 카페 라떼,음료,374.0,12.0,8.0,45.0,176.0,우유|대두,https://ediya.com/contents/drink.html,2026-08-11,True,True,,,,,
이디야,(L) HOT 복분자 뱅쇼,음료,228.0,0.0,0.0,43.0,18.0,,https://ediya.com/contents/drink.html,2026-08-11,True,False,,,,,
이디야,(L) 키위케일샐러리클렌즈주스,음료,139.0,0.0,0.0,31.0,14.0,,https://ediya.com/contents/drink.html,2026-08-11,True,False,,,,,
이디야,(EX) ICED 카페 아메리카노,음료,24.0,1.0,0.0,0.0,0.0,,https://ediya.com/contents/drink.html,2026-08-11,True,False,,,,,
이디야,(L) HOT 얼그레이,음료,8.0,1.0,0.0,0.0,0.0,복숭아,https://ediya.com/contents/drink.html,2026-08-11,True,True,,,,,
이디야,(L) 자몽 포멜로 에이드,음료,199.0,1.0,0.0,44.0,14.0,대두,https://ediya.com/contents/drink.html,2026-08-11,True,True,,,,,
이디야,(EX) ICED 버블 흑당 라떼,음료,652.0,8.0,5.0,73.0,172.0,우유|아황산류,https://ediya.com/contents/drink.html,2026-08-11,True,True,,,,,
이디야,(EX) ICED 얼그레이,음료,16.0,1.0,0.0,0.0,0.0,복숭아,https://ediya.com/contents/drink.html,2026-08-11,True,True,,,,,
이디야,(L) 사과당근클렌즈주스,음료,123.0,0.0,0.0,21.0,52.0,,https://ediya.com/contents/drink.html,2026-08-11,True,False,,,,,
이디야,(EX) 감귤 레몬 에이드,음료,244.0,1.0,0.0,51.0,57.0,복숭아,https://ediya.com/contents/drink.html,2026-08-11,True,True,,,,,
이디야,(EX) 블루베리바나나주스,음료,508.0,12.0,7.0,76.0,160.0,우유|대두,https://ediya.com/contents/drink.html,2026-08-11,True,True,,,,,
이디야,(EX) HOT 자몽차,음료,321.0,1.0,0.0,67.0,7.0,,https://ediya.com/contents/drink.html,2026-08-11,True,False,,,,,
이디야,(EX) ICED 로열 밀크티,음료,346.0,8.0,6.0,52.0,135.0,우유,https://ediya.com/contents/drink.html,2026-08-11,True,True,,,,,
이디야,(EX) 샹그리아 에이드,음료,263.0,0.0,0.0,56.0,20.0,,https://ediya.com/contents/drink.html,2026-08-11,True,False,,,,,
이디야,(EX) 망고바나나주스,음료,574.0,12.0,7.0,95.0,158.0,우유,https://ediya.com/contents/drink.html,2026-08-11,True,True,,,,,
이디야,(L) 딸기 듬뿍 라떼,음료,262.0,6.0,4.0,44.0,88.0,우유,https://ediya.com/contents/drink.html,2026-08-11,True,True,,,,,
이디야,(EX) 아샷추 복숭아,음료,334.0,0.0,0.0,78.0,24.0,복숭아,https://ediya.com/contents/drink.html,2026-08-11,True,True,,,,,
이디야,(EX) 딸기 듬뿍 라떼,음료,354.0,7.0,5.0,61.0,114.0,우유,https://ediya.com/contents/drink.html,2026-08-11,True,True,,,,,
이디야,(EX) ICED 카페 라떼,음료,175.0,8.0,6.0,12.0,124.0,우유,https://ediya.com/contents/drink.html,2026-08-11,True,True,,,,,
이디야,(L) ICED 로열 밀크티,음료,250.0,6.0,5.0,36.0,105.0,우유,https://ediya.com/contents/drink.html,2026-08-11,True,True,,,,,
이디야,(EX) ICED 페퍼민트,음료,15.0,1.0,0.0,0.0,6.0,,https://ediya.com/contents/drink.html,2026-08-11,True,False,,,,,
이디야,(L) ICED 복분자 뱅쇼,음료,228.0,0.0,0.0,43.0,18.0,,https://ediya.com/contents/drink.html,2026-08-11,True,False,,,,,
이디야,(L) 망고주스,음료,302.0,2.0,0.0,68.0,3.0,,https://ediya.com/contents/drink.html,2026-08-11,True,False,,,,,
이디야,(컵)소프트 아이스크림,음료,224.0,4.0,6.0,16.0,70.0,계란|우유,https://ediya.com/contents/drink.html,2026-08-11,True,True,,,,,
이디야,(L) ICED 쌍화차,음료,244.0,1.0,0.0,36.0,161.0,,https://ediya.com/contents/drink.html,2026-08-11,True,False,,,,,
이디야,(EX) ICED 쌍화차,음료,318.0,1.0,0.0,46.0,214.0,,https://ediya.com/contents/drink.html,2026-08-11,True,False,,,,,
이디야,(L) ICED 달달커피,음료,278.0,1.0,6.0,27.0,8.0,우유,https://ediya.com/contents/drink.html,2026-08-11,True,True,,,,,
이디야,(L) 머스캣 모히또 에이드,음료,159.0,0.0,0.0,38.0,9.0,,https://ediya.com/contents/drink.html,2026-08-11,True,True,,,,,
이디야,(L) 감귤 레몬 에이드,음료,156.0,0.0,0.0,32.0,38.0,복숭아,https://ediya.com/contents/drink.html,2026-08-11,True,True,,,,,
이디야,(EX) ICED 레몬차,음료,323.0,0.0,0.0,65.0,14.0,,https://ediya.com/contents/drink.html,2026-08-11,True,False,,,,,
이디야,(L) 유자몽 플랫치노,음료,325.0,1.0,0.0,71.0,15.0,,https://ediya.com/contents/drink.html,2026-08-11,True,False,,,,,
이디야,(L) 아이스크림 카페라떼,음료,318.0,8.0,8.0,31.0,127.0,계란|우유,https://ediya.com/contents/drink.html,2026-08-11,True,True,,,,,
이디야,(EX) 토피넛 플랫치노,음료,577.0,10.0,16.0,67.0,213.0,우유|대두|밀,https://ediya.com/contents/drink.html,2026-08-11,True,True,,,,,
이디야,(L) ICED 생강차,음료,241.0,0.0,0.0,51.0,19.0,,https://ediya.com/contents/drink.html,2026-08-11,True,False,,,,,
이디야,(L) 콜드브루 라떼,음료,156.0,7.0,5.0,11.0,117.0,우유,https://ediya.com/contents/drink.html,2026-08-11,True,True,,,,,
이디야,(EX) 망고주스,음료,460.0,2.0,0.0,106.0,6.0,,https://ediya.com/contents/drink.html,2026-08-11,True,False,,,,,
이디야,(L) HOT 로열 밀크티,음료,325.0,10.0,7.0,42.0,163.0,우유,https://ediya.com/contents/drink.html,2026-08-11,True,True,,,,,
이디야,(EX) HOT 미숫가루 라떼,음료,524.0,19.0,12.0,31.0,357.0,우유|대두|밀,https://ediya.com/contents/drink.html,2026-08-11,True,True,,,,,
이디야,이디야 콤부차 복숭아 망고,음료,142.0,0.0,0.0,32.0,0.0,복숭아,https://ediya.com/contents/drink.html,2026-08-11,True,True,,,,,
이디야,(L) ICED 카푸치노,음료,140.0,6.0,5.0,10.0,98.0,우유,https://ediya.com/contents/drink.html,2026-08-11,True,True,,,,,
이디야,(L) ICED 카페 아메리카노,음료,11.0,0.0,0.0,0.0,0.0,,https://ediya.com/contents/drink.html,2026-08-11,True,True,,,,,
이디야,(L) 연유 콜드브루,음료,313.0,9.0,6.0,41.0,136.0,우유|대두,https://ediya.com/contents/drink.html,2026-08-11,True,True,,,,,
이디야,(EX) HOT 유자차,음료,315.0,1.0,0.0,66.0,7.0,,https://ediya.com/contents/drink.html,2026-08-11,True,False,,,,,
이디야,(EX) HOT 로열 밀크티,음료,476.0,14.0,11.0,62.0,235.0,우유,https://ediya.com/contents/drink.html,2026-08-11,True,True,,,,,
이디야,(EX) 딸기주스,음료,332.0,1.0,0.0,80.0,16.0,,https://ediya.com/contents/drink.html,2026-08-11,True,False,,,,,
이디야,이디야 콤부차 청포도 레몬,음료,142.0,3.0,0.0,32.0,0.0,,https://ediya.com/contents/drink.html,2026-08-11,True,False,,,,,
이디야,(L) HOT 배모과차,음료,184.0,0.0,0.0,41.0,16.0,,https://ediya.com/contents/drink.html,2026-08-11,True,False,,,,,
이디야,(EX) 키위케일샐러리클렌즈주스,음료,185.0,0.0,0.0,41.0,19.0,,https://ediya.com/contents/drink.html,2026-08-11,True,False,,,,,
이디야,(L) 아샷추 복숭아,음료,252.0,0.0,0.0,59.0,18.0,복숭아,https://ediya.com/contents/drink.html,2026-08-11,True,True,,,,,
이디야,(L) ICED 유자차,음료,223.0,0.0,0.0,46.0,5.0,,https://ediya.com/contents/drink.html,2026-08-11,True,False,,,,,
이디야,(L) 복숭아 아이스티,음료,247.0,0.0,0.0,59.0,18.0,복숭아,https://ediya.com/contents/drink.html,2026-08-11,True,True,,,,,
이디야,이디야키즈 뽀로로 오렌지,음료,45.0,0.0,0.0,9.0,10.0,,https://ediya.com/contents/drink.html,2026-08-11,True,False,,,,,
이디야,팝핑캔디,음료,33.0,0.0,0.0,8.0,1.0,우유,https://ediya.com/contents/drink.html,2026-08-11,True,True,,,,,
이디야,초코쿠키 아이스크림,음료,278.0,4.0,7.0,22.0,101.0,계란|우유|대두|밀,https://ediya.com/contents/drink.html,2026-08-11,True,True,,,,,
이디야,(L) HOT 레몬차,음료,229.0,0.0,0.0,46.0,10.0,,https://ediya.com/contents/drink.html,2026-08-11,True,False,,,,,
이디야,이디야키즈 뽀로로 사과매실,음료,45.0,0.0,0.0,9.0,15.0,,https://ediya.com/contents/drink.html,2026-08-11,True,False,,,,,
이디야,(L) 아망추 복숭아,음료,247.0,0.0,0.0,59.0,18.0,복숭아,https://ediya.com/contents/drink.html,2026-08-11,True,True,,,,,
이디야,(EX) 꿀복숭아 에이드,음료,288.0,1.0,0.0,62.0,24.0,복숭아,https://ediya.com/contents/drink.html,2026-08-11,True,True,,,,,
이디야,(EX) ICED 카푸치노,음료,186.0,9.0,6.0,12.0,124.0,우유,https://ediya.com/contents/drink.html,2026-08-11,True,True,,,,,
이디야,(L) HOT 쌍화차,음료,244.0,1.0,0.0,36.0,161.0,,https://ediya.com/contents/drink.html,2026-08-11,True,False,,,,,
이디야,(EX) 콜드브루 라떼,음료,214.0,10.0,7.0,15.0,160.0,우유,https://ediya.com/contents/drink.html,2026-08-11,True,True,,,,,
이디야,(EX) HOT 화이트 초콜릿,음료,634.0,15.0,21.0,79.0,335.0,우유|대두,https://ediya.com/contents/drink.html,2026-08-11,True,True,,,,,
이디야,이디야 감귤&한라봉 주스,음료,108.0,2.0,0.3,22.0,12.0,복숭아,https://ediya.com/contents/drink.html,2026-08-11,True,True,,,,,
이디야,이디야키즈 뽀로로 포도블루베리,음료,45.0,0.0,0.0,9.0,10.0,,https://ediya.com/contents/drink.html,2026-08-11,True,False,,,,,
이디야,냉동 바나나,음료,43.0,1.0,0.0,7.0,0.0,,https://ediya.com/contents/drink.html,2026-08-11,True,False,,,,,
이디야,(EX) ICED 달달커피,음료,471.0,2.0,9.0,41.0,13.0,우유,https://ediya.com/contents/drink.html,2026-08-11,True,True,,,,,
이디야,(L) HOT 초콜릿,음료,438.0,11.0,18.0,40.0,249.0,우유|대두,https://ediya.com/contents/drink.html,2026-08-11,True,True,,,,,
이디야,(EX) 유자몽 플랫치노,음료,500.0,1.0,0.0,109.0,22.0,,https://ediya.com/contents/drink.html,2026-08-11,True,False,,,,,
이디야,냉동 자몽,음료,29.0,0.0,0.0,4.0,0.0,,https://ediya.com/contents/drink.html,2026-08-11,True,False,,,,,
이디야,(L) ICED 레몬차,음료,229.0,0.0,0.0,46.0,10.0,,https://ediya.com/contents/drink.html,2026-08-11,True,False,,,,,
이디야,아몬드슬라이스,음료,59.0,3.0,0.0,0.0,0.0,,https://ediya.com/contents/drink.html,2026-08-11,True,False,,,,,
이디야,냉동망고,음료,52.0,1.0,0.0,11.0,0.0,,https://ediya.com/contents/drink.html,2026-08-11,True,False,,,,,
이디야,사양꿀,음료,49.0,0.0,0.0,8.0,0.0,,https://ediya.com/contents/drink.html,2026-08-11,True,False,,,,,
이디야,딸기 과육,음료,34.0,0.0,0.0,8.0,1.0,,https://ediya.com/contents/drink.html,2026-08-11,True,False,,,,,
이디야,(L) 아이스크림 딸기 라떼,음료,402.0,8.0,8.0,54.0,129.0,계란|우유,https://ediya.com/contents/drink.html,2026-08-11,True,True,,,,,
이디야,(L) ICED 초콜릿,음료,378.0,8.0,16.0,35.0,203.0,우유|대두,https://ediya.com/contents/drink.html,2026-08-11,True,True,,,,,
이디야,(EX) ICED 화이트 초콜릿,음료,518.0,10.0,17.0,70.0,245.0,우유|대두,https://ediya.com/contents/drink.html,2026-08-11,True,True,,,,,
이디야,(L) HOT 토피넛 라떼,음료,343.0,12.0,12.0,30.0,208.0,우유|대두|밀,https://ediya.com/contents/drink.html,2026-08-11,True,True,,,,,
이디야,연유,음료,49.0,1.0,0.0,8.0,11.0,우유|대두,https://ediya.com/contents/drink.html,2026-08-11,True,True,,,,,
이디야,이디야 콤부차 석류애플라임,음료,126.0,0.0,0.0,28.0,0.0,,https://ediya.com/contents/drink.html,2026-08-11,True,False,,,,,
이디야,카라멜 소스,음료,30.0,0.0,0.0,7.0,40.0,우유|대두,https://ediya.com/contents/drink.html,2026-08-11,True,True,,,,,
이디야,(EX) 아망추 복숭아,음료,329.0,0.0,0.0,78.0,24.0,복숭아,https://ediya.com/contents/drink.html,2026-08-11,True,True,,,,,
이디야,(EX) ICED 제로슈가 아샷추 복숭아,음료,60.0,1.0,0.0,0.0,1.0,복숭아,https://ediya.com/contents/drink.html,2026-08-11,True,True,,,,,
이디야,(L) HOT 달달커피,음료,278.0,1.0,6.0,27.0,8.0,우유,https://ediya.com/contents/drink.html,2026-08-11,True,True,,,,,
이디야,(L) HOT 화이트 초콜릿,음료,465.0,10.0,18.0,55.0,233.0,우유|대두,https://ediya.com/contents/drink.html,2026-08-11,True,True,,,,,
이디야,(L) ICED 달고나 라떼,음료,349.0,7.0,5.0,51.0,159.0,우유,https://ediya.com/contents/drink.html,2026-08-11,True,True,,,,,
이디야,블루베리 시럽,음료,41.0,0.0,0.0,9.0,0.0,우유|대두,https://ediya.com/contents/drink.html,2026-08-11,True,True,,,,,
이디야,(EX) ICED 미숫가루 라떼,음료,427.0,14.0,8.0,23.0,281.0,우유|대두|밀,https://ediya.com/contents/drink.html,2026-08-11,True,True,,,,,
이디야,냉동블루베리,음료,7.0,0.0,0.0,1.0,1.0,,https://ediya.com/contents/drink.html,2026-08-11,True,False,,,,,
이디야,초코 시럽,음료,27.0,0.0,0.0,5.0,8.0,,https://ediya.com/contents/drink.html,2026-08-11,True,False,,,,,
이디야,그래놀라,음료,60.0,1.0,2.0,2.0,10.0,,https://ediya.com/contents/drink.html,2026-08-11,True,False,,,,,
이디야,(EX) 블루베리주스,음료,438.0,11.0,7.0,64.0,166.0,우유|대두,https://ediya.com/contents/drink.html,2026-08-11,True,True,,,,,
이디야,(EX) HOT 고구마 라떼,음료,505.0,15.0,11.0,58.0,312.0,우유,https://ediya.com/contents/drink.html,2026-08-11,True,True,,,,,
이디야,(EX) HOT 초콜릿,음료,578.0,16.0,21.0,54.0,351.0,우유|대두,https://ediya.com/contents/drink.html,2026-08-11,True,True,,,,,
이디야,딸기쿠키 아이스크림,음료,271.0,4.0,6.0,23.0,86.0,계란|우유|대두|밀,https://ediya.com/contents/drink.html,2026-08-11,True,True,,,,,
이디야,브라운쿠키크럼블,음료,57.0,1.0,1.0,3.0,30.0,대두|밀|땅콩,https://ediya.com/contents/drink.html,2026-08-11,True,True,,,,,
이디야,멜로우 초코,음료,287.0,7.0,2.0,48.0,103.0,우유|대두|밀|돼지고기,https://ediya.com/contents/drink.html,2026-08-11,True,True,,,,,
이디야,치즈케익큐브,음료,53.0,1.0,2.0,3.0,48.0,계란|우유|돼지고기,https://ediya.com/contents/drink.html,2026-08-11,True,True,,,,,
이디야,(EX) HOT 복분자 뱅쇼,음료,295.0,0.0,0.0,57.0,23.0,,https://ediya.com/contents/drink.html,2026-08-11,True,False,,,,,
이디야,이디야 사과주스,음료,115.0,0.0,0.0,27.0,20.0,,https://ediya.com/contents/drink.html,2026-08-11,True,False,,,,,
이디야,(EX) HOT 토피넛 라떼,음료,504.0,17.0,17.0,44.0,303.0,우유|대두|밀,https://ediya.com/contents/drink.html,2026-08-11,True,True,,,,,
이디야,(L) ICED 제로슈가 아이스티 복숭아,음료,35.0,1.0,0.0,0.0,0.0,복숭아,https://ediya.com/contents/drink.html,2026-08-11,True,True,,,,,
이디야,인절미,음료,92.0,2.0,0.0,2.0,93.0,대두,https://ediya.com/contents/drink.html,2026-08-11,True,True,,,,,
이디야,(L) 블루베리주스,음료,299.0,8.0,5.0,42.0,122.0,우유|대두,https://ediya.com/contents/drink.html,2026-08-11,True,True,,,,,
이디야,(L) ICED 배모과차,음료,184.0,0.0,0.0,41.0,16.0,,https://ediya.com/contents/drink.html,2026-08-11,True,False,,,,,
이디야,(L) ICED 화이트 초콜릿,음료,403.0,7.0,15.0,50.0,186.0,우유|대두,https://ediya.com/contents/drink.html,2026-08-11,True,True,,,,,
이디야,(EX) ICED 달고나 라떼,음료,460.0,9.0,7.0,66.0,203.0,우유,https://ediya.com/contents/drink.html,2026-08-11,True,True,,,,,
이디야,블랙쿠키분태,음료,47.0,1.0,1.0,3.0,29.0,대두|밀,https://ediya.com/contents/drink.html,2026-08-11,True,True,,,,,
이디야,타피오카펄,음료,121.0,0.0,0.0,5.0,15.0,,https://ediya.com/contents/drink.html,2026-08-11,True,False,,,,,
이디야,카라멜 크런치,음료,323.0,9.0,1.0,44.0,131.0,우유|대두|밀|땅콩,https://ediya.com/contents/drink.html,2026-08-11,True,True,,,,,
이디야,(L) 말차 초코 쉐이크,음료,435.0,8.0,11.0,56.0,307.0,우유|대두,https://ediya.com/contents/drink.html,2026-08-11,True,True,,,,,
이디야,(L) ICED 고구마 라떼,음료,292.0,8.0,6.0,35.0,173.0,우유,https://ediya.com/contents/drink.html,2026-08-11,True,True,,,,,
이디야,(EX) ICED 초콜릿,음료,464.0,11.0,17.0,45.0,262.0,우유|대두,https://ediya.com/contents/drink.html,2026-08-11,True,True,,,,,
이디야,복숭아 베이스,음료,43.0,0.0,0.0,9.0,5.0,복숭아,https://ediya.com/contents/drink.html,2026-08-11,True,True,,,,,
이디야,(EX)자몽 포멜로 에이드,음료,309.0,1.0,0.0,69.0,20.0,대두,https://ediya.com/contents/drink.html,2026-08-11,True,True,,,,,
이디야,생초콜릿,음료,91.0,1.0,5.0,7.0,3.0,우유|대두,https://ediya.com/contents/drink.html,2026-08-11,True,True,,,,,
이디야,(L) 콜드브루,음료,10.0,0.0,0.0,0.0,4.0,,https://ediya.com/contents/drink.html,2026-08-11,True,False,,,,,
이디야,(L) ICED 얼그레이,음료,8.0,1.0,0.0,0.0,0.0,복숭아,https://ediya.com/contents/drink.html,2026-08-11,True,True,,,,,
이디야,든든 베리 망고,음료,337.0,7.0,2.0,57.0,72.0,우유|대두,https://ediya.com/contents/drink.html,2026-08-11,True,True,,,,,
이디야,(EX) 딸기 요거트 플랫치노,음료,842.0,7.0,5.0,116.0,119.0,우유,https://ediya.com/contents/drink.html,2026-08-11,True,True,,,,,
이디야,(EX) 꿀복숭아 요거트 플랫치노,음료,889.0,7.0,5.0,120.0,130.0,우유|복숭아,https://ediya.com/contents/drink.html,2026-08-11,True,True,,,,,
이디야,(L) 딸기 요거트 플랫치노,음료,534.0,5.0,4.0,69.0,87.0,우유,https://ediya.com/contents/drink.html,2026-08-11,True,True,,,,,
이디야,꿀인절미 아이스크림,음료,293.0,4.0,6.0,22.0,104.0,계란|우유|대두|밀,https://ediya.com/contents/drink.html,2026-08-11,True,True,,,,,
이디야,(EX) 딸기바나나주스,음료,501.0,11.0,7.0,82.0,164.0,우유,https://ediya.com/contents/drink.html,2026-08-11,True,True,,,,,
이디야,(EX) ICED 자몽차,음료,321.0,1.0,0.0,67.0,7.0,,https://ediya.com/contents/drink.html,2026-08-11,True,False,,,,,
이디야,(EX) 복숭아 아이스티,음료,329.0,0.0,0.0,78.0,24.0,복숭아,https://ediya.com/contents/drink.html,2026-08-11,True,True,,,,,
이디야,(L) HOT 민트 초콜릿,음료,457.0,12.0,18.0,46.0,236.0,우유|대두,https://ediya.com/contents/drink.html,2026-08-11,True,True,,,,,
이디야,초코쉘,음료,149.0,1.0,9.0,9.0,13.0,대두,https://ediya.com/contents/drink.html,2026-08-11,True,True,,,,,
이디야,(EX) HOT 배모과차,음료,263.0,0.0,0.0,59.0,22.0,,https://ediya.com/contents/drink.html,2026-08-11,True,False,,,,,
이디야,(L) ICED 자몽차,음료,228.0,0.0,0.0,47.0,5.0,,https://ediya.com/contents/drink.html,2026-08-11,True,False,,,,,
이디야,(L) 꿀복숭아 에이드,음료,185.0,0.0,0.0,39.0,17.0,복숭아,https://ediya.com/contents/drink.html,2026-08-11,True,True,,,,,
이디야,허니 치즈 그래놀라,음료,339.0,8.0,4.0,46.0,120.0,계란|우유|돼지고기,https://ediya.com/contents/drink.html,2026-08-11,True,True,,,,,
이디야,(L) 꿀복숭아 요거트 플랫치노,음료,596.0,6.0,4.0,79.0,96.0,우유|복숭아,https://ediya.com/contents/drink.html,2026-08-11,True,True,,,,,
이디야,(L) 플레인 요거트 플랫치노,음료,443.0,5.0,4.0,46.0,82.0,우유,https://ediya.com/contents/drink.html,2026-08-11,True,True,,,,,
이디야,팥,음료,85.0,2.0,0.0,13.0,20.0,,https://ediya.com/contents/drink.html,2026-08-11,True,False,,,,,
이디야,아몬드시리얼,음료,34.0,1.0,0.0,1.0,23.0,대두,https://ediya.com/contents/drink.html,2026-08-11,True,True,,,,,
이디야,(L) ICED 민트 초콜릿,음료,395.0,9.0,16.0,41.0,188.0,우유|대두,https://ediya.com/contents/drink.html,2026-08-11,True,True,,,,,
이디야,초콜릿칩,음료,107.0,1.0,5.0,12.0,0.0,우유|대두,https://ediya.com/contents/drink.html,2026-08-11,True,True,,,,,
이디야,(EX) ICED 제로슈가 아이스티 복숭아,음료,52.0,1.0,0.0,0.0,1.0,복숭아,https://ediya.com/contents/drink.html,2026-08-11,True,True,,,,,
이디야,(L) ICED 미숫가루 라떼,음료,322.0,11.0,6.0,17.0,212.0,우유|대두|밀,https://ediya.com/contents/drink.html,2026-08-11,True,True,,,,,
이디야,달고나 분태,음료,44.0,0.0,0.0,9.0,20.0,,https://ediya.com/contents/drink.html,2026-08-11,True,False,,,,,
이디야,(EX) 밀크 쉐이크,음료,566.0,9.0,28.0,50.0,617.0,우유|대두,https://ediya.com/contents/drink.html,2026-08-11,True,True,,,,,
이디야,(L) HOT 미숫가루 라떼,음료,372.0,13.0,8.0,21.0,251.0,우유|대두|밀,https://ediya.com/contents/drink.html,2026-08-11,True,True,,,,,
이디야,(L) 밀크 쉐이크,음료,390.0,6.0,19.0,34.0,421.0,우유|대두,https://ediya.com/contents/drink.html,2026-08-11,True,True,,,,,
이디야,(L) 꿀복숭아 플랫치노,음료,307.0,0.0,0.0,65.0,28.0,복숭아,https://ediya.com/contents/drink.html,2026-08-11,True,True,,,,,
이디야,유산균 마시멜로우,음료,16.0,0.0,0.0,3.0,1.0,우유|대두|돼지고기,https://ediya.com/contents/drink.html,2026-08-11,True,True,,,,,
이디야,(L) 딸기바나나주스,음료,390.0,8.0,6.0,65.0,121.0,우유,https://ediya.com/contents/drink.html,2026-08-11,True,True,,,,,
이디야,햄 치즈 샌드위치,베이커리,210.0,7.0,4.0,6.0,355.0,계란|우유|대두|밀|돼지고기|닭고기,https://ediya.com/contents/bakery.html,2026-08-11,True,True,,,,,
이디야,에그 포테이토 샌드위치,베이커리,180.0,4.0,3.0,8.0,235.0,계란|우유|대두|밀,https://ediya.com/contents/bakery.html,2026-08-11,True,True,,,,,
이디야,딸기 샌드위치,베이커리,194.0,3.0,2.0,17.0,165.0,우유|대두|밀,https://ediya.com/contents/bakery.html,2026-08-11,True,True,,,,,
이디야,땅콩 샌드위치,베이커리,240.0,6.0,5.0,7.0,230.0,우유|대두|밀|땅콩,https://ediya.com/contents/bakery.html,2026-08-11,True,True,,,,,
이디야,바스크치즈케이크,베이커리,306.0,6.0,13.0,13.0,170.0,계란|우유|아황산류,https://ediya.com/contents/bakery.html,2026-08-11,True,True,,,,,
이디야,현미 소불고기볶음밥,베이커리,420.0,16.0,2.0,8.0,830.0,우유|대두|밀|돼지고기|쇠고기|닭고기|토마토,https://ediya.com/contents/bakery.html,2026-08-11,True,True,,,,,
이디야,크림 퐁듀 김치볶음밥,베이커리,505.0,10.0,5.0,3.0,1115.0,우유|대두|밀|새우|쇠고기|닭고기,https://ediya.com/contents/bakery.html,2026-08-11,True,True,,,,,
이디야,저당 오리지널 떡볶이,베이커리,494.0,8.0,1.0,2.0,1289.0,우유|대두|밀|돼지고기|쇠고기|닭고기|토마토|아황산류|조개류,https://ediya.com/contents/bakery.html,2026-08-11,True,True,,,,,
이디야,저당 짜장 떡볶이,베이커리,495.0,9.0,1.0,3.0,1105.0,우유|대두|밀|돼지고기|쇠고기|닭고기|토마토|아황산류|조개류,https://ediya.com/contents/bakery.html,2026-08-11,True,True,,,,,
이디야,저당 마라로제 떡볶이,베이커리,495.0,11.0,2.0,3.0,1190.0,우유|대두|밀|돼지고기|쇠고기|닭고기|토마토|아황산류|조개류,https://ediya.com/contents/bakery.html,2026-08-11,True,True,,,,,
이디야,멕시칸타코 베이글칩,베이커리,313.0,6.0,7.0,6.0,400.0,우유|대두|밀|토마토,https://ediya.com/contents/bakery.html,2026-08-11,True,True,,,,,
이디야,불닭 베이글칩,베이커리,317.0,6.0,7.0,6.0,395.0,우유|대두|밀|닭고기,https://ediya.com/contents/bakery.html,2026-08-11,True,True,,,,,
이디야,미니말차크런치,베이커리,517.0,4.7,7.0,18.0,115.0,우유|밀,https://ediya.com/contents/bakery.html,2026-08-11,True,True,,,,,
이디야,미니코코크런치,베이커리,530.0,4.6,10.0,19.0,140.0,우유|대두|밀,https://ediya.com/contents/bakery.html,2026-08-11,True,True,,,,,
이디야,미니프레첼 볶음양념맛,베이커리,320.0,6.0,5.0,3.0,560.0,우유|대두|밀|새우|쇠고기|닭고기|토마토|오징어|조개류,https://ediya.com/contents/bakery.html,2026-08-11,True,True,,,,,
이디야,저당 제육 단백 브리또,베이커리,320.0,13.0,3.2,2.4,570.0,우유|대두|밀|돼지고기|쇠고기|조개류,https://ediya.com/contents/bakery.html,2026-08-11,True,True,,,,,
이디야,저당 찜닭 단백브리또,베이커리,315.0,15.0,2.2,1.0,530.0,계란|우유|대두|밀|쇠고기|닭고기|토마토|아황산류|조개류,https://ediya.com/contents/bakery.html,2026-08-11,True,True,,,,,
이디야,두쫀쿠,베이커리,181.0,2.0,3.0,8.0,158.0,계란|우유|대두|밀,https://ediya.com/contents/bakery.html,2026-08-11,True,True,,,,,
이디야,초코프레첼 미니,베이커리,213.0,4.0,5.0,10.0,340.0,우유|대두|밀,https://ediya.com/contents/bakery.html,2026-08-11,True,True,,,,,
이디야,고구마 말랭이,베이커리,170.0,1.0,0.0,22.0,25.0,,https://ediya.com/contents/bakery.html,2026-08-11,True,False,,,,,
이디야,떠먹는 티라미수,베이커리,296.0,3.0,10.0,14.0,103.0,계란|우유|대두|밀|돼지고기|쇠고기|아황산류,https://ediya.com/contents/bakery.html,2026-08-11,True,True,,,,,
이디야,플레인 베이글,베이커리,283.0,11.0,0.5,6.0,290.0,밀,https://ediya.com/contents/bakery.html,2026-08-11,True,True,,,,,
이디야,버터 팬케이크,베이커리,412.0,6.0,6.0,42.0,225.0,계란|우유|대두|밀,https://ediya.com/contents/bakery.html,2026-08-11,True,True,,,,,
이디야,초코렛 청크 쿠키,베이커리,360.0,5.0,10.0,23.0,180.0,계란|우유|대두|밀|아황산류,https://ediya.com/contents/bakery.html,2026-08-11,True,True,,,,,
이디야,화이트초코 마카다미아 쿠키,베이커리,356.0,5.0,8.0,24.0,320.0,계란|우유|대두|밀|아황산류,https://ediya.com/contents/bakery.html,2026-08-11,True,True,,,,,
이디야,펄 슈가 카스테라,베이커리,242.0,6.0,1.2,27.0,150.0,계란|대두|밀,https://ediya.com/contents/bakery.html,2026-08-11,True,True,,,,,
이디야,레몬 아이싱 파운드,베이커리,308.0,4.0,7.0,23.0,153.0,계란|우유|대두|밀,https://ediya.com/contents/bakery.html,2026-08-11,True,True,,,,,
이디야,초코 생크림 케이크,베이커리,242.0,3.0,10.0,16.0,75.0,계란|우유|대두|밀|돼지고기,https://ediya.com/contents/bakery.html,2026-08-11,True,True,,,,,
이디야,우유 생크림 케이크,베이커리,248.0,3.0,11.0,13.0,85.0,계란|우유|대두|밀,https://ediya.com/contents/bakery.html,2026-08-11,True,True,,,,,
이디야,플레인 치즈 스틱케익,베이커리,166.0,3.0,6.0,9.0,75.0,계란|우유|대두|밀,https://ediya.com/contents/bakery.html,2026-08-11,True,True,,,,,
이디야,초코 치즈 스틱 케익,베이커리,199.0,2.0,7.0,15.0,85.0,계란|우유|대두|밀,https://ediya.com/contents/bakery.html,2026-08-11,True,True,,,,,
이디야,쌍쌍 츄로스,베이커리,265.0,3.0,8.0,6.0,270.0,계란|우유|대두|밀,https://ediya.com/contents/bakery.html,2026-08-11,True,True,,,,,
이디야,초코 티라미수 케이크,베이커리,340.0,5.0,16.0,21.0,103.0,계란|우유|대두|밀|돼지고기|아황산류,https://ediya.com/contents/bakery.html,2026-08-11,True,True,,,,,
이디야,수플레 치즈 케이크,베이커리,370.0,8.0,16.0,20.0,280.0,계란|우유|대두|밀,https://ediya.com/contents/bakery.html,2026-08-11,True,True,,,,,
이디야,까르보나라 구운주먹밥,베이커리,211.0,6.0,3.1,2.0,342.0,우유|대두|밀|돼지고기|쇠고기|닭고기,https://ediya.com/contents/bakery.html,2026-08-11,True,True,,,,,
이디야,오리지널 핫 번,베이커리,240.0,4.0,2.1,4.0,190.0,계란|우유|대두|밀|땅콩,https://ediya.com/contents/bakery.html,2026-08-11,True,True,,,,,
이디야,플레인 와플,베이커리,327.0,3.0,9.0,21.0,300.0,계란|우유|대두|밀,https://ediya.com/contents/bakery.html,2026-08-11,True,True,,,,,
이디야,이너츠,베이커리,132.0,3.0,2.0,2.0,0.0,,https://ediya.com/contents/bakery.html,2026-08-11,True,False,,,,,
이디야,데블스 초코 케이크,베이커리,426.0,5.0,17.0,27.0,110.0,계란|우유|대두|밀,https://ediya.com/contents/bakery.html,2026-08-11,True,True,,,,,
이디야,달고나 아이스크림 와플,베이커리,562.0,5.0,15.0,52.0,376.0,계란|우유|대두|밀,https://ediya.com/contents/bakery.html,2026-08-11,True,True,,,,,
이디야,스노우 쿠키슈,베이커리,215.0,3.0,9.0,9.0,180.0,계란|우유|대두|밀,https://ediya.com/contents/bakery.html,2026-08-11,True,True,,,,,
이디야,프레즐,베이커리,250.0,7.0,3.0,5.0,310.0,우유|대두|밀,https://ediya.com/contents/bakery.html,2026-08-11,True,True,,,,,
이디야,소금빵,베이커리,227.8,6.7,4.9,2.0,293.0,우유|밀,https://ediya.com/contents/bakery.html,2026-08-11,True,True,,,,,
이디야,메이플 와플,베이커리,354.0,3.0,9.0,28.0,300.0,계란|우유|대두|밀,https://ediya.com/contents/bakery.html,2026-08-11,True,True,,,,,
이디야,에그 베이컨 과카몰리 샌드위치,베이커리,392.0,18.0,7.0,4.0,855.0,계란|우유|대두|밀|돼지고기|아황산류|조개류,https://ediya.com/contents/bakery.html,2026-08-11,True,True,,,,,
이디야,아이스콘 초코,베이커리,362.0,4.7,15.0,25.0,80.0,우유|대두|밀,https://ediya.com/contents/bakery.html,2026-08-11,True,True,,,,,
이디야,크림치즈 와플,베이커리,415.0,5.0,16.0,22.0,390.0,계란|우유|대두|밀,https://ediya.com/contents/bakery.html,2026-08-11,True,True,,,,,
이디야,페퍼로니 피자 샌드위치,베이커리,398.0,20.0,9.0,3.0,578.0,우유|대두|밀|돼지고기|쇠고기|토마토|조개류,https://ediya.com/contents/bakery.html,2026-08-11,True,True,,,,,
이디야,플레인 크로플,베이커리,265.0,5.0,6.0,8.0,220.0,우유|대두|밀,https://ediya.com/contents/bakery.html,2026-08-11,True,True,,,,,
이디야,크로크 무슈,베이커리,457.0,19.0,4.8,5.0,1020.0,계란|우유|대두|밀|돼지고기,https://ediya.com/contents/bakery.html,2026-08-11,True,True,,,,,
이디야,메이플 넛 브레드,베이커리,850.0,13.0,27.0,39.0,745.0,우유|대두|밀,https://ediya.com/contents/bakery.html,2026-08-11,True,True,,,,,
이디야,크리미피넛 감자쿠키,베이커리,402.0,6.0,9.0,16.0,410.0,우유|대두|밀|땅콩,https://ediya.com/contents/bakery.html,2026-08-11,True,True,,,,,
이디야,잉글리쉬 머핀,베이커리,278.0,13.0,4.2,2.0,770.0,계란|우유|대두|밀|돼지고기|쇠고기|조개류,https://ediya.com/contents/bakery.html,2026-08-11,True,True,,,,,
이디야,허니 카라멜 브레드,베이커리,746.0,9.0,27.0,39.0,824.0,우유|대두|밀,https://ediya.com/contents/bakery.html,2026-08-11,True,True,,,,,
이디야,크리미초코 감자쿠키,베이커리,403.0,6.0,10.0,20.0,430.0,우유|대두|밀,https://ediya.com/contents/bakery.html,2026-08-11,True,True,,,,,
이디야,크루아상,베이커리,260.0,4.0,4.8,3.0,190.0,계란|우유|대두|밀,https://ediya.com/contents/bakery.html,2026-08-11,True,True,,,,,
이디야,대파베이컨 크림치즈 베이글,베이커리,445.0,15.0,8.3,7.0,731.0,계란|우유|대두|밀|돼지고기|닭고기,https://ediya.com/contents/bakery.html,2026-08-11,True,True,,,,,
이디야,생크림 와플,베이커리,397.0,4.0,15.0,25.0,314.0,계란|우유|대두|밀,https://ediya.com/contents/bakery.html,2026-08-11,True,True,,,,,
이디야,매콤 로제 구운주먹밥,베이커리,209.0,5.0,2.2,3.0,518.0,우유|대두|밀|돼지고기|쇠고기|닭고기|토마토|조개류,https://ediya.com/contents/bakery.html,2026-08-11,True,True,,,,,
배스킨라빈스,솔티 조청 뉴욕치즈케이크,아이스크림,301.0,4.0,11.0,23.0,118.0,우유|대두|밀,https://www.baskinrobbins.co.kr/menu/view.php?seq=1124,2026-08-11,True,True,,,,,
배스킨라빈스,비스코프 에스프레소 크런치,아이스크림,297.0,4.0,8.0,25.0,140.0,우유|대두|밀,https://www.baskinrobbins.co.kr/menu/view.php?seq=1123,2026-08-11,True,True,,,,,
배스킨라빈스,산딸기가 끌리는 연유,아이스크림,189.0,2.0,3.1,26.0,38.0,우유,https://www.baskinrobbins.co.kr/menu/view.php?seq=1121,2026-08-11,True,True,,,,,
배스킨라빈스,고무고무 블루베리 마카롱,아이스크림,243.0,3.0,6.0,28.0,67.0,계란|우유,https://www.baskinrobbins.co.kr/menu/view.php?seq=1075,2026-08-11,True,True,,,,,
배스킨라빈스,트로피컬 콜라다,아이스크림,177.0,1.0,1.2,26.0,16.0,우유,https://www.baskinrobbins.co.kr/menu/view.php?seq=1118,2026-08-11,True,True,,,,,
배스킨라빈스,블루 서퍼 비치,아이스크림,277.0,4.0,10.0,19.0,175.0,우유|대두|밀,https://www.baskinrobbins.co.kr/menu/view.php?seq=1076,2026-08-11,True,True,,,,,
배스킨라빈스,훌라훌라 코코넛,아이스크림,248.0,3.0,8.0,27.0,96.0,우유,https://www.baskinrobbins.co.kr/menu/view.php?seq=1119,2026-08-11,True,True,,,,,
배스킨라빈스,바삭한 쫀꾸렛,아이스크림,312.0,5.0,10.0,26.0,144.0,계란|우유|대두|밀,https://www.baskinrobbins.co.kr/menu/view.php?seq=1122,2026-08-11,True,True,,,,,
배스킨라빈스,버즈의 애플 리치 빔,아이스크림,204.0,2.0,2.0,31.0,26.0,우유|대두,https://www.baskinrobbins.co.kr/menu/view.php?seq=1038,2026-08-11,True,True,,,,,
배스킨라빈스,우디의 후르츠 어드벤처,아이스크림,162.0,0.0,0.4,28.0,11.0,우유|복숭아,https://www.baskinrobbins.co.kr/menu/view.php?seq=1037,2026-08-11,True,True,,,,,
배스킨라빈스,두바이에서 온 엄마는 외계인,아이스크림,295.0,5.0,8.0,24.0,153.0,우유|대두|밀,https://www.baskinrobbins.co.kr/menu/view.php?seq=933,2026-08-11,True,True,,,,,
배스킨라빈스,레인보우 샤베트,아이스크림,163.0,1.0,1.2,25.0,15.0,우유,https://www.baskinrobbins.co.kr/menu/view.php?seq=1070,2026-08-11,True,True,,,,,
배스킨라빈스,그린티,아이스크림,250.0,4.0,8.0,22.0,73.0,우유,https://www.baskinrobbins.co.kr/menu/view.php?seq=1060,2026-08-11,True,True,,,,,
배스킨라빈스,메롱 멜론,아이스크림,218.0,2.0,3.8,25.0,41.0,우유,https://www.baskinrobbins.co.kr/menu/view.php?seq=1051,2026-08-11,True,True,,,,,
배스킨라빈스,(Lessly Edition) 바 베 바,아이스크림,135.0,3.0,1.7,17.0,45.0,우유,https://www.baskinrobbins.co.kr/menu/view.php?seq=944,2026-08-11,True,True,,,,,
배스킨라빈스,(Lessly Edition) 엄마는 외계인,아이스크림,156.0,5.0,3.8,14.0,57.0,우유|대두|밀,https://www.baskinrobbins.co.kr/menu/view.php?seq=777,2026-08-11,True,True,,,,,
배스킨라빈스,사랑에 빠진 딸기,아이스크림,292.0,4.0,8.0,26.0,103.0,계란|우유|대두|밀|땅콩,https://www.baskinrobbins.co.kr/menu/view.php?seq=786,2026-08-11,True,True,,,,,
배스킨라빈스,엄마는 외계인,아이스크림,296.0,5.0,11.0,23.0,114.0,우유|대두|밀,https://www.baskinrobbins.co.kr/menu/view.php?seq=17,2026-08-11,True,True,,,,,
배스킨라빈스,민트 초콜릿 칩,아이스크림,259.0,4.0,9.0,23.0,81.0,우유|대두,https://www.baskinrobbins.co.kr/menu/view.php?seq=6,2026-08-11,True,True,,,,,
배스킨라빈스,뉴욕 치즈케이크,아이스크림,275.0,4.0,10.0,21.0,105.0,우유|대두|밀,https://www.baskinrobbins.co.kr/menu/view.php?seq=3,2026-08-11,True,True,,,,,
배스킨라빈스,체리쥬빌레,아이스크림,239.0,3.0,7.0,28.0,48.0,우유,https://www.baskinrobbins.co.kr/menu/view.php?seq=24,2026-08-11,True,True,,,,,
배스킨라빈스,슈팅스타,아이스크림,260.0,3.0,7.0,27.0,65.0,우유|대두|밀,https://www.baskinrobbins.co.kr/menu/view.php?seq=15,2026-08-11,True,True,,,,,
배스킨라빈스,오레오 쿠키 앤 크림,아이스크림,254.0,4.0,8.0,20.0,92.0,우유|대두|밀,https://www.baskinrobbins.co.kr/menu/view.php?seq=19,2026-08-11,True,True,,,,,
배스킨라빈스,베리베리 스트로베리,아이스크림,228.0,3.0,7.0,24.0,69.0,우유,https://www.baskinrobbins.co.kr/menu/view.php?seq=12,2026-08-11,True,True,,,,,
배스킨라빈스,31요거트,아이스크림,198.0,5.0,4.0,26.0,67.0,우유|대두,https://www.baskinrobbins.co.kr/menu/view.php?seq=1,2026-08-11,True,True,,,,,
배스킨라빈스,바람과 함께 사라지다,아이스크림,269.0,4.0,8.0,25.0,95.0,계란|우유|대두|밀,https://www.baskinrobbins.co.kr/menu/view.php?seq=8,2026-08-11,True,True,,,,,
배스킨라빈스,피스타치오 아몬드,아이스크림,302.0,7.0,8.0,27.0,72.0,우유,https://www.baskinrobbins.co.kr/menu/view.php?seq=29,2026-08-11,True,True,,,,,
배스킨라빈스,초콜릿 무스,아이스크림,318.0,5.0,12.0,27.0,96.0,우유|대두,https://www.baskinrobbins.co.kr/menu/view.php?seq=28,2026-08-11,True,True,,,,,
배스킨라빈스,초콜릿,아이스크림,274.0,5.0,8.0,24.0,85.0,우유,https://www.baskinrobbins.co.kr/menu/view.php?seq=27,2026-08-11,True,True,,,,,
배스킨라빈스,아몬드 봉봉,아이스크림,312.0,5.0,8.0,26.0,94.0,우유|대두,https://www.baskinrobbins.co.kr/menu/view.php?seq=16,2026-08-11,True,True,,,,,
배스킨라빈스,바닐라,아이스크림,246.0,4.0,8.0,21.0,74.0,우유,https://www.baskinrobbins.co.kr/menu/view.php?seq=7,2026-08-11,True,True,,,,,
파리바게뜨,로만밀 에그타르타르 샌드위치,샌드위치·샐러드,525.0,18.0,8.0,10.0,1290.0,계란|우유|대두|밀|돼지고기,https://www.paris.co.kr/product/%ea%b1%b4%ea%b0%95%ed%95%9c-%eb%a1%9c%eb%a7%8c%eb%b0%80-%ec%97%90%ea%b7%b8%ed%83%80%eb%a5%b4%ed%83%80%eb%a5%b4-%ec%83%8c%eb%93%9c%ec%9c%84%ec%b9%98/,2026-08-11,True,True,,https://d2afncas1tel3t.cloudfront.net/wp-content/uploads/2023/08/건강한-로만밀-에그타르타르-샌드위치-1280x1280.jpg,,https://www.paris.co.kr/product/%ea%b1%b4%ea%b0%95%ed%95%9c-%eb%a1%9c%eb%a7%8c%eb%b0%80-%ec%97%90%ea%b7%b8%ed%83%80%eb%a5%b4%ed%83%80%eb%a5%b4-%ec%83%8c%eb%93%9c%ec%9c%84%ec%b9%98/,2026-08-11
파리바게뜨,고구마 슈크림 식빵,빵,615.0,15.0,8.0,26.0,710.0,계란|우유|대두|밀,https://www.paris.co.kr/product/%ea%b3%a0%ea%b5%ac%eb%a7%88-%ec%8a%88%ed%81%ac%eb%a6%bc-%ec%8b%9d%eb%b9%b5-2/,2026-08-11,True,True,,https://d2afncas1tel3t.cloudfront.net/wp-content/uploads/2023/09/d6761620-f8b5-44ff-a98f-56a65c0b87f0.png,,https://www.paris.co.kr/product/%ea%b3%a0%ea%b5%ac%eb%a7%88-%ec%8a%88%ed%81%ac%eb%a6%bc-%ec%8b%9d%eb%b9%b5-2/,2026-08-11
파리바게뜨,우유 듬뿍 연유브레드,빵,375.0,9.0,8.0,16.0,370.0,계란|우유|대두|밀,https://www.paris.co.kr/product/%ea%b3%a0%ec%86%8c%ed%95%9c-%eb%b2%84%ed%84%b0%ed%95%91%ea%b1%b0%ec%8a%a4%ed%8b%b1/,2026-08-11,True,True,,https://d2afncas1tel3t.cloudfront.net/wp-content/uploads/110207-목초木醋란으로-만든-핑거스틱_썸네일1-1280x1280.png,고소한 버터로 만들어 더욱 풍미가 깊고 부드러운 스틱 브레드,https://www.paris.co.kr/product/%ea%b3%a0%ec%86%8c%ed%95%9c-%eb%b2%84%ed%84%b0%ed%95%91%ea%b1%b0%ec%8a%a4%ed%8b%b1/,2026-08-11
파리바게뜨,길어서 더 든든한 롱롱소시지빵,빵,490.0,17.0,9.0,12.0,1130.0,계란|우유|대두|밀|돼지고기|쇠고기|토마토,https://www.paris.co.kr/product/%ea%b8%b8%ec%96%b4%ec%84%9c-%eb%8d%94-%eb%93%a0%eb%93%a0%ed%95%9c-%eb%a1%b1%eb%a1%b1%ec%86%8c%ec%8b%9c%ec%a7%80%eb%b9%b5/,2026-08-11,True,True,,https://d2afncas1tel3t.cloudfront.net/wp-content/uploads/2025/02/롱620_1.png,,https://www.paris.co.kr/product/%ea%b8%b8%ec%96%b4%ec%84%9c-%eb%8d%94-%eb%93%a0%eb%93%a0%ed%95%9c-%eb%a1%b1%eb%a1%b1%ec%86%8c%ec%8b%9c%ec%a7%80%eb%b9%b5/,2026-08-11
파리바게뜨,뉴욕치즈타르트,디저트·스낵,195.0,4.0,8.0,8.0,130.0,계란|우유|밀,https://www.paris.co.kr/product/%eb%89%b4%ec%9a%95%ec%b9%98%ec%a6%88%ed%83%80%eb%a5%b4%ed%8a%b8/,2026-08-11,True,True,,https://d2afncas1tel3t.cloudfront.net/wp-content/uploads/뉴욕치즈타르트_썸네일1.jpg,,https://www.paris.co.kr/product/%eb%89%b4%ec%9a%95%ec%b9%98%ec%a6%88%ed%83%80%eb%a5%b4%ed%8a%b8/,2026-08-11
파리바게뜨,단팥소보루,빵,345.0,9.0,4.0,22.0,230.0,계란|우유|대두|밀|땅콩,https://www.paris.co.kr/product/%eb%8b%a8%ed%8c%a5%ec%86%8c%eb%b3%b4%eb%a3%a8/,2026-08-11,True,True,,https://d2afncas1tel3t.cloudfront.net/wp-content/uploads/PB020017152115695821992759TKMT1S.png,,https://www.paris.co.kr/product/%eb%8b%a8%ed%8c%a5%ec%86%8c%eb%b3%b4%eb%a3%a8/,2026-08-11
파리바게뜨,달콤바삭 크룽지,빵,115.0,1.0,3.5,9.0,100.0,계란|우유|대두|밀,https://www.paris.co.kr/product/%eb%8b%ac%ec%bd%a4%eb%b0%94%ec%82%ad-%ed%81%ac%eb%a3%bd%ec%a7%80/,2026-08-11,True,True,,https://d2afncas1tel3t.cloudfront.net/wp-content/uploads/2023/08/달콤바삭크룽지-1280x1280.jpg,,https://www.paris.co.kr/product/%eb%8b%ac%ec%bd%a4%eb%b0%94%ec%82%ad-%ed%81%ac%eb%a3%bd%ec%a7%80/,2026-08-11
파리바게뜨,블루베리 베이글,빵,345.0,9.0,3.5,17.0,990.0,우유|대두|밀,https://www.paris.co.kr/product/%eb%91%90-%eb%b2%88-%ec%ab%84%ea%b9%83-%eb%b8%94%eb%a3%a8%eb%b2%a0%eb%a6%ac-%eb%b2%a0%ec%9d%b4%ea%b8%80/,2026-08-11,True,True,,https://d2afncas1tel3t.cloudfront.net/wp-content/uploads/2023/05/블루베리-베이글.jpg,,https://www.paris.co.kr/product/%eb%91%90-%eb%b2%88-%ec%ab%84%ea%b9%83-%eb%b8%94%eb%a3%a8%eb%b2%a0%eb%a6%ac-%eb%b2%a0%ec%9d%b4%ea%b8%80/,2026-08-11
파리바게뜨,딸기아이스캔디,디저트·스낵,95.0,2.0,1.8,10.0,30.0,우유,https://www.paris.co.kr/product/%eb%94%b8%ea%b8%b0-%ec%95%84%ec%9d%b4%ec%8a%a4%ec%ba%94%eb%94%94/,2026-08-11,True,True,,https://d2afncas1tel3t.cloudfront.net/wp-content/uploads/2025/03/딸기-아이스캔디-썸넬.jpg,,https://www.paris.co.kr/product/%eb%94%b8%ea%b8%b0-%ec%95%84%ec%9d%b4%ec%8a%a4%ec%ba%94%eb%94%94/,2026-08-11
파리바게뜨,로스팅 호두로 더 고소한 조각호두파이,디저트·스낵,225.0,4.0,3.6,15.0,85.0,계란|우유|밀,https://www.paris.co.kr/product/%eb%a1%9c%ec%8a%a4%ed%8c%85-%ed%98%b8%eb%91%90%eb%a1%9c-%eb%8d%94-%ea%b3%a0%ec%86%8c%ed%95%9c-%ec%a1%b0%ea%b0%81%ed%98%b8%eb%91%90%ed%8c%8c%ec%9d%b4/,2026-08-11,True,True,,https://d2afncas1tel3t.cloudfront.net/wp-content/uploads/2019/11/200203__102.jpg,,https://www.paris.co.kr/product/%eb%a1%9c%ec%8a%a4%ed%8c%85-%ed%98%b8%eb%91%90%eb%a1%9c-%eb%8d%94-%ea%b3%a0%ec%86%8c%ed%95%9c-%ec%a1%b0%ea%b0%81%ed%98%b8%eb%91%90%ed%8c%8c%ec%9d%b4/,2026-08-11
파리바게뜨,롱스틱파이,디저트·스낵,322.0,4.0,7.0,16.0,180.0,계란|우유|대두|밀,https://www.paris.co.kr/product/%eb%a1%b1%ec%8a%a4%ed%8b%b1%ed%8c%8c%ec%9d%b4-2/,2026-08-11,True,True,,https://d2afncas1tel3t.cloudfront.net/wp-content/uploads/211109_PB베어3종롱스틱파이-1280.jpg,,https://www.paris.co.kr/product/%eb%a1%b1%ec%8a%a4%ed%8b%b1%ed%8c%8c%ec%9d%b4-2/,2026-08-11
파리바게뜨,맘모스브레드,빵,1215.0,24.0,20.0,69.0,920.0,계란|우유|대두|밀|땅콩,https://www.paris.co.kr/product/%eb%a7%98%eb%aa%a8%ec%8a%a4%eb%b8%8c%eb%a0%88%eb%93%9c/,2026-08-11,True,True,,https://d2afncas1tel3t.cloudfront.net/wp-content/uploads/200508_맘모스빵_106.jpg,,https://www.paris.co.kr/product/%eb%a7%98%eb%aa%a8%ec%8a%a4%eb%b8%8c%eb%a0%88%eb%93%9c/,2026-08-11
파리바게뜨,메론아이스캔디,디저트·스낵,110.0,2.0,2.6,14.0,0.0,우유,https://www.paris.co.kr/product/%eb%a9%94%eb%a1%a0-%ec%95%84%ec%9d%b4%ec%8a%a4%ec%ba%94%eb%94%94/,2026-08-11,True,True,,https://d2afncas1tel3t.cloudfront.net/wp-content/uploads/2025/03/메론-아이스캔디-썸넬.jpg,,https://www.paris.co.kr/product/%eb%a9%94%eb%a1%a0-%ec%95%84%ec%9d%b4%ec%8a%a4%ec%ba%94%eb%94%94/,2026-08-11
파리바게뜨,모카 크림빵,빵,205.0,4.0,5.0,8.0,190.0,계란|우유|대두|밀,https://www.paris.co.kr/product/%eb%aa%a8%ec%b9%b4%ed%81%ac%eb%a6%bc%eb%b9%b5/,2026-08-11,True,True,,https://d2afncas1tel3t.cloudfront.net/wp-content/uploads/210105_모카크림빵.jpg,,https://www.paris.co.kr/product/%eb%aa%a8%ec%b9%b4%ed%81%ac%eb%a6%bc%eb%b9%b5/,2026-08-11
파리바게뜨,몬테크리스토샌드위치,샌드위치·샐러드,350.0,11.0,4.9,11.0,740.0,계란|우유|대두|밀|돼지고기,https://www.paris.co.kr/product/%eb%aa%ac%ed%85%8c%ed%81%ac%eb%a6%ac%ec%8a%a4%ed%86%a0%ec%83%8c%eb%93%9c%ec%9c%84%ec%b9%98/,2026-08-11,True,True,,https://d2afncas1tel3t.cloudfront.net/wp-content/uploads/210930_PB몬테크리스토샌드위치-1280.jpg,,https://www.paris.co.kr/product/%eb%aa%ac%ed%85%8c%ed%81%ac%eb%a6%ac%ec%8a%a4%ed%86%a0%ec%83%8c%eb%93%9c%ec%9c%84%ec%b9%98/,2026-08-11
파리바게뜨,미니 호두아몬드 크림치즈빵(5개입),빵,465.0,12.0,8.0,16.0,460.0,계란|우유|대두|밀|쇠고기,https://www.paris.co.kr/product/%eb%af%b8%eb%8b%88-%ed%98%b8%eb%91%90%ec%95%84%eb%aa%ac%eb%93%9c-%ed%81%ac%eb%a6%bc%ec%b9%98%ec%a6%88%eb%b9%b55%ea%b0%9c%ec%9e%85/,2026-08-11,True,True,,https://d2afncas1tel3t.cloudfront.net/wp-content/uploads/2023/07/미니-호두아몬드-크림치즈빵5개입.jpg,,https://www.paris.co.kr/product/%eb%af%b8%eb%8b%88-%ed%98%b8%eb%91%90%ec%95%84%eb%aa%ac%eb%93%9c-%ed%81%ac%eb%a6%bc%ec%b9%98%ec%a6%88%eb%b9%b55%ea%b0%9c%ec%9e%85/,2026-08-11
파리바게뜨,바닐라아이스캔디,디저트·스낵,130.0,2.0,4.9,9.0,35.0,우유,https://www.paris.co.kr/product/%eb%b0%94%eb%8b%90%eb%9d%bc-%ec%95%84%ec%9d%b4%ec%8a%a4%ec%ba%94%eb%94%94-2/,2026-08-11,True,True,,https://d2afncas1tel3t.cloudfront.net/wp-content/uploads/2025/03/바닐라-아이스캔디-썸넬.jpg,,https://www.paris.co.kr/product/%eb%b0%94%eb%8b%90%eb%9d%bc-%ec%95%84%ec%9d%b4%ec%8a%a4%ec%ba%94%eb%94%94-2/,2026-08-11
파리바게뜨,발효버터 소금빵,빵,205.0,4.0,5.0,5.0,300.0,계란|우유|대두|밀,https://www.paris.co.kr/product/%eb%b0%9c%ed%9a%a8%eb%b2%84%ed%84%b0%ec%86%8c%ea%b8%88%eb%b9%b5/,2026-08-11,True,True,,https://d2afncas1tel3t.cloudfront.net/wp-content/uploads/2025/02/발효버터소금빵-썸넬1.jpg,,https://www.paris.co.kr/product/%eb%b0%9c%ed%9a%a8%eb%b2%84%ed%84%b0%ec%86%8c%ea%b8%88%eb%b9%b5/,2026-08-11
파리바게뜨,밤소보루 맘모스(1/2),빵,415.0,9.0,6.0,25.0,280.0,계란|우유|대두|밀|땅콩,https://www.paris.co.kr/product/%eb%b0%a4%ec%86%8c%eb%b3%b4%eb%a3%a8-%eb%a7%98%eb%aa%a8%ec%8a%a41-2/,2026-08-11,True,True,,https://d2afncas1tel3t.cloudfront.net/wp-content/uploads/574786-밤소보루-맘모스_썸네일3.jpg,,https://www.paris.co.kr/product/%eb%b0%a4%ec%86%8c%eb%b3%b4%eb%a3%a8-%eb%a7%98%eb%aa%a8%ec%8a%a41-2/,2026-08-11
파리바게뜨,버터롤,빵,325.0,8.0,6.0,11.0,410.0,계란|우유|대두|밀,https://www.paris.co.kr/product/%eb%b2%84%ed%84%b0%eb%a1%a4/,2026-08-11,True,True,,https://d2afncas1tel3t.cloudfront.net/wp-content/uploads/2023/08/2Q4A2153.jpg,,https://www.paris.co.kr/product/%eb%b2%84%ed%84%b0%eb%a1%a4/,2026-08-11
파리바게뜨,블랙 올리브 치즈 치아바타,빵,510.0,14.0,1.6,6.0,980.0,우유|대두|밀,https://www.paris.co.kr/product/%eb%b8%94%eb%9e%99-%ec%98%ac%eb%a6%ac%eb%b8%8c-%ec%b9%98%ec%a6%88-%ec%b9%98%ec%95%84%eb%b0%94%ed%83%80/,2026-08-11,True,True,,https://d2afncas1tel3t.cloudfront.net/wp-content/uploads/2023/04/2Q4A1661-1280x1280.jpg,,https://www.paris.co.kr/product/%eb%b8%94%eb%9e%99-%ec%98%ac%eb%a6%ac%eb%b8%8c-%ec%b9%98%ec%a6%88-%ec%b9%98%ec%95%84%eb%b0%94%ed%83%80/,2026-08-11
파리바게뜨,샐러드빵,샌드위치·샐러드,317.0,8.0,3.1,6.0,510.0,계란|우유|대두|밀|닭고기|토마토,https://www.paris.co.kr/product/%ec%83%90%eb%9f%ac%eb%93%9c%eb%b9%b5/,2026-08-11,True,True,,https://d2afncas1tel3t.cloudfront.net/wp-content/uploads/201210_샐러드빵.jpg,,https://www.paris.co.kr/product/%ec%83%90%eb%9f%ac%eb%93%9c%eb%b9%b5/,2026-08-11
파리바게뜨,고소한 소보루데니쉬식빵,빵,1130.0,23.0,17.0,24.0,1350.0,계란|우유|대두|밀|땅콩,https://www.paris.co.kr/product/%ec%86%8c%eb%b3%b4%eb%a3%a8%eb%93%ac%eb%bf%8d%eb%8d%b0%eb%8b%88%ec%89%ac%ec%8b%9d%eb%b9%b5-2/,2026-08-11,True,True,,https://d2afncas1tel3t.cloudfront.net/wp-content/uploads/2023/03/소보루데니쉬_1.png,,https://www.paris.co.kr/product/%ec%86%8c%eb%b3%b4%eb%a3%a8%eb%93%ac%eb%bf%8d%eb%8d%b0%eb%8b%88%ec%89%ac%ec%8b%9d%eb%b9%b5-2/,2026-08-11
파리바게뜨,소보루 완두앙금빵,빵,265.0,6.0,2.9,21.0,260.0,계란|우유|대두|밀|땅콩,https://www.paris.co.kr/product/%ec%86%8c%eb%b3%b4%eb%a3%a8-%ec%99%84%eb%91%90%ec%95%99%ea%b8%88%eb%b9%b5/,2026-08-11,True,True,,https://d2afncas1tel3t.cloudfront.net/wp-content/uploads/2023/03/소보루완두앙금빵__1.png,,https://www.paris.co.kr/product/%ec%86%8c%eb%b3%b4%eb%a3%a8-%ec%99%84%eb%91%90%ec%95%99%ea%b8%88%eb%b9%b5/,2026-08-11
파리바게뜨,순수(秀)우유 콘 아이스크림,디저트·스낵,285.0,4.4,10.0,22.0,55.0,우유|대두|밀,https://www.paris.co.kr/product/%ec%88%9c%ec%88%98%e7%a7%80%ec%9a%b0%ec%9c%a0%ec%bd%98/,2026-08-11,True,True,,https://d2afncas1tel3t.cloudfront.net/wp-content/uploads/2023/03/230328_PB_순수우유콘아이스크림-crop-1280x1280.jpg,,https://www.paris.co.kr/product/%ec%88%9c%ec%88%98%e7%a7%80%ec%9a%b0%ec%9c%a0%ec%bd%98/,2026-08-11
파리바게뜨,쉬림프 비스큐 리조또,간편식,590.0,15.0,13.0,13.0,1280.0,계란|우유|대두|밀|새우|게|돼지고기|쇠고기|닭고기|토마토,https://www.paris.co.kr/product/%ec%89%ac%eb%a6%bc%ed%94%84-%eb%b9%84%ec%8a%a4%ed%81%90-%eb%a6%ac%ec%a1%b0%eb%98%90/,2026-08-11,True,True,,https://d2afncas1tel3t.cloudfront.net/wp-content/uploads/2022/07/쉬림프비스큐리조또_1_1000x1000.jpg,,https://www.paris.co.kr/product/%ec%89%ac%eb%a6%bc%ed%94%84-%eb%b9%84%ec%8a%a4%ed%81%90-%eb%a6%ac%ec%a1%b0%eb%98%90/,2026-08-11
파리바게뜨,스위트 밀크롤,빵,340.0,8.0,4.1,9.0,460.0,계란|우유|대두|밀,https://www.paris.co.kr/product/%ec%8a%a4%ec%9c%84%ed%8a%b8-%eb%b0%80%ed%81%ac%eb%a1%a4/,2026-08-11,True,True,,https://d2afncas1tel3t.cloudfront.net/wp-content/uploads/2023/08/스위트밀크롤.jpg,,https://www.paris.co.kr/product/%ec%8a%a4%ec%9c%84%ed%8a%b8-%eb%b0%80%ed%81%ac%eb%a1%a4/,2026-08-11
파리바게뜨,아이스 카페라떼,음료,110.0,5.0,4.0,7.0,80.0,우유,https://www.paris.co.kr/product/%ec%95%84%ec%9d%b4%ec%8a%a4-%ec%b9%b4%ed%8e%98%eb%9d%bc%eb%96%bc/,2026-08-11,True,True,,https://d2afncas1tel3t.cloudfront.net/wp-content/uploads/2023/10/아이스라떼-1280x1280-2.jpg,,https://www.paris.co.kr/product/%ec%95%84%ec%9d%b4%ec%8a%a4-%ec%b9%b4%ed%8e%98%eb%9d%bc%eb%96%bc/,2026-08-11
파리바게뜨,에그 베이컨 토스트,샌드위치·샐러드,350.0,10.0,7.0,9.0,530.0,계란|우유|대두|밀|돼지고기|토마토,https://www.paris.co.kr/product/%ec%97%90%ea%b7%b8-%eb%b2%a0%ec%9d%b4%ec%bb%a8-%ed%86%a0%ec%8a%a4%ed%8a%b8/,2026-08-11,True,True,,https://d2afncas1tel3t.cloudfront.net/wp-content/uploads/에그베이컨토스트-1.jpg,,https://www.paris.co.kr/product/%ec%97%90%ea%b7%b8-%eb%b2%a0%ec%9d%b4%ec%bb%a8-%ed%86%a0%ec%8a%a4%ed%8a%b8/,2026-08-11
파리바게뜨,옛날왕슈크림도넛,빵,315.0,6.0,2.4,12.0,290.0,계란|우유|대두|밀,https://www.paris.co.kr/product/%ec%98%9b%eb%82%a0-%ec%99%95%ec%8a%88%ed%81%ac%eb%a6%bc%eb%8f%84%eb%84%9b/,2026-08-11,True,True,,https://d2afncas1tel3t.cloudfront.net/wp-content/uploads/201119_홈페이지옛날왕슈크림도넛_01.jpg,,https://www.paris.co.kr/product/%ec%98%9b%eb%82%a0-%ec%99%95%ec%8a%88%ed%81%ac%eb%a6%bc%eb%8f%84%eb%84%9b/,2026-08-11
파리바게뜨,오리지널 머핀,디저트·스낵,620.0,7.0,4.2,44.0,410.0,계란|우유|대두|밀,https://www.paris.co.kr/product/%ec%98%a4%eb%a6%ac%ec%a7%80%eb%84%90%eb%a8%b8%ed%95%80/,2026-08-11,True,True,,https://d2afncas1tel3t.cloudfront.net/wp-content/uploads/2019/11/191104_1_140163.jpg,,https://www.paris.co.kr/product/%ec%98%a4%eb%a6%ac%ec%a7%80%eb%84%90%eb%a8%b8%ed%95%80/,2026-08-11
파리바게뜨,온브레드크림치즈(플레인),기타,273.0,7.0,16.0,5.0,200.0,우유|대두,https://www.paris.co.kr/product/%ec%98%a8%eb%b8%8c%eb%a0%88%eb%93%9c%ed%81%ac%eb%a6%bc%ec%b9%98%ec%a6%88%ed%94%8c%eb%a0%88%ec%9d%b8/,2026-08-11,True,True,,https://d2afncas1tel3t.cloudfront.net/wp-content/uploads/2023/03/온브레드크림치즈-1.png,,https://www.paris.co.kr/product/%ec%98%a8%eb%b8%8c%eb%a0%88%eb%93%9c%ed%81%ac%eb%a6%bc%ec%b9%98%ec%a6%88%ed%94%8c%eb%a0%88%ec%9d%b8/,2026-08-11
파리바게뜨,우유가좋은뽀로로케익,빵,298.0,5.0,6.0,22.0,120.0,계란|우유|대두|밀,https://www.paris.co.kr/product/%ec%9a%b0%ec%9c%a0%ea%b0%80-%ec%a2%8b%ec%9d%80-%eb%bd%80%eb%a1%9c%eb%a1%9c%ec%bc%80%ec%9d%b5/,2026-08-11,True,True,,https://d2afncas1tel3t.cloudfront.net/wp-content/uploads/201230_우유가좋은뽀로로케익-1.jpg,,https://www.paris.co.kr/product/%ec%9a%b0%ec%9c%a0%ea%b0%80-%ec%a2%8b%ec%9d%80-%eb%bd%80%eb%a1%9c%eb%a1%9c%ec%bc%80%ec%9d%b5/,2026-08-11
파리바게뜨,우유 듬뿍 연유브레드(대),빵,1000.0,17.0,35.0,36.0,1150.0,우유|대두|밀,https://www.paris.co.kr/product/%ec%9a%b0%ec%9c%a0-%eb%93%ac%eb%bf%8d-%ec%97%b0%ec%9c%a0%eb%b8%8c%eb%a0%88%eb%93%9c%eb%8c%80/,2026-08-11,True,True,,https://d2afncas1tel3t.cloudfront.net/wp-content/uploads/2023/06/우유듬뿍연유브레드대-1.jpg,,https://www.paris.co.kr/product/%ec%9a%b0%ec%9c%a0-%eb%93%ac%eb%bf%8d-%ec%97%b0%ec%9c%a0%eb%b8%8c%eb%a0%88%eb%93%9c%eb%8c%80/,2026-08-11
파리바게뜨,우유 모나카 아이스크림,기타,160.0,3.0,2.0,14.0,40.0,계란|우유|대두|밀,https://www.paris.co.kr/product/%ec%9a%b0%ec%9c%a0-%eb%aa%a8%eb%82%98%ec%b9%b4-%ec%95%84%ec%9d%b4%ec%8a%a4%ed%81%ac%eb%a6%bc/,2026-08-11,True,True,,https://d2afncas1tel3t.cloudfront.net/wp-content/uploads/2023/01/우유-모나카-아이스크림.jpg,,https://www.paris.co.kr/product/%ec%9a%b0%ec%9c%a0-%eb%aa%a8%eb%82%98%ec%b9%b4-%ec%95%84%ec%9d%b4%ec%8a%a4%ed%81%ac%eb%a6%bc/,2026-08-11
파리바게뜨,인생크림빵 우유,빵,365.0,6.0,11.0,22.0,250.0,계란|우유|대두|밀,https://www.paris.co.kr/product/%ec%9d%b8%ec%83%9d%ed%81%ac%eb%a6%bc%eb%b9%b5-%eb%8b%a8%ed%8c%a5/,2026-08-11,True,True,,https://d2afncas1tel3t.cloudfront.net/wp-content/uploads/2023/03/230308_PB_단팥생크림빵_제품이미지_단면.png,바닐라빈 듬뿍 우유생크림과 달콤한 닽팥을 더한 최고의 조합! 내 인생 최고의 인생 단팥 생크림빵,https://www.paris.co.kr/product/%ec%9d%b8%ec%83%9d%ed%81%ac%eb%a6%bc%eb%b9%b5-%eb%8b%a8%ed%8c%a5/,2026-08-11
파리바게뜨,촉촉한 딸기케익,빵,395.0,7.0,11.0,18.0,230.0,계란|우유|대두|밀|땅콩,https://www.paris.co.kr/product/%ec%9d%b8%ec%83%9d%ed%81%ac%eb%a6%bc%eb%b9%b5-%ec%86%8c%eb%b3%b4%eb%a3%a8/,2026-08-11,True,True,,https://d2afncas1tel3t.cloudfront.net/wp-content/uploads/2023/03/230308_PB_소보루생크림빵_제품이미지_단면.png,고소한 소보루 빵 속 바닐라빈 듬뿍 우유생크림이 가득! 인생 소보루 생크림빵,https://www.paris.co.kr/product/%ec%9d%b8%ec%83%9d%ed%81%ac%eb%a6%bc%eb%b9%b5-%ec%86%8c%eb%b3%b4%eb%a3%a8/,2026-08-11
파리바게뜨,우리아이 한입 마들렌,빵,340.0,5.0,12.0,15.0,210.0,계란|우유|대두|밀,https://www.paris.co.kr/product/%ec%9d%b8%ec%83%9d%ed%81%ac%eb%a6%bc%eb%b9%b5-%ec%9a%b0%ec%9c%a0/,2026-08-11,True,True,,https://d2afncas1tel3t.cloudfront.net/wp-content/uploads/2023/03/230308_PB_우유생크림빵_제품이미지_단면.png,"바닐라빈 듬뿍, 더 진한 우유생크림이 빵속에 가득! 내 인생 우유 생크림빵",https://www.paris.co.kr/product/%ec%9d%b8%ec%83%9d%ed%81%ac%eb%a6%bc%eb%b9%b5-%ec%9a%b0%ec%9c%a0/,2026-08-11
파리바게뜨,정통 에그타르트,디저트·스낵,135.0,2.0,4.6,5.0,110.0,계란|우유|밀,https://www.paris.co.kr/product/%ec%a0%95%ed%86%b5-%ec%97%90%ea%b7%b8%ed%83%80%eb%a5%b4%ed%8a%b8/,2026-08-11,True,True,,https://d2afncas1tel3t.cloudfront.net/wp-content/uploads/정통에그타르트_썸네일1.jpg,,https://www.paris.co.kr/product/%ec%a0%95%ed%86%b5-%ec%97%90%ea%b7%b8%ed%83%80%eb%a5%b4%ed%8a%b8/,2026-08-11
파리바게뜨,쫀득고소한 추억의 찰깨빵,빵,230.0,2.0,3.0,4.0,400.0,계란|우유|밀,https://www.paris.co.kr/product/%ec%ab%80%eb%93%9d%ea%b3%a0%ec%86%8c%ed%95%9c-%ec%b6%94%ec%96%b5%ec%9d%98-%ec%b0%b0%ea%b9%a8%eb%b9%b5/,2026-08-11,True,True,,https://d2afncas1tel3t.cloudfront.net/wp-content/uploads/2023/05/230518_파리바게뜨_제품합성_찰깨빵.png,,https://www.paris.co.kr/product/%ec%ab%80%eb%93%9d%ea%b3%a0%ec%86%8c%ed%95%9c-%ec%b6%94%ec%96%b5%ec%9d%98-%ec%b0%b0%ea%b9%a8%eb%b9%b5/,2026-08-11
파리바게뜨,쫀득치즈스틱,빵,105.0,1.0,1.2,2.0,115.0,계란|우유|대두|밀,https://www.paris.co.kr/product/%ec%ab%80%eb%93%9d%ec%b9%98%ec%a6%88%ec%8a%a4%ed%8b%b1/,2026-08-11,True,True,,https://d2afncas1tel3t.cloudfront.net/wp-content/uploads/2023/03/쫀득치즈스틱_1.png,,https://www.paris.co.kr/product/%ec%ab%80%eb%93%9d%ec%b9%98%ec%a6%88%ec%8a%a4%ed%8b%b1/,2026-08-11
파리바게뜨,쫄깃담백 토종효모빵,빵,770.0,28.0,3.9,10.0,1220.0,우유|대두|밀,https://www.paris.co.kr/product/%ec%ab%84%ea%b9%83%eb%8b%b4%eb%b0%b1-%ed%86%a0%ec%a2%85%ed%9a%a8%eb%aa%a8%eb%b9%b5/,2026-08-11,True,True,,https://d2afncas1tel3t.cloudfront.net/wp-content/uploads/2023/07/쫄깃담백-토종효모빵-1280x1280.jpg,,https://www.paris.co.kr/product/%ec%ab%84%ea%b9%83%eb%8b%b4%eb%b0%b1-%ed%86%a0%ec%a2%85%ed%9a%a8%eb%aa%a8%eb%b9%b5/,2026-08-11
파리바게뜨,인생크림빵 옥수수,빵,260.0,5.0,4.3,5.0,460.0,계란|우유|대두|밀|돼지고기|토마토,https://www.paris.co.kr/product/%ec%ab%84%ea%b9%83%ed%95%9c-%ed%94%bc%ec%9e%90%eb%b9%b5-2/,2026-08-11,True,True,,https://d2afncas1tel3t.cloudfront.net/wp-content/uploads/574789-쫄깃피자빵_썸네일1.jpg,쫄깃한 식감이 일품인 혼자서도 즐기는 피자,https://www.paris.co.kr/product/%ec%ab%84%ea%b9%83%ed%95%9c-%ed%94%bc%ec%9e%90%eb%b9%b5-2/,2026-08-11
파리바게뜨,체다치즈와 고다치즈를 더한 롤치즈빵,빵,420.0,13.0,5.0,9.0,750.0,우유|대두|밀,https://www.paris.co.kr/product/%ec%b2%b4%eb%8b%a4%ec%b9%98%ec%a6%88%ec%99%80-%ea%b3%a0%eb%8b%a4%ec%b9%98%ec%a6%88%eb%a5%bc-%eb%8d%94%ed%95%9c-%eb%a1%a4%ec%b9%98%ec%a6%88%eb%b9%b5/,2026-08-11,True,True,,https://d2afncas1tel3t.cloudfront.net/wp-content/uploads/2023/07/eumE0728-550.jpg,,https://www.paris.co.kr/product/%ec%b2%b4%eb%8b%a4%ec%b9%98%ec%a6%88%ec%99%80-%ea%b3%a0%eb%8b%a4%ec%b9%98%ec%a6%88%eb%a5%bc-%eb%8d%94%ed%95%9c-%eb%a1%a4%ec%b9%98%ec%a6%88%eb%b9%b5/,2026-08-11
파리바게뜨,초코아이스캔디,디저트·스낵,130.0,3.0,4.7,9.0,35.0,우유|대두,https://www.paris.co.kr/product/%ec%b4%88%ec%bd%94-%ec%95%84%ec%9d%b4%ec%8a%a4%ec%ba%94%eb%94%94/,2026-08-11,True,True,,https://d2afncas1tel3t.cloudfront.net/wp-content/uploads/2025/03/초코-아이스캔디-썸넬.jpg,,https://www.paris.co.kr/product/%ec%b4%88%ec%bd%94-%ec%95%84%ec%9d%b4%ec%8a%a4%ec%ba%94%eb%94%94/,2026-08-11
파리바게뜨,초콜릿 머핀,디저트·스낵,570.0,8.0,5.0,34.0,500.0,계란|우유|대두|밀,https://www.paris.co.kr/product/%ec%b4%88%ec%bd%9c%eb%a6%bf%eb%a8%b8%ed%95%80/,2026-08-11,True,True,,https://d2afncas1tel3t.cloudfront.net/wp-content/uploads/2019/11/191104_1_140164.jpg,,https://www.paris.co.kr/product/%ec%b4%88%ec%bd%9c%eb%a6%bf%eb%a8%b8%ed%95%80/,2026-08-11
파리바게뜨,촉촉한 몽블랑,빵,675.0,10.0,25.0,27.0,660.0,계란|우유|대두|밀,https://www.paris.co.kr/product/%ec%b4%89%ec%b4%89%ed%95%9c-%eb%aa%bd%eb%b8%94%eb%9e%91-2/,2026-08-11,True,True,,https://d2afncas1tel3t.cloudfront.net/wp-content/uploads/촉촉한-몽블랑_썸네일1.jpg,,https://www.paris.co.kr/product/%ec%b4%89%ec%b4%89%ed%95%9c-%eb%aa%bd%eb%b8%94%eb%9e%91-2/,2026-08-11
파리바게뜨,촉촉한 치즈케익,빵,307.0,5.0,6.0,23.0,115.0,계란|우유|대두|밀,https://www.paris.co.kr/product/%ec%b4%89%ec%b4%89%ed%95%9c-%ec%b9%98%ec%a6%88%ec%bc%80%ec%9d%b5/,2026-08-11,True,True,,https://d2afncas1tel3t.cloudfront.net/wp-content/uploads/2019/11/191105_1_910198.jpg,,https://www.paris.co.kr/product/%ec%b4%89%ec%b4%89%ed%95%9c-%ec%b9%98%ec%a6%88%ec%bc%80%ec%9d%b5/,2026-08-11
파리바게뜨,추억의 생도나스,빵,335.0,7.0,3.3,14.0,180.0,계란|우유|대두|밀,https://www.paris.co.kr/product/%ec%b6%94%ec%96%b5%ec%9d%98-%ec%83%9d%eb%8f%84%eb%82%98%ec%8a%a4/,2026-08-11,True,True,,https://d2afncas1tel3t.cloudfront.net/wp-content/uploads/2023/05/230518_파리바게뜨_제품합성_추억의생도나스.png,,https://www.paris.co.kr/product/%ec%b6%94%ec%96%b5%ec%9d%98-%ec%83%9d%eb%8f%84%eb%82%98%ec%8a%a4/,2026-08-11
파리바게뜨,치즈 듬뿍 어니언,빵,565.0,15.0,9.0,11.0,710.0,계란|우유|대두|밀|돼지고기,https://www.paris.co.kr/product/%ec%b9%98%ec%a6%88%eb%93%ac%eb%bf%8d%ec%96%b4%eb%8b%88%ec%96%b8/,2026-08-11,True,True,,https://d2afncas1tel3t.cloudfront.net/wp-content/uploads/200310_치즈듬뿍어니언_합성.jpg,,https://www.paris.co.kr/product/%ec%b9%98%ec%a6%88%eb%93%ac%eb%bf%8d%ec%96%b4%eb%8b%88%ec%96%b8/,2026-08-11
파리바게뜨,치즈듬뿍 볼로네제 파스타,간편식,665.0,27.0,11.0,12.0,1580.0,우유|대두|밀|쇠고기|닭고기|토마토|조개류,https://www.paris.co.kr/product/%ec%b9%98%ec%a6%88%eb%93%ac%eb%bf%8d-%eb%b3%bc%eb%a1%9c%eb%84%a4%ec%a0%9c-%ed%8c%8c%ec%8a%a4%ed%83%80/,2026-08-11,True,True,,https://d2afncas1tel3t.cloudfront.net/wp-content/uploads/2022/07/치즈듬뿍볼로네제파스타_1_1000x1000.jpg,,https://www.paris.co.kr/product/%ec%b9%98%ec%a6%88%eb%93%ac%eb%bf%8d-%eb%b3%bc%eb%a1%9c%eb%84%a4%ec%a0%9c-%ed%8c%8c%ec%8a%a4%ed%83%80/,2026-08-11
파리바게뜨,칠리크랩샌드위치,샌드위치·샐러드,530.0,13.0,11.0,9.0,1050.0,계란|우유|대두|밀|게|토마토,https://www.paris.co.kr/product/%ec%b9%a0%eb%a6%ac%ed%81%ac%eb%9e%a9%ec%83%8c%eb%93%9c%ec%9c%84%ec%b9%98/,2026-08-11,True,True,,https://d2afncas1tel3t.cloudfront.net/wp-content/uploads/200629_칠리크랩SW.jpg,,https://www.paris.co.kr/product/%ec%b9%a0%eb%a6%ac%ed%81%ac%eb%9e%a9%ec%83%8c%eb%93%9c%ec%9c%84%ec%b9%98/,2026-08-11
파리바게뜨,커피아이스캔디,디저트·스낵,120.0,2.0,4.2,9.0,30.0,우유,https://www.paris.co.kr/product/%ec%bb%a4%ed%94%bc-%ec%95%84%ec%9d%b4%ec%8a%a4%ec%ba%94%eb%94%94/,2026-08-11,True,True,,https://d2afncas1tel3t.cloudfront.net/wp-content/uploads/2025/03/커피-아이스캔디-썸넬.jpg,,https://www.paris.co.kr/product/%ec%bb%a4%ed%94%bc-%ec%95%84%ec%9d%b4%ec%8a%a4%ec%ba%94%eb%94%94/,2026-08-11
파리바게뜨,쿠키앤크림마카롱아이스크림,디저트·스낵,275.0,6.0,5.0,29.0,70.0,계란|우유|대두|밀,https://www.paris.co.kr/product/%ec%bf%a0%ed%82%a4%ec%95%a4%ed%81%ac%eb%a6%bc-%eb%a7%88%ec%b9%b4%eb%a1%b1-%ec%95%84%ec%9d%b4%ec%8a%a4%ed%81%ac%eb%a6%bc/,2026-08-11,True,True,,https://d2afncas1tel3t.cloudfront.net/wp-content/uploads/2021/10/KakaoTalk_20230531_093810580_05.jpg,,https://www.paris.co.kr/product/%ec%bf%a0%ed%82%a4%ec%95%a4%ed%81%ac%eb%a6%bc-%eb%a7%88%ec%b9%b4%eb%a1%b1-%ec%95%84%ec%9d%b4%ec%8a%a4%ed%81%ac%eb%a6%bc/,2026-08-11
파리바게뜨,크랜베리 치킨 리코타 샐러드,샌드위치·샐러드,195.0,12.0,7.0,6.0,340.0,계란|우유|대두|닭고기|토마토,https://www.paris.co.kr/product/%ed%81%ac%eb%9e%9c%eb%b2%a0%eb%a6%ac-%ec%b9%98%ed%82%a8-%eb%a6%ac%ec%bd%94%ed%83%80-%ec%83%90%eb%9f%ac%eb%93%9c/,2026-08-11,True,True,,https://d2afncas1tel3t.cloudfront.net/wp-content/uploads/2024/05/크랜베리-리코타-샐러드.jpg,,https://www.paris.co.kr/product/%ed%81%ac%eb%9e%9c%eb%b2%a0%eb%a6%ac-%ec%b9%98%ed%82%a8-%eb%a6%ac%ec%bd%94%ed%83%80-%ec%83%90%eb%9f%ac%eb%93%9c/,2026-08-11
파리바게뜨,크랩 샐러드랩,기타,280.0,9.0,2.3,20.0,940.0,계란|우유|대두|밀|게|토마토,https://www.paris.co.kr/product/%ed%81%ac%eb%9e%a9-%ec%83%90%eb%9f%ac%eb%93%9c%eb%9e%a9/,2026-08-11,True,True,,https://d2afncas1tel3t.cloudfront.net/wp-content/uploads/201222_건강한크랩샐러드랩.jpg,,https://www.paris.co.kr/product/%ed%81%ac%eb%9e%a9-%ec%83%90%eb%9f%ac%eb%93%9c%eb%9e%a9/,2026-08-11
파리바게뜨,크리스피 치킨 샐러드,샌드위치·샐러드,180.0,12.0,0.9,2.0,370.0,우유|대두|밀|닭고기|토마토,https://www.paris.co.kr/product/%ed%81%ac%eb%a6%ac%ec%8a%a4%ed%94%bc-%ec%b9%98%ed%82%a8-%ec%83%90%eb%9f%ac%eb%93%9c/,2026-08-11,True,True,,https://d2afncas1tel3t.cloudfront.net/wp-content/uploads/2024/05/크리스피-치킨-샐러드.jpg,,https://www.paris.co.kr/product/%ed%81%ac%eb%a6%ac%ec%8a%a4%ed%94%bc-%ec%b9%98%ed%82%a8-%ec%83%90%eb%9f%ac%eb%93%9c/,2026-08-11
파리바게뜨,탱글탱글 뽀드득 소시지,빵,355.0,14.0,6.0,11.0,780.0,계란|우유|대두|밀|돼지고기|쇠고기|토마토,https://www.paris.co.kr/product/%ed%83%b1%ea%b8%80%ed%83%b1%ea%b8%80-%eb%bd%80%eb%93%9c%eb%93%9d-%ec%86%8c%ec%8b%9c%ec%a7%80/,2026-08-11,True,True,,https://d2afncas1tel3t.cloudfront.net/wp-content/uploads/2023/06/탱글탱글뽀드득소시지-전면-1.jpg,,https://www.paris.co.kr/product/%ed%83%b1%ea%b8%80%ed%83%b1%ea%b8%80-%eb%bd%80%eb%93%9c%eb%93%9d-%ec%86%8c%ec%8b%9c%ec%a7%80/,2026-08-11
파리바게뜨,트러플오일&버섯크림 파스타,간편식,560.0,14.0,14.0,5.0,880.0,우유|대두|밀|닭고기,https://www.paris.co.kr/product/%ed%8a%b8%eb%9f%ac%ed%94%8c%ec%98%a4%ec%9d%bc%eb%b2%84%ec%84%af%ed%81%ac%eb%a6%bc-%ed%8c%8c%ec%8a%a4%ed%83%80/,2026-08-11,True,True,,https://d2afncas1tel3t.cloudfront.net/wp-content/uploads/2022/07/트러플오일버섯크림파스타_1_1000x1000.jpg,,https://www.paris.co.kr/product/%ed%8a%b8%eb%9f%ac%ed%94%8c%ec%98%a4%ec%9d%bc%eb%b2%84%ec%84%af%ed%81%ac%eb%a6%bc-%ed%8c%8c%ec%8a%a4%ed%83%80/,2026-08-11
파리바게뜨,팥아이스캔디,디저트·스낵,150.0,2.0,1.4,11.0,5.0,우유,https://www.paris.co.kr/product/%ed%8c%a5-%ec%95%84%ec%9d%b4%ec%8a%a4%ec%ba%94%eb%94%94/,2026-08-11,True,True,,https://d2afncas1tel3t.cloudfront.net/wp-content/uploads/2025/03/팥-아이스캔디-썸넬.jpg,,https://www.paris.co.kr/product/%ed%8c%a5-%ec%95%84%ec%9d%b4%ec%8a%a4%ec%ba%94%eb%94%94/,2026-08-11
파리바게뜨,핫도그도넛,빵,295.0,6.0,2.4,6.0,380.0,계란|대두|밀|돼지고기|쇠고기|토마토,https://www.paris.co.kr/product/%ed%95%ab%eb%8f%84%ea%b7%b8%eb%8f%84%eb%84%9b/,2026-08-11,True,True,,https://d2afncas1tel3t.cloudfront.net/wp-content/uploads/2026/07/핫도그도넛-누끼.png,,https://www.paris.co.kr/product/%ed%95%ab%eb%8f%84%ea%b7%b8%eb%8f%84%eb%84%9b/,2026-08-11
파리바게뜨,햄치즈 오리지널 머핀,샌드위치·샐러드,325.0,13.0,4.0,3.0,1110.0,계란|우유|대두|밀|돼지고기|쇠고기|조개류,https://www.paris.co.kr/product/%ed%96%84%ec%b9%98%ec%a6%88-%ec%98%a4%eb%a6%ac%ec%a7%80%eb%84%90-%eb%a8%b8%ed%95%80/,2026-08-11,True,True,,https://d2afncas1tel3t.cloudfront.net/wp-content/uploads/2024/05/햄에그모닝-1280x1280-2.jpg,,https://www.paris.co.kr/product/%ed%96%84%ec%b9%98%ec%a6%88-%ec%98%a4%eb%a6%ac%ec%a7%80%eb%84%90-%eb%a8%b8%ed%95%80/,2026-08-11
파리바게뜨,햄치즈 크라상 샌드위치,샌드위치·샐러드,375.0,10.0,13.0,9.0,670.0,계란|우유|대두|밀|돼지고기|쇠고기|토마토,https://www.paris.co.kr/product/%ed%96%84%ec%b9%98%ec%a6%88-%ed%81%ac%eb%9d%bc%ec%83%81-%ec%83%8c%eb%93%9c%ec%9c%84%ec%b9%98/,2026-08-11,True,True,,https://d2afncas1tel3t.cloudfront.net/wp-content/uploads/2023/08/323049햄치즈크라상샌드위치-1280x1280.jpg,,https://www.paris.co.kr/product/%ed%96%84%ec%b9%98%ec%a6%88-%ed%81%ac%eb%9d%bc%ec%83%81-%ec%83%8c%eb%93%9c%ec%9c%84%ec%b9%98/,2026-08-11
파리바게뜨,호두아몬드 크림치즈빵,빵,455.0,12.0,8.0,16.0,470.0,계란|우유|대두|밀|쇠고기,https://www.paris.co.kr/product/%ed%98%b8%eb%91%90%ec%95%84%eb%aa%ac%eb%93%9c-%ed%81%ac%eb%a6%bc%ec%b9%98%ec%a6%88%eb%b9%b5/,2026-08-11,True,True,,https://d2afncas1tel3t.cloudfront.net/wp-content/uploads/2023/07/호두아몬드-크림치즈빵-1280x1280.jpg,,https://www.paris.co.kr/product/%ed%98%b8%eb%91%90%ec%95%84%eb%aa%ac%eb%93%9c-%ed%81%ac%eb%a6%bc%ec%b9%98%ec%a6%88%eb%b9%b5/,2026-08-11
파리바게뜨,후르티아오젤리 석류,디저트·스낵,115.0,0.0,0.8,23.0,130.0,계란|우유|대두|밀|땅콩|새우|게|돼지고기|쇠고기|닭고기|토마토|오징어|조개류|복숭아,https://www.paris.co.kr/product/%ed%9b%84%eb%a5%b4%ed%8b%b0%ec%95%84%ec%98%a4%ec%a0%a4%eb%a6%ac-%ec%84%9d%eb%a5%98/,2026-08-11,True,True,,https://d2afncas1tel3t.cloudfront.net/wp-content/uploads/210104_후르티아오젤리석류.jpg,,https://www.paris.co.kr/product/%ed%9b%84%eb%a5%b4%ed%8b%b0%ec%95%84%ec%98%a4%ec%a0%a4%eb%a6%ac-%ec%84%9d%eb%a5%98/,2026-08-11
파리바게뜨,11곡 미숫가루 프로틴 쉐이크,음료,175.0,14.0,0.6,6.0,150.0,우유|대두,https://www.paris.co.kr/product/11-grains-powder-shake/,2026-08-11,True,True,,https://d2afncas1tel3t.cloudfront.net/wp-content/uploads/2024/03/0327_상품등록_썸네일_1000x1000.png,,https://www.paris.co.kr/product/11-grains-powder-shake/,2026-08-11
파리바게뜨,세 조각 카스테라(가성비),빵,395.0,8.0,0.7,41.0,110.0,계란|대두|밀,https://www.paris.co.kr/product/3-piece-castella/,2026-08-11,True,True,,https://d2afncas1tel3t.cloudfront.net/wp-content/uploads/2026/03/세조각카스테라.png,,https://www.paris.co.kr/product/3-piece-castella/,2026-08-11
파리바게뜨,애플망고 POP빙수,음료,560.0,6.0,5.0,88.0,100.0,우유,https://www.paris.co.kr/product/apple-mango-pop-shaved-ice/,2026-08-11,True,True,,https://d2afncas1tel3t.cloudfront.net/wp-content/uploads/2025/11/애플망고-빙수.png,,https://www.paris.co.kr/product/apple-mango-pop-shaved-ice/,2026-08-11
파리바게뜨,사각사각 애플파이,빵,245.0,3.0,10.0,4.0,230.0,우유|대두|밀,https://www.paris.co.kr/product/apple-pie/,2026-08-11,True,True,,https://d2afncas1tel3t.cloudfront.net/wp-content/uploads/2023/10/02사각사각애플파이_단면.jpg,,https://www.paris.co.kr/product/apple-pie/,2026-08-11
파리바게뜨,BELT샌드위치,샌드위치·샐러드,440.0,16.0,3.3,9.0,870.0,계란|우유|대두|밀|돼지고기|쇠고기|토마토|조개류,https://www.paris.co.kr/product/bacon-egg-lettuce-tomato-sandwich/,2026-08-11,True,True,,https://d2afncas1tel3t.cloudfront.net/wp-content/uploads/2024/11/BELT-샌드위치-썸넬.png,,https://www.paris.co.kr/product/bacon-egg-lettuce-tomato-sandwich/,2026-08-11
파리바게뜨,[파란라벨]바질페스토 치킨토스트,샌드위치·샐러드,490.0,24.0,6.0,9.0,990.0,계란|우유|대두|밀|닭고기,https://www.paris.co.kr/product/basil-chicken-toast/,2026-08-11,True,True,,https://d2afncas1tel3t.cloudfront.net/wp-content/uploads/2025/09/바질페스토-치킨토스트_썸넬.png,,https://www.paris.co.kr/product/basil-chicken-toast/,2026-08-11
파리바게뜨,바질콘 피자빵,빵,245.0,7.0,2.1,3.0,320.0,계란|우유|대두|밀,https://www.paris.co.kr/product/basil-corn-pizza-bread/,2026-08-11,True,True,,https://d2afncas1tel3t.cloudfront.net/wp-content/uploads/2026/05/바질콘치즈피자빵_45도.png,,https://www.paris.co.kr/product/basil-corn-pizza-bread/,2026-08-11
파리바게뜨,[파란라벨]바질리코타 호밀샌드위치,샌드위치·샐러드,545.0,17.0,10.0,6.0,800.0,계란|우유|대두|밀|돼지고기|토마토,https://www.paris.co.kr/product/basil-ricotta-sandwich/,2026-08-11,True,True,,https://d2afncas1tel3t.cloudfront.net/wp-content/uploads/2025/02/바질리코타-호밀-샌드위치.jpg,,https://www.paris.co.kr/product/basil-ricotta-sandwich/,2026-08-11
파리바게뜨,바질 리코타 토마토 파스타,간편식,430.0,13.0,5.0,9.0,1260.0,계란|우유|대두|밀|쇠고기|닭고기|토마토|조개류,https://www.paris.co.kr/product/basil-ricotta-tomato-pasta/,2026-08-11,True,True,,https://d2afncas1tel3t.cloudfront.net/wp-content/uploads/2026/04/HMR-바질-리코타-토마토-파스타_시뮬제품.png,,https://www.paris.co.kr/product/basil-ricotta-tomato-pasta/,2026-08-11
파리바게뜨,곰곰이 베리 하트해,선물,695.0,8.0,27.0,37.0,110.0,우유|대두,https://www.paris.co.kr/product/bear-heart-chocolate-2/,2026-08-11,True,True,,https://d2afncas1tel3t.cloudfront.net/wp-content/uploads/2026/01/곰곰이베리하트해.jpg,,https://www.paris.co.kr/product/bear-heart-chocolate-2/,2026-08-11
파리바게뜨,곰곰이 젤리해(망고&포도),디저트·스낵,230.0,4.0,0.0,34.0,0.0,돼지고기,https://www.paris.co.kr/product/bear-jelly-mango-grape/,2026-08-11,True,True,,https://d2afncas1tel3t.cloudfront.net/wp-content/uploads/2023/07/곰곰이-젤리해망고포도.png,,https://www.paris.co.kr/product/bear-jelly-mango-grape/,2026-08-11
파리바게뜨,베리 오트밀 쿠키,디저트·스낵,165.0,3.0,3.3,11.0,130.0,계란|우유|대두|밀,https://www.paris.co.kr/product/berry-oatmeal-cookie/,2026-08-11,True,True,,https://d2afncas1tel3t.cloudfront.net/wp-content/uploads/2025/03/베리-오트밀-쿠키.png,,https://www.paris.co.kr/product/berry-oatmeal-cookie/,2026-08-11
파리바게뜨,빅 아이스 아메리카노,음료,15.0,1.0,0.0,0.0,20.0,,https://www.paris.co.kr/product/big-ice-americano/,2026-08-11,True,True,,https://d2afncas1tel3t.cloudfront.net/wp-content/uploads/211001_빅아이스아메리카노-1280.jpg,,https://www.paris.co.kr/product/big-ice-americano/,2026-08-11
파리바게뜨,빅! 우피파이,빵,166.0,3.0,2.0,14.0,62.0,계란|우유|대두|밀|돼지고기|쇠고기,https://www.paris.co.kr/product/big-whoopie-pie/,2026-08-11,True,True,,https://d2afncas1tel3t.cloudfront.net/wp-content/uploads/2026/05/빅우피파이.png,,https://www.paris.co.kr/product/big-whoopie-pie/,2026-08-11
파리바게뜨,[파란라벨]흑보리 깜빠뉴,빵,1095.0,36.0,6.0,20.0,1650.0,우유|대두|밀,https://www.paris.co.kr/product/black-barley-bread/,2026-08-11,True,True,,https://d2afncas1tel3t.cloudfront.net/wp-content/uploads/2026/02/흑보리깜빠뉴.png,,https://www.paris.co.kr/product/black-barley-bread/,2026-08-11
파리바게뜨,흑미보리차,기타,12.0,0.0,0.0,0.0,15.0,,https://www.paris.co.kr/product/black-barley-tea/,2026-08-11,True,True,,https://d2afncas1tel3t.cloudfront.net/wp-content/uploads/2021/05/흑미보리차하프라벨.jpg,,https://www.paris.co.kr/product/black-barley-tea/,2026-08-11
파리바게뜨,촉촉한 바나나케익,빵,345.0,10.0,3.3,7.0,770.0,우유|대두|밀,https://www.paris.co.kr/product/black-olive-cheese-bagel/,2026-08-11,True,True,,https://d2afncas1tel3t.cloudfront.net/wp-content/uploads/2023/02/블랙올리브치즈베이글_001.jpg,블랙올리브 고소한 롤치즈가 들어간 짭조름하게 맛있는 베이글,https://www.paris.co.kr/product/black-olive-cheese-bagel/,2026-08-11
파리바게뜨,블랙올리브 치즈 치아바타 샌드위치,샌드위치·샐러드,415.0,17.0,4.4,5.0,1070.0,계란|우유|대두|밀|돼지고기|쇠고기|닭고기|토마토,https://www.paris.co.kr/product/black-olive-cheese-ciabatta-sandwich/,2026-08-11,True,True,,https://d2afncas1tel3t.cloudfront.net/wp-content/uploads/2024/04/블랙올리브치즈치아바타-누끼컷-2.png,,https://www.paris.co.kr/product/black-olive-cheese-ciabatta-sandwich/,2026-08-11
파리바게뜨,흑임자 베이글,빵,345.0,10.0,1.7,11.0,530.0,우유|대두|밀,https://www.paris.co.kr/product/black-sesame-bagel/,2026-08-11,True,True,,https://d2afncas1tel3t.cloudfront.net/wp-content/uploads/2026/07/흑임자베이글.png,,https://www.paris.co.kr/product/black-sesame-bagel/,2026-08-11
파리바게뜨,유자가나슈 마카롱,디저트·스낵,90.0,1.0,1.9,10.0,10.0,계란|우유|대두,https://www.paris.co.kr/product/blueberry-macaron/,2026-08-11,True,True,,https://d2afncas1tel3t.cloudfront.net/wp-content/uploads/574740-블루베리-마카롱_썸네일1.png,부드러운 크림 사이에 상큼한 블루베리잼이 어우러진 블루베리 마카롱,https://www.paris.co.kr/product/blueberry-macaron/,2026-08-11
파리바게뜨,블루베리 머핀,빵,310.0,4.0,3.4,18.0,180.0,계란|우유|대두|밀,https://www.paris.co.kr/product/blueberry-muffin/,2026-08-11,True,True,,https://d2afncas1tel3t.cloudfront.net/wp-content/uploads/2026/05/블루베리머핀.png,,https://www.paris.co.kr/product/blueberry-muffin/,2026-08-11
파리바게뜨,인생크림빵 소보루,빵,415.0,6.0,4.9,23.0,340.0,계란|우유|대두|밀,https://www.paris.co.kr/product/brown-sugar-hotteok/,2026-08-11,True,True,,https://d2afncas1tel3t.cloudfront.net/wp-content/uploads/574755-쫀득흑당호떡_썸네일1.jpg,달콤한 흑당이 듬뿍~고소한 견과류로 고소하게 즐기는 쫀득흑당호떡,https://www.paris.co.kr/product/brown-sugar-hotteok/,2026-08-11
파리바게뜨,불고기 에그 샐러드랩,샌드위치·샐러드,425.0,14.0,4.7,11.0,1100.0,계란|우유|대두|밀|돼지고기|쇠고기|토마토,https://www.paris.co.kr/product/bulgogi-egg-salad-wrap/,2026-08-11,True,True,,https://d2afncas1tel3t.cloudfront.net/wp-content/uploads/2024/03/건강한-불고기에그-샐러드랩_1000x1000.png,,https://www.paris.co.kr/product/bulgogi-egg-salad-wrap/,2026-08-11
파리바게뜨,불고기 샐러드,샌드위치·샐러드,231.0,11.0,3.1,0.8,620.0,계란|우유|대두|밀|돼지고기|쇠고기|닭고기|토마토|조개류,https://www.paris.co.kr/product/bulgogi-salad/,2026-08-11,True,True,,https://d2afncas1tel3t.cloudfront.net/wp-content/uploads/2026/04/9000276-불고기샐러드.png,,https://www.paris.co.kr/product/bulgogi-salad/,2026-08-11
파리바게뜨,버터 크라상 파이(낱개),빵,75.0,1.0,2.1,4.0,70.0,계란|우유|대두|밀,https://www.paris.co.kr/product/butter-croissant-pie-2/,2026-08-11,True,True,,https://d2afncas1tel3t.cloudfront.net/wp-content/uploads/2025/08/버터크라상파이-썸넬.jpg,,https://www.paris.co.kr/product/butter-croissant-pie-2/,2026-08-11
파리바게뜨,버터 크라상 파이(8개입),선물,600.0,8.0,16.8,32.0,560.0,계란|우유|대두|밀,https://www.paris.co.kr/product/butter-croissant-pie-set/,2026-08-11,True,True,,https://d2afncas1tel3t.cloudfront.net/wp-content/uploads/2025/08/버터크라상파이-리뉴얼-썸넬.png,,https://www.paris.co.kr/product/butter-croissant-pie-set/,2026-08-11
파리바게뜨,[파란라벨]치킨에그 통곡물 샌드위치,샌드위치·샐러드,635.0,23.0,6.0,13.0,1360.0,계란|우유|대두|밀|쇠고기|닭고기|토마토|조개류,https://www.paris.co.kr/product/caesar-chicken-egg-sandwich/,2026-08-11,True,True,,https://d2afncas1tel3t.cloudfront.net/wp-content/uploads/2025/02/시저치킨에그-통곡물-샌드위치.jpg,,https://www.paris.co.kr/product/caesar-chicken-egg-sandwich/,2026-08-11
파리바게뜨,시저치킨 샐러드,샌드위치·샐러드,253.0,17.0,4.1,5.0,700.0,계란|우유|대두|밀|쇠고기|닭고기|토마토|조개류,https://www.paris.co.kr/product/caesar-chicken-salad/,2026-08-11,True,True,,https://d2afncas1tel3t.cloudfront.net/wp-content/uploads/2026/04/9000275-시저치킨샐러드.png,,https://www.paris.co.kr/product/caesar-chicken-salad/,2026-08-11
파리바게뜨,시저치킨 멀티그레인 샌드위치,샌드위치·샐러드,495.0,19.0,2.6,6.0,850.0,계란|우유|대두|밀|쇠고기|닭고기|토마토|조개류,https://www.paris.co.kr/product/caesar-chicken-sandwich-with-multigrain-bread/,2026-08-11,True,True,,https://d2afncas1tel3t.cloudfront.net/wp-content/uploads/2026/02/시저치킨멀티그레인샌드위치.png,,https://www.paris.co.kr/product/caesar-chicken-sandwich-with-multigrain-bread/,2026-08-11
파리바게뜨,카페 아다지오 크림라떼,음료,179.0,5.0,4.7,23.0,70.0,우유,https://www.paris.co.kr/product/cafe-adagio-cream-latte/,2026-08-11,True,True,,https://d2afncas1tel3t.cloudfront.net/wp-content/uploads/2025/06/카페아다지오-컵커피-크림라떼-썸넬.jpg,,https://www.paris.co.kr/product/cafe-adagio-cream-latte/,2026-08-11
파리바게뜨,카페 아다지오 딥쇼콜라라떼,음료,190.0,5.0,4.5,24.0,164.0,우유|대두,https://www.paris.co.kr/product/cafe-adagio-mocha-latte/,2026-08-11,True,True,,https://d2afncas1tel3t.cloudfront.net/wp-content/uploads/2025/06/카페아다지오-컵커피-딥쇼콜라-라떼-썸넬.jpg,,https://www.paris.co.kr/product/cafe-adagio-mocha-latte/,2026-08-11
파리바게뜨,카라멜 라떼 크림빵,빵,240.0,4.0,5.0,11.0,230.0,계란|우유|대두|밀,https://www.paris.co.kr/product/caramel-latte-cream-bread/,2026-08-11,True,True,,https://d2afncas1tel3t.cloudfront.net/wp-content/uploads/2025/06/카라멜-라떼-크림빵-썸넬3.jpg,,https://www.paris.co.kr/product/caramel-latte-cream-bread/,2026-08-11
파리바게뜨,당근이세요? 케이크,케이크,435.0,8.0,7.0,23.0,230.0,계란|우유|대두|밀,https://www.paris.co.kr/product/carrot-cake/,2026-08-11,True,True,,https://d2afncas1tel3t.cloudfront.net/wp-content/uploads/2026/06/당근이세요-케이크.png,,https://www.paris.co.kr/product/carrot-cake/,2026-08-11
파리바게뜨,카스테라생크림도넛,빵,285.0,3.0,6.0,9.0,160.0,계란|우유|대두|밀,https://www.paris.co.kr/product/castella-cream-donut/,2026-08-11,True,True,,https://d2afncas1tel3t.cloudfront.net/wp-content/uploads/2025/07/카스테라-생크림-도넛단면-썸넬.png,,https://www.paris.co.kr/product/castella-cream-donut/,2026-08-11
파리바게뜨,황치즈 페스츄리,빵,230.0,5.0,7.0,6.0,310.0,계란|우유|대두|밀|닭고기,https://www.paris.co.kr/product/cheddar-cheese-pastry/,2026-08-11,True,True,,https://d2afncas1tel3t.cloudfront.net/wp-content/uploads/2026/05/황치즈롤페스츄리.png,,https://www.paris.co.kr/product/cheddar-cheese-pastry/,2026-08-11
파리바게뜨,[파란라벨]롤치즈 브레드,빵,590.0,24.0,15.0,9.0,1460.0,우유|대두|밀,https://www.paris.co.kr/product/cheese-bread/,2026-08-11,True,True,,https://d2afncas1tel3t.cloudfront.net/wp-content/uploads/2025/08/롤치즈브레드_썸넬.jpg,,https://www.paris.co.kr/product/cheese-bread/,2026-08-11
파리바게뜨,고소한 치즈 핑거스틱,빵,320.0,8.0,9.0,13.0,430.0,계란|우유|대두|밀,https://www.paris.co.kr/product/cheese-finger-stick/,2026-08-11,True,True,,https://d2afncas1tel3t.cloudfront.net/wp-content/uploads/2026/05/고소한-치즈-핑거스틱.jpg,,https://www.paris.co.kr/product/cheese-finger-stick/,2026-08-11
파리바게뜨,[파란라벨]치즈감자 치아바타,빵,370.0,21.0,2.9,6.0,730.0,우유|대두|밀,https://www.paris.co.kr/product/cheese-potato-ciabatta/,2026-08-11,True,True,,https://d2afncas1tel3t.cloudfront.net/wp-content/uploads/2025/08/치즈감자치아바타_썸넬2.jpg,,https://www.paris.co.kr/product/cheese-potato-ciabatta/,2026-08-11
파리바게뜨,치즈 파운드,빵,130.0,2.0,4.5,10.0,90.0,계란|우유|대두|밀,https://www.paris.co.kr/product/cheese-pound/,2026-08-11,True,True,,https://d2afncas1tel3t.cloudfront.net/wp-content/uploads/2026/05/치즈-슬라이스-파운드.png,,https://www.paris.co.kr/product/cheese-pound/,2026-08-11
파리바게뜨,체리 젤라또,디저트·스낵,110.0,2.0,1.5,18.0,15.0,우유,https://www.paris.co.kr/product/cherry-gelato/,2026-08-11,True,True,,https://d2afncas1tel3t.cloudfront.net/wp-content/uploads/2025/03/체리-젤라또-썸넬-new.jpg,,https://www.paris.co.kr/product/cherry-gelato/,2026-08-11
파리바게뜨,밤양갱,선물,155.0,1.0,0.1,27.0,20.0,우유|대두,https://www.paris.co.kr/product/chestnut-jelly/,2026-08-11,True,True,,https://d2afncas1tel3t.cloudfront.net/wp-content/uploads/2025/11/밤-양갱-썸넬.png,,https://www.paris.co.kr/product/chestnut-jelly/,2026-08-11
파리바게뜨,복덕밤만주,선물,990.0,18.0,6.0,108.0,630.0,계란|우유|대두|밀,https://www.paris.co.kr/product/chestnut-manju/,2026-08-11,True,True,,https://d2afncas1tel3t.cloudfront.net/wp-content/uploads/2025/02/복덕밤만주_제품.jpg,,https://www.paris.co.kr/product/chestnut-manju/,2026-08-11
파리바게뜨,곡물 가득 치킨 아몬드 샌드위치,샌드위치·샐러드,410.0,15.0,2.1,8.0,680.0,계란|우유|대두|밀|쇠고기|닭고기|토마토,https://www.paris.co.kr/product/chicken-almond-sandwich/,2026-08-11,True,True,,https://d2afncas1tel3t.cloudfront.net/wp-content/uploads/2025/09/곡물가득-치킨아몬드-샌드위치_썸넬.png,,https://www.paris.co.kr/product/chicken-almond-sandwich/,2026-08-11
파리바게뜨,치킨디럭스 샌드위치,샌드위치·샐러드,445.0,19.0,6.0,7.0,900.0,계란|우유|대두|밀|돼지고기|닭고기|토마토,https://www.paris.co.kr/product/chicken-deluxe-sandwich/,2026-08-11,True,True,,https://d2afncas1tel3t.cloudfront.net/wp-content/uploads/2024/07/치킨디럭스샌드위치-1280x1280.png,,https://www.paris.co.kr/product/chicken-deluxe-sandwich/,2026-08-11
파리바게뜨,단백질 듬뿍 치킨 에그샐러드,샌드위치·샐러드,190.0,15.0,2.1,2.0,560.0,계란|우유|대두|닭고기|토마토,https://www.paris.co.kr/product/chicken-egg-sandwich/,2026-08-11,True,True,,https://d2afncas1tel3t.cloudfront.net/wp-content/uploads/2024/05/단백질-듬뿍-에그-샐러드.jpg,,https://www.paris.co.kr/product/chicken-egg-sandwich/,2026-08-11
파리바게뜨,중화풍 잡채볶음밥,간편식,320.0,7.0,1.4,6.0,1200.0,대두|밀|돼지고기|닭고기,https://www.paris.co.kr/product/chinese-style-japchae-fried-rice/,2026-08-11,True,True,,https://d2afncas1tel3t.cloudfront.net/wp-content/uploads/2025/08/중화풍잡채볶음밥-썸넬.png,,https://www.paris.co.kr/product/chinese-style-japchae-fried-rice/,2026-08-11
파리바게뜨,중화 울면,간편식,350.0,14.0,0.8,9.0,2260.0,계란|대두|밀|새우|돼지고기|쇠고기|오징어|조개류,https://www.paris.co.kr/product/chinese-ulmyeon/,2026-08-11,True,True,,https://d2afncas1tel3t.cloudfront.net/wp-content/uploads/2025/04/중화울면-썸넬2.jpg,,https://www.paris.co.kr/product/chinese-ulmyeon/,2026-08-11
파리바게뜨,초코카스테라,선물,285.0,6.0,3.5,23.0,120.0,계란|우유|대두|밀,https://www.paris.co.kr/product/choco-castella/,2026-08-11,True,True,,https://d2afncas1tel3t.cloudfront.net/wp-content/uploads/2024/12/초코카스테라-썸넬1.jpg,,https://www.paris.co.kr/product/choco-castella/,2026-08-11
파리바게뜨,초코칩 월넛 쿠키,기타,175.0,2.0,3.6,14.0,115.0,계란|우유|대두|밀,https://www.paris.co.kr/product/choco-chip-walnut-cookie/,2026-08-11,True,True,,https://d2afncas1tel3t.cloudfront.net/wp-content/uploads/2026/06/초코칩-월넛-쿠키.png,,https://www.paris.co.kr/product/choco-chip-walnut-cookie/,2026-08-11
파리바게뜨,초코티라미수 랑그드샤,선물,290.0,4.0,9.0,19.0,85.0,계란|우유|대두|밀|쇠고기,https://www.paris.co.kr/product/choco-tiramisu-langue-de-chat/,2026-08-11,True,True,,https://d2afncas1tel3t.cloudfront.net/wp-content/uploads/2025/04/PB-랑그드샤_초코.jpg,,https://www.paris.co.kr/product/choco-tiramisu-langue-de-chat/,2026-08-11
파리바게뜨,쇼콜라 사브레,선물,450.0,6.0,15.0,18.0,120.0,계란|우유|대두|밀,https://www.paris.co.kr/product/chocolat-sable/,2026-08-11,True,True,,https://d2afncas1tel3t.cloudfront.net/wp-content/uploads/2025/08/쇼콜라-샤브레-썸넬.png,,https://www.paris.co.kr/product/chocolat-sable/,2026-08-11
파리바게뜨,초코바게뜨,빵,350.0,9.0,3.9,17.0,480.0,우유|대두|밀,https://www.paris.co.kr/product/chocolate-baguette/,2026-08-11,True,True,,https://d2afncas1tel3t.cloudfront.net/wp-content/uploads/2026/06/초코바게뜨.png,,https://www.paris.co.kr/product/chocolate-baguette/,2026-08-11
파리바게뜨,LA쫀득도넛,빵,235.0,2.0,7.0,9.0,95.0,계란|우유|대두|밀,https://www.paris.co.kr/product/chocolate-chewy-donut/,2026-08-11,True,True,,https://d2afncas1tel3t.cloudfront.net/wp-content/uploads/2026/01/LA쫀득도넛.jpg,,https://www.paris.co.kr/product/chocolate-chewy-donut/,2026-08-11
파리바게뜨,초코 청크스콘,디저트·스낵,405.0,7.0,13.0,18.0,380.0,계란|우유|대두|밀,https://www.paris.co.kr/product/chocolate-chunk-scone/,2026-08-11,True,True,,https://d2afncas1tel3t.cloudfront.net/wp-content/uploads/2026/06/초코청크스콘.png,,https://www.paris.co.kr/product/chocolate-chunk-scone/,2026-08-11
파리바게뜨,쇼콜라크림도넛,빵,240.0,5.0,6.0,8.0,210.0,계란|우유|대두|밀,https://www.paris.co.kr/product/chocolate-cream-donut/,2026-08-11,True,True,,https://d2afncas1tel3t.cloudfront.net/wp-content/uploads/2026/04/쇼콜라크림도넛.png,,https://www.paris.co.kr/product/chocolate-cream-donut/,2026-08-11
파리바게뜨,초코마카롱,디저트·스낵,90.0,2.0,1.7,8.0,5.0,계란|우유|대두,https://www.paris.co.kr/product/chocolate-macaron/,2026-08-11,True,True,,https://d2afncas1tel3t.cloudfront.net/wp-content/uploads/574734-초코마카롱_썸네일1-1280x1280.png,초코 본연의 깊고 진한 맛을 즐길 수 있는 초코 마카롱,https://www.paris.co.kr/product/chocolate-macaron/,2026-08-11
파리바게뜨,초코초코 롤리초코,선물,116.0,1.0,4.7,10.0,10.0,우유|대두,https://www.paris.co.kr/product/chocolate-shape-stick-chocolate/,2026-08-11,True,True,,https://d2afncas1tel3t.cloudfront.net/wp-content/uploads/2026/01/초코초코롤리초코.jpg,,https://www.paris.co.kr/product/chocolate-shape-stick-chocolate/,2026-08-11
파리바게뜨,초코멜로베어 밀크,디저트·스낵,155.0,2.0,2.0,22.0,15.0,우유|대두|쇠고기,https://www.paris.co.kr/product/chocomallow-bear-milk/,2026-08-11,True,True,,https://d2afncas1tel3t.cloudfront.net/wp-content/uploads/2026/01/초코멜로베어-밀크_제품.png,,https://www.paris.co.kr/product/chocomallow-bear-milk/,2026-08-11
파리바게뜨,촉촉한 클래식 치즈케이크,케이크,305.0,6.0,7.0,20.0,200.0,계란|우유|대두|밀,https://www.paris.co.kr/product/classic-cheese-cake/,2026-08-11,True,True,,https://d2afncas1tel3t.cloudfront.net/wp-content/uploads/2025/04/촉촉한-클래식-치즈케이크-썸넬.jpg,,https://www.paris.co.kr/product/classic-cheese-cake/,2026-08-11
파리바게뜨,쿠키 앤 치즈 케이크,케이크,450.0,5.0,16.0,23.0,180.0,계란|우유|대두|밀|돼지고기,https://www.paris.co.kr/product/cookie-and-cheese-cake/,2026-08-11,True,True,,https://d2afncas1tel3t.cloudfront.net/wp-content/uploads/2026/06/쿠키앤치즈-케이크.png,,https://www.paris.co.kr/product/cookie-and-cheese-cake/,2026-08-11
파리바게뜨,크랜베리 치킨 브라운 샌드위치,샌드위치·샐러드,490.0,14.0,3.4,11.0,690.0,계란|우유|대두|밀|쇠고기|닭고기|토마토,https://www.paris.co.kr/product/cranberry-chicken-grain-sandwich/,2026-08-11,True,True,,https://d2afncas1tel3t.cloudfront.net/wp-content/uploads/2024/11/크랜베리치킨-브라운-샌드위치-썸넬.png,,https://www.paris.co.kr/product/cranberry-chicken-grain-sandwich/,2026-08-11
파리바게뜨,[파란라벨]크랜베리 호밀 깜빠뉴,빵,630.0,24.0,1.6,20.0,1400.0,우유|대두|밀,https://www.paris.co.kr/product/cranberry-rye-bread/,2026-08-11,True,True,,https://d2afncas1tel3t.cloudfront.net/wp-content/uploads/2025/02/크랜베리호밀깜빠뉴-슬라이스.jpg,,https://www.paris.co.kr/product/cranberry-rye-bread/,2026-08-11
파리바게뜨,크랜베리 사브레,선물,445.0,5.0,16.0,13.0,100.0,계란|우유|밀,https://www.paris.co.kr/product/cranberry-sable/,2026-08-11,True,True,,https://d2afncas1tel3t.cloudfront.net/wp-content/uploads/2026/01/크랜베리-사브레.jpg,,https://www.paris.co.kr/product/cranberry-sable/,2026-08-11
파리바게뜨,짱구는 못말려 청포도맛(PET),음료,78.0,0.0,0.0,17.0,5.0,,https://www.paris.co.kr/product/crayon-shinchan-green-grape-juice/,2026-08-11,True,True,,https://d2afncas1tel3t.cloudfront.net/wp-content/uploads/2023/11/짱구는-못말려.png,,https://www.paris.co.kr/product/crayon-shinchan-green-grape-juice/,2026-08-11
파리바게뜨,크림치즈롤 페스츄리,빵,130.0,2.0,4.0,4.0,130.0,계란|우유|대두|밀|쇠고기,https://www.paris.co.kr/product/cream-cheese-pasty/,2026-08-11,True,True,,https://d2afncas1tel3t.cloudfront.net/wp-content/uploads/2025/02/크림치즈롤-썸넬2.jpg,,https://www.paris.co.kr/product/cream-cheese-pasty/,2026-08-11
파리바게뜨,크림치즈 프레즐,빵,160.0,4.0,2.6,3.0,390.0,우유|대두|밀|쇠고기,https://www.paris.co.kr/product/cream-cheese-pretzel/,2026-08-11,True,True,,https://d2afncas1tel3t.cloudfront.net/wp-content/uploads/2024/02/크림치즈-프레즐-1280x1280.png,,https://www.paris.co.kr/product/cream-cheese-pretzel/,2026-08-11
파리바게뜨,크레이프 케이크 (조각),케이크,430.0,6.0,3.2,17.0,105.0,계란|우유|대두|밀,https://www.paris.co.kr/product/crepe-cake-piece/,2026-08-11,True,True,,https://d2afncas1tel3t.cloudfront.net/wp-content/uploads/2025/05/크레이프케이크-썸넬-업뎃.jpg,,https://www.paris.co.kr/product/crepe-cake-piece/,2026-08-11
파리바게뜨,슈크림빵,빵,250.0,6.0,3.1,13.0,180.0,계란|우유|대두|밀,https://www.paris.co.kr/product/custard-cream-bread/,2026-08-11,True,True,,https://d2afncas1tel3t.cloudfront.net/wp-content/uploads/2019/11/슈크림빵점포조리-썸넬.jpg,,https://www.paris.co.kr/product/custard-cream-bread/,2026-08-11
파리바게뜨,데일리주스 복숭아&망고,음료,135.0,0.0,0.0,33.0,0.0,복숭아,https://www.paris.co.kr/product/daily-juice-peach-mango/,2026-08-11,True,True,,https://d2afncas1tel3t.cloudfront.net/wp-content/uploads/2023/07/썸네일_데일리주스_02_피치망고.jpg,,https://www.paris.co.kr/product/daily-juice-peach-mango/,2026-08-11
파리바게뜨,진한 초코 브라우니 쿠키,디저트·스낵,520.0,7.0,15.0,33.0,260.0,계란|우유|대두|밀,https://www.paris.co.kr/product/deep-chocolate-brownie-cookie/,2026-08-11,True,True,,https://d2afncas1tel3t.cloudfront.net/wp-content/uploads/2026/02/진한초코브라우니쿠키.png,,https://www.paris.co.kr/product/deep-chocolate-brownie-cookie/,2026-08-11
파리바게뜨,브라운 디럭스 샌드위치,샌드위치·샐러드,455.0,14.0,5.0,9.0,920.0,계란|우유|대두|밀|돼지고기|토마토,https://www.paris.co.kr/product/deluxe-grain-sandwich/,2026-08-11,True,True,,https://d2afncas1tel3t.cloudfront.net/wp-content/uploads/2024/11/브라운디럭스샌드위치-썸넬.png,,https://www.paris.co.kr/product/deluxe-grain-sandwich/,2026-08-11
파리바게뜨,두쫀 타르트,디저트·스낵,295.0,4.0,6.0,13.0,80.0,계란|우유|대두|밀|땅콩|쇠고기,https://www.paris.co.kr/product/dubai-style-chewy-tart/,2026-08-11,True,True,,https://d2afncas1tel3t.cloudfront.net/wp-content/uploads/2026/01/두쫀타르트.jpg,,https://www.paris.co.kr/product/dubai-style-chewy-tart/,2026-08-11
파리바게뜨,에그샐러드샌드위치,샌드위치·샐러드,475.0,16.0,6.0,6.0,890.0,계란|우유|대두|밀|돼지고기|닭고기,https://www.paris.co.kr/product/egg-salad-sandwich/,2026-08-11,True,True,,https://d2afncas1tel3t.cloudfront.net/wp-content/uploads/2023/06/에그샐러드샌드위치-1280x1280.png,,https://www.paris.co.kr/product/egg-salad-sandwich/,2026-08-11
파리바게뜨,한입만 에그마요롤(가성비),샌드위치·샐러드,195.0,5.0,2.3,4.0,240.0,계란|우유|대두|밀,https://www.paris.co.kr/product/egg-sandwich/,2026-08-11,True,True,,https://d2afncas1tel3t.cloudfront.net/wp-content/uploads/2026/02/한입만에그마요롤.png,,https://www.paris.co.kr/product/egg-sandwich/,2026-08-11
파리바게뜨,에그쉬림프 샌드위치,샌드위치·샐러드,470.0,18.0,4.2,9.0,730.0,계란|우유|대두|밀|새우|토마토,https://www.paris.co.kr/product/egg-shrimp-sandwich/,2026-08-11,True,True,,https://d2afncas1tel3t.cloudfront.net/wp-content/uploads/2024/08/에그쉬림프-샌드위치-1280x1280.png,,https://www.paris.co.kr/product/egg-shrimp-sandwich/,2026-08-11
파리바게뜨,치즈듬뿍 치킨로제 도리아,간편식,555.0,22.0,13.0,9.0,1740.0,우유|대두|밀|쇠고기|닭고기|토마토|조개류,https://www.paris.co.kr/product/extra-cheesy-chicken-rose-doria/,2026-08-11,True,True,,https://d2afncas1tel3t.cloudfront.net/wp-content/uploads/2026/04/HMR-치즈듬뿍-치킨로제-도리아.png,,https://www.paris.co.kr/product/extra-cheesy-chicken-rose-doria/,2026-08-11
파리바게뜨,프렌치 붓세(가성비),빵,151.0,2.0,3.0,12.0,45.0,계란|우유|대두|밀,https://www.paris.co.kr/product/french-bouchee/,2026-08-11,True,True,,https://d2afncas1tel3t.cloudfront.net/wp-content/uploads/2026/02/프렌치붓세.png,,https://www.paris.co.kr/product/french-bouchee/,2026-08-11
파리바게뜨,프랑스정통바게뜨(H),빵,365.0,12.0,0.5,4.0,650.0,밀,https://www.paris.co.kr/product/french-style-baguette-half/,2026-08-11,True,True,,https://d2afncas1tel3t.cloudfront.net/wp-content/uploads/2025/03/프랑스-정통-바게뜨-썸넬2.jpg,,https://www.paris.co.kr/product/french-style-baguette-half/,2026-08-11
파리바게뜨,프랑스정통바게뜨,빵,730.0,23.0,1.1,8.0,1300.0,밀,https://www.paris.co.kr/product/french-style-baguette/,2026-08-11,True,True,,https://d2afncas1tel3t.cloudfront.net/wp-content/uploads/2025/03/프랑스-정통-바게뜨-썸넬1.jpg,,https://www.paris.co.kr/product/french-style-baguette/,2026-08-11
파리바게뜨,부드러운 후레쉬 크림빵,빵,305.0,5.0,9.0,14.0,260.0,계란|우유|대두|밀,https://www.paris.co.kr/product/fresh-cream-bread/,2026-08-11,True,True,,https://d2afncas1tel3t.cloudfront.net/wp-content/uploads/2024/12/부드러운후레쉬크림빵-썸넬3.jpg,,https://www.paris.co.kr/product/fresh-cream-bread/,2026-08-11
파리바게뜨,우유 생크림 카스테라,선물,435.0,8.0,10.0,30.0,140.0,계란|우유|대두|밀,https://www.paris.co.kr/product/fresh-milk-cream-castella/,2026-08-11,True,True,,https://d2afncas1tel3t.cloudfront.net/wp-content/uploads/2026/06/우유생크림카스테라-제품.png,,https://www.paris.co.kr/product/fresh-milk-cream-castella/,2026-08-11
파리바게뜨,부드러운 초코가나슈 케이크,케이크,355.0,5.0,14.0,18.0,65.0,계란|우유|대두|밀,https://www.paris.co.kr/product/ganache-chocolate-cake/,2026-08-11,True,True,,https://d2afncas1tel3t.cloudfront.net/wp-content/uploads/2024/03/thum_부드러운-초코가나슈-케이크.png,,https://www.paris.co.kr/product/ganache-chocolate-cake/,2026-08-11
파리바게뜨,NEW 마늘바게뜨,빵,800.0,22.0,7.0,15.0,1410.0,계란|우유|대두|밀,https://www.paris.co.kr/product/garlic-baguette/,2026-08-11,True,True,,https://d2afncas1tel3t.cloudfront.net/wp-content/uploads/2024/03/NEW마늘바게뜨_1000x1000.jpg,,https://www.paris.co.kr/product/garlic-baguette/,2026-08-11
파리바게뜨,마늘빵 (5개입),빵,355.0,7.0,4.3,17.0,460.0,계란|우유|대두|밀,https://www.paris.co.kr/product/garlic-bread-5p/,2026-08-11,True,True,,https://d2afncas1tel3t.cloudfront.net/wp-content/uploads/2024/03/712cb759-50a9-4521-a01c-2100e3716007.png,,https://www.paris.co.kr/product/garlic-bread-5p/,2026-08-11
파리바게뜨,마늘빵,빵,70.0,1.0,0.9,3.0,90.0,계란|우유|대두|밀,https://www.paris.co.kr/product/garlic-bread/,2026-08-11,True,True,,https://d2afncas1tel3t.cloudfront.net/wp-content/uploads/2024/03/마늘빵_1000x1000.jpg,,https://www.paris.co.kr/product/garlic-bread/,2026-08-11
파리바게뜨,갈릭 꼬구마(가성비),빵,75.0,1.0,2.0,3.0,90.0,계란|우유|대두|밀,https://www.paris.co.kr/product/garlic-sweet-potato-pastry/,2026-08-11,True,True,,https://d2afncas1tel3t.cloudfront.net/wp-content/uploads/2026/02/1.-갈릭-꼬구마.png,,https://www.paris.co.kr/product/garlic-sweet-potato-pastry/,2026-08-11
파리바게뜨,생강레몬 캔디,디저트·스낵,285.0,0.0,0.0,55.0,0.0,대두,https://www.paris.co.kr/product/ginger-lemon-candy/,2026-08-11,True,True,,https://d2afncas1tel3t.cloudfront.net/wp-content/uploads/2026/04/생강레몬캔디-제품.png,,https://www.paris.co.kr/product/ginger-lemon-candy/,2026-08-11
파리바게뜨,고추장 불고기 샌드위치,샌드위치·샐러드,395.0,13.0,2.7,20.0,970.0,계란|우유|대두|밀|돼지고기|쇠고기|닭고기|조개류,https://www.paris.co.kr/product/gochujang-bulgogi-sandwich/,2026-08-11,True,True,,https://d2afncas1tel3t.cloudfront.net/wp-content/uploads/2026/07/고추장불고기샌드위치.png,,https://www.paris.co.kr/product/gochujang-bulgogi-sandwich/,2026-08-11
파리바게뜨,황치즈 쫀득 츄러스,빵,210.0,3.0,4.2,5.0,250.0,계란|우유|대두|밀,https://www.paris.co.kr/product/golden-cheese-chewy-churros/,2026-08-11,True,True,,https://d2afncas1tel3t.cloudfront.net/wp-content/uploads/2026/06/황치즈쫀득츄러스.png,,https://www.paris.co.kr/product/golden-cheese-chewy-churros/,2026-08-11
파리바게뜨,3가지맛 굿모닝 샌드위치,샌드위치·샐러드,560.0,13.0,5.0,15.0,740.0,계란|우유|대두|밀|돼지고기|토마토,https://www.paris.co.kr/product/good-morning-sandwich/,2026-08-11,True,True,,https://d2afncas1tel3t.cloudfront.net/wp-content/uploads/2024/11/3가지맛-굿모닝-샌드위치-썸넬.jpg,,https://www.paris.co.kr/product/good-morning-sandwich/,2026-08-11
파리바게뜨,그릴치즈 베이컨포테이토,빵,315.0,11.0,4.7,4.0,450.0,계란|우유|대두|밀|돼지고기|쇠고기|토마토,https://www.paris.co.kr/product/grilled-cheese-bacon-potato/,2026-08-11,True,True,,https://d2afncas1tel3t.cloudfront.net/wp-content/uploads/2025/12/그릴치즈베이컨토마토-1.jpg,,https://www.paris.co.kr/product/grilled-cheese-bacon-potato/,2026-08-11
파리바게뜨,그릴치즈 바질토마토,빵,305.0,12.0,6.0,3.0,560.0,계란|우유|대두|밀|돼지고기|쇠고기|토마토,https://www.paris.co.kr/product/grilled-cheese-basil-tomato/,2026-08-11,True,True,,https://d2afncas1tel3t.cloudfront.net/wp-content/uploads/2025/12/그릴치즈바질토마토.jpg,,https://www.paris.co.kr/product/grilled-cheese-basil-tomato/,2026-08-11
파리바게뜨,반반 후.크.샌 연유와 옥수수,빵,880.0,18.0,20.0,33.0,810.0,계란|우유|대두|밀,https://www.paris.co.kr/product/half-and-half-cream-sand-bread_fresh-corn/,2026-08-11,True,True,,https://d2afncas1tel3t.cloudfront.net/wp-content/uploads/2025/07/반반-후크센_연유옥수수-썸넬1.png,,https://www.paris.co.kr/product/half-and-half-cream-sand-bread_fresh-corn/,2026-08-11
파리바게뜨,반반 후.크.샌 연유와 땅콩,빵,875.0,18.0,20.0,27.0,820.0,계란|우유|대두|밀|땅콩,https://www.paris.co.kr/product/half-and-half-cream-sand-bread_fresh-peanut/,2026-08-11,True,True,,https://d2afncas1tel3t.cloudfront.net/wp-content/uploads/2025/11/반반-후크샌-썸네일1.jpg,,https://www.paris.co.kr/product/half-and-half-cream-sand-bread_fresh-peanut/,2026-08-11
파리바게뜨,반반 연유 딸기 바게뜨,빵,550.0,9.0,14.0,19.0,580.0,우유|대두|밀,https://www.paris.co.kr/product/half-half-cream-baguette-fresh-strawberry/,2026-08-11,True,True,,https://d2afncas1tel3t.cloudfront.net/wp-content/uploads/2026/01/반반-연유-딸기-바게뜨제품.png,,https://www.paris.co.kr/product/half-half-cream-baguette-fresh-strawberry/,2026-08-11
파리바게뜨,반반 후.크.샌 연유와 딸기,빵,920.0,20.0,30.0,18.0,960.0,계란|우유|대두|밀,https://www.paris.co.kr/product/half-half-cream-sand-bread-fresh-strawberry/,2026-08-11,True,True,,https://d2afncas1tel3t.cloudfront.net/wp-content/uploads/2026/01/반반-후크샌-연유와-딸기제품.png,,https://www.paris.co.kr/product/half-half-cream-sand-bread-fresh-strawberry/,2026-08-11
파리바게뜨,햄치즈 피크닉 샌드위치,샌드위치·샐러드,225.0,8.0,5.0,5.0,470.0,계란|우유|대두|밀|돼지고기,https://www.paris.co.kr/product/ham-and-cheese-picnic-sandwich/,2026-08-11,True,True,,https://d2afncas1tel3t.cloudfront.net/wp-content/uploads/2026/04/두입만햄치즈샌드위치-제품.png,,https://www.paris.co.kr/product/ham-and-cheese-picnic-sandwich/,2026-08-11
파리바게뜨,햄&치즈 샌드위치,샌드위치·샐러드,420.0,14.0,5.0,7.0,860.0,계란|우유|대두|밀|돼지고기|쇠고기|토마토,https://www.paris.co.kr/product/ham-and-cheese-sandwich/,2026-08-11,True,True,,https://d2afncas1tel3t.cloudfront.net/wp-content/uploads/2025/04/햄앤치즈샌드위치-썸넬.png,,https://www.paris.co.kr/product/ham-and-cheese-sandwich/,2026-08-11
파리바게뜨,햄치즈 베이글 샌드위치,샌드위치·샐러드,435.0,16.0,6.0,6.0,960.0,계란|우유|대두|밀|돼지고기|조개류,https://www.paris.co.kr/product/ham-cheese-bagel-sandwich/,2026-08-11,True,True,,https://d2afncas1tel3t.cloudfront.net/wp-content/uploads/2024/10/햄치즈-베이글-샌드위치web-1280x1280.jpg,,https://www.paris.co.kr/product/ham-cheese-bagel-sandwich/,2026-08-11
파리바게뜨,에그듬뿍햄치즈든든토스트,샌드위치·샐러드,265.0,10.0,4.2,2.0,560.0,계란|우유|대두|밀|돼지고기,https://www.paris.co.kr/product/ham-cheese-egg-toast/,2026-08-11,True,True,,https://d2afncas1tel3t.cloudfront.net/wp-content/uploads/2024/05/321719-2.jpg,,https://www.paris.co.kr/product/ham-cheese-egg-toast/,2026-08-11
파리바게뜨,햄에그 컵 샐러드,샌드위치·샐러드,215.0,9.0,2.9,4.0,400.0,계란|우유|대두|밀|돼지고기|토마토,https://www.paris.co.kr/product/ham-egg-cup-salad/,2026-08-11,True,True,,https://d2afncas1tel3t.cloudfront.net/wp-content/uploads/2026/07/햄에그컵샐러드.png,,https://www.paris.co.kr/product/ham-egg-cup-salad/,2026-08-11
파리바게뜨,한입만 햄치즈롤(가성비),샌드위치·샐러드,125.0,4.0,1.8,4.0,270.0,계란|우유|대두|밀|돼지고기|토마토,https://www.paris.co.kr/product/hamcheese-sandwich/,2026-08-11,True,True,,https://d2afncas1tel3t.cloudfront.net/wp-content/uploads/2026/02/한입만햄치즈롤.png,,https://www.paris.co.kr/product/hamcheese-sandwich/,2026-08-11
파리바게뜨,고운단팥행복만주(낱개),선물,150.0,3.0,0.5,10.0,60.0,계란|우유|대두|밀,https://www.paris.co.kr/product/happy-clover-redbean-bread-3/,2026-08-11,True,True,,https://d2afncas1tel3t.cloudfront.net/wp-content/uploads/2024/10/행복만주-웹3.jpg,,https://www.paris.co.kr/product/happy-clover-redbean-bread-3/,2026-08-11
파리바게뜨,치킨커틀릿 샐러드랩,샌드위치·샐러드,400.0,17.0,3.2,18.0,1000.0,계란|우유|대두|밀|쇠고기|닭고기|토마토,https://www.paris.co.kr/product/healthy-chicken-cutlet-salad-wrap/,2026-08-11,True,True,,https://d2afncas1tel3t.cloudfront.net/wp-content/uploads/2025/09/치킨커틀릿샐러드랩-썸넬_251110.png,,https://www.paris.co.kr/product/healthy-chicken-cutlet-salad-wrap/,2026-08-11
파리바게뜨,하트초코 프레첼,선물,325.0,6.0,9.0,13.0,410.0,우유|대두|밀|아황산류,https://www.paris.co.kr/product/heart-choco-pretzel/,2026-08-11,True,True,,https://d2afncas1tel3t.cloudfront.net/wp-content/uploads/2025/04/하트초코프레첼-썸넬-1.png,,https://www.paris.co.kr/product/heart-choco-pretzel/,2026-08-11
파리바게뜨,통통하트 롤리팝,선물,101.0,1.0,3.9,11.0,13.0,우유|대두,https://www.paris.co.kr/product/heart-shape-stick-chocolate/,2026-08-11,True,True,,https://d2afncas1tel3t.cloudfront.net/wp-content/uploads/2026/01/통통하트롤리팝.jpg,,https://www.paris.co.kr/product/heart-shape-stick-chocolate/,2026-08-11
파리바게뜨,하트딸기 프레첼,선물,330.0,7.0,11.0,19.0,380.0,우유|대두|밀|아황산류,https://www.paris.co.kr/product/heart-strawberry-pretzel/,2026-08-11,True,True,,https://d2afncas1tel3t.cloudfront.net/wp-content/uploads/2025/04/딸기초코프레첼-썸넬2.png,,https://www.paris.co.kr/product/heart-strawberry-pretzel/,2026-08-11
파리바게뜨,카페라떼,음료,140.0,7.0,5.0,9.0,100.0,우유,https://www.paris.co.kr/product/hot-cafe-latte/,2026-08-11,True,True,,https://d2afncas1tel3t.cloudfront.net/wp-content/uploads/2023/10/200406_HOT라떼-1280x1280-1.jpg,,https://www.paris.co.kr/product/hot-cafe-latte/,2026-08-11
파리바게뜨,카페모카,음료,220.0,6.0,4.5,25.0,115.0,우유,https://www.paris.co.kr/product/hot-cafe-mocha/,2026-08-11,True,True,,https://d2afncas1tel3t.cloudfront.net/wp-content/uploads/200507_핫초코.jpg,,https://www.paris.co.kr/product/hot-cafe-mocha/,2026-08-11
파리바게뜨,(HOT) 아메리카노,음료,15.0,1.0,0.0,0.0,10.0,,https://www.paris.co.kr/product/hot-caramel-macchiato-2/,2026-08-11,True,True,,https://d2afncas1tel3t.cloudfront.net/wp-content/uploads/2023/10/200406_HOT아메리카노-1280x1280-1.jpg,,https://www.paris.co.kr/product/hot-caramel-macchiato-2/,2026-08-11
파리바게뜨,카라멜 마끼아또,음료,220.0,6.0,4.5,24.0,110.0,우유,https://www.paris.co.kr/product/hot-caramel-macchiato/,2026-08-11,True,True,,https://d2afncas1tel3t.cloudfront.net/wp-content/uploads/2026/05/310302-카라멜-마끼아또-핫.jpg,,https://www.paris.co.kr/product/hot-caramel-macchiato/,2026-08-11
파리바게뜨,핫초코포레누아,음료,280.0,9.0,6.0,27.0,110.0,우유|대두,https://www.paris.co.kr/product/hot-choco-black-forest/,2026-08-11,True,True,,https://d2afncas1tel3t.cloudfront.net/wp-content/uploads/2024/11/핫초코포레누아.jpg,,https://www.paris.co.kr/product/hot-choco-black-forest/,2026-08-11
파리바게뜨,(HOT) 문경 오미자 차,기타,155.0,0.0,0.0,36.0,10.0,,https://www.paris.co.kr/product/hotmungyeong-schisandra-tea/,2026-08-11,True,True,,https://d2afncas1tel3t.cloudfront.net/wp-content/uploads/2025/04/문경오미자차핫.png,,https://www.paris.co.kr/product/hotmungyeong-schisandra-tea/,2026-08-11
파리바게뜨,(ICE) 아메리카노,음료,15.0,1.0,0.0,0.0,10.0,,https://www.paris.co.kr/product/ice-americano/,2026-08-11,True,True,,https://d2afncas1tel3t.cloudfront.net/wp-content/uploads/2023/10/아메리카노-1280x1280-1.jpg,,https://www.paris.co.kr/product/ice-americano/,2026-08-11
파리바게뜨,아이스 카라멜 마끼아또,음료,210.0,5.0,3.5,23.0,100.0,우유,https://www.paris.co.kr/product/ice-caramel-macchiato/,2026-08-11,True,True,,https://d2afncas1tel3t.cloudfront.net/wp-content/uploads/2026/05/310297-카라멜-마끼아또-아이스.jpg,,https://www.paris.co.kr/product/ice-caramel-macchiato/,2026-08-11
파리바게뜨,아이스초코포레누아,음료,300.0,10.0,7.0,28.0,130.0,우유|대두,https://www.paris.co.kr/product/ice-choco-black-forest/,2026-08-11,True,True,,https://d2afncas1tel3t.cloudfront.net/wp-content/uploads/2024/11/아이스초코포레누아.jpg,,https://www.paris.co.kr/product/ice-choco-black-forest/,2026-08-11
파리바게뜨,(ICE) 바닐라라떼,음료,200.0,5.0,3.5,30.0,80.0,우유,https://www.paris.co.kr/product/iced-vanilla-latte/,2026-08-11,True,True,,https://d2afncas1tel3t.cloudfront.net/wp-content/uploads/2023/12/아이스바닐라라떼.png,,https://www.paris.co.kr/product/iced-vanilla-latte/,2026-08-11
파리바게뜨,[파란라벨]잠봉치즈 머쉬룸 멀티그레인,샌드위치·샐러드,380.0,18.0,5.0,3.0,610.0,계란|우유|대두|밀|돼지고기,https://www.paris.co.kr/product/jambon-cheese-mushroom-sandwich/,2026-08-11,True,True,,https://d2afncas1tel3t.cloudfront.net/wp-content/uploads/2025/09/잠봉치즈-머쉬룸-멀티그레인_썸넬.png,,https://www.paris.co.kr/product/jambon-cheese-mushroom-sandwich/,2026-08-11
파리바게뜨,제주 천혜향 파운드,빵,160.0,3.0,2.8,12.0,75.0,계란|우유|대두|밀,https://www.paris.co.kr/product/jeju-cheonhyehyang-pound/,2026-08-11,True,True,,https://d2afncas1tel3t.cloudfront.net/wp-content/uploads/2026/05/제주천혜향-슬라이스-파운드.png,,https://www.paris.co.kr/product/jeju-cheonhyehyang-pound/,2026-08-11
파리바게뜨,제주 말차 라떼,음료,195.0,6.1,3.3,9.0,79.6,우유,https://www.paris.co.kr/product/jeju-matcha-latte/,2026-08-11,True,True,,https://d2afncas1tel3t.cloudfront.net/wp-content/uploads/2025/09/제주말차라떼-핫-썸넬.jpg,,https://www.paris.co.kr/product/jeju-matcha-latte/,2026-08-11
파리바게뜨,제주 우도 땅콩빵,선물,1098.0,14.0,22.0,63.0,630.0,계란|우유|대두|밀|땅콩,https://www.paris.co.kr/product/jeju-udo-peanut-bread/,2026-08-11,True,True,,https://d2afncas1tel3t.cloudfront.net/wp-content/uploads/2026/04/제주우도땅콩빵-제품.png,,https://www.paris.co.kr/product/jeju-udo-peanut-bread/,2026-08-11
파리바게뜨,젤리베어 네가지과일맛,디저트·스낵,230.0,4.0,0.0,38.0,5.0,돼지고기|복숭아,https://www.paris.co.kr/product/jelly-bear-peach-orange-mango-green-apple/,2026-08-11,True,True,,https://d2afncas1tel3t.cloudfront.net/wp-content/uploads/2026/07/젤리베어.png,,https://www.paris.co.kr/product/jelly-bear-peach-orange-mango-green-apple/,2026-08-11
파리바게뜨,젤리베어 사우어 청사과맛,디저트·스낵,232.0,4.0,0.0,39.0,40.0,돼지고기,https://www.paris.co.kr/product/jelly-bear-sour-green-apple/,2026-08-11,True,True,,https://d2afncas1tel3t.cloudfront.net/wp-content/uploads/2026/07/젤리베어_청사과맛.png,,https://www.paris.co.kr/product/jelly-bear-sour-green-apple/,2026-08-11
파리바게뜨,젤리베어 사우어 메론소다맛,디저트·스낵,235.0,3.0,0.0,36.0,55.0,돼지고기,https://www.paris.co.kr/product/jelly-bear-sour-melon-soda/,2026-08-11,True,True,,https://d2afncas1tel3t.cloudfront.net/wp-content/uploads/2026/07/젤리베어_메론소다맛.png,,https://www.paris.co.kr/product/jelly-bear-sour-melon-soda/,2026-08-11
파리바게뜨,주스레드 (JUS레드),음료,92.0,0.0,0.0,20.0,25.0,,https://www.paris.co.kr/product/juice-red-jus-red/,2026-08-11,True,True,,https://d2afncas1tel3t.cloudfront.net/wp-content/uploads/2022/09/주스레드-JUS레드_1000x1000.jpg,,https://www.paris.co.kr/product/juice-red-jus-red/,2026-08-11
파리바게뜨,주스옐로우 (JUS옐로우),음료,99.0,0.8,0.0,21.0,15.0,,https://www.paris.co.kr/product/juice-yellow-jus-yellow/,2026-08-11,True,True,,https://d2afncas1tel3t.cloudfront.net/wp-content/uploads/JUS-주스-옐로우.jpg,상큼 과즙 가득한 오렌지와 건강한 당근이 들어간 주스,https://www.paris.co.kr/product/juice-yellow-jus-yellow/,2026-08-11
파리바게뜨,양갱미감,선물,1920.0,16.0,0.4,364.0,400.0,우유|대두,https://www.paris.co.kr/product/korean-traditional-jelly-gift-set/,2026-08-11,True,True,,https://d2afncas1tel3t.cloudfront.net/wp-content/uploads/2025/10/양갱미감.jpg,,https://www.paris.co.kr/product/korean-traditional-jelly-gift-set/,2026-08-11
파리바게뜨,프렌치 뀐아망,빵,325.0,4.0,13.0,17.0,340.0,계란|우유|밀,https://www.paris.co.kr/product/kouign-amann/,2026-08-11,True,True,,https://d2afncas1tel3t.cloudfront.net/wp-content/uploads/2024/04/201007_뀐아망-탑-1_1000x1000.png,,https://www.paris.co.kr/product/kouign-amann/,2026-08-11
파리바게뜨,LA초코볼(3개입),빵,375.0,11.0,4.7,15.0,470.0,우유|대두|밀|땅콩,https://www.paris.co.kr/product/la-choco-ball-bread/,2026-08-11,True,True,,https://d2afncas1tel3t.cloudfront.net/wp-content/uploads/2026/04/LA초코볼.png,,https://www.paris.co.kr/product/la-choco-ball-bread/,2026-08-11
파리바게뜨,LA초코쫀득도넛,빵,225.0,2.0,7.0,9.0,95.0,계란|우유|대두|밀,https://www.paris.co.kr/product/la-chocolate-chewy-donut/,2026-08-11,True,True,,https://d2afncas1tel3t.cloudfront.net/wp-content/uploads/2026/04/LA초코쫀득도넛.png,,https://www.paris.co.kr/product/la-chocolate-chewy-donut/,2026-08-11
파리바게뜨,LA우피파이,빵,90.0,2.0,1.0,9.0,60.0,계란|우유|대두|밀|돼지고기|쇠고기,https://www.paris.co.kr/product/la-whoopie-pie/,2026-08-11,True,True,,https://d2afncas1tel3t.cloudfront.net/wp-content/uploads/2026/01/LAFC_우피파이.jpg,,https://www.paris.co.kr/product/la-whoopie-pie/,2026-08-11
파리바게뜨,라고 카카오 웨하스,선물,640.0,7.3,30.1,47.0,191.3,우유|대두|밀,https://www.paris.co.kr/product/lago-cacao-wafers/,2026-08-11,True,True,,https://d2afncas1tel3t.cloudfront.net/wp-content/uploads/2026/05/신규-라고_카카오.png,,https://www.paris.co.kr/product/lago-cacao-wafers/,2026-08-11
파리바게뜨,라고 헤이즐넛 웨하스,선물,640.0,7.5,30.0,48.0,180.0,우유|대두|밀,https://www.paris.co.kr/product/lago-hazelnut-wafers/,2026-08-11,True,True,,https://d2afncas1tel3t.cloudfront.net/wp-content/uploads/2026/05/신규-라고_헤이즐넛.png,,https://www.paris.co.kr/product/lago-hazelnut-wafers/,2026-08-11
파리바게뜨,라고 바닐라 웨하스,선물,655.0,5.0,30.0,38.0,185.0,우유|대두|밀,https://www.paris.co.kr/product/lago-vanilla-wafers/,2026-08-11,True,True,,https://d2afncas1tel3t.cloudfront.net/wp-content/uploads/2026/05/신규-라고_바닐라.png,,https://www.paris.co.kr/product/lago-vanilla-wafers/,2026-08-11
파리바게뜨,레몬 크림 마들렌,선물,920.0,16.0,11.2,104.0,600.0,계란|우유|대두|밀,https://www.paris.co.kr/product/lemon-cream-madeleine-set/,2026-08-11,True,True,,https://d2afncas1tel3t.cloudfront.net/wp-content/uploads/2026/07/레몬크림마들렌-제품.png,,https://www.paris.co.kr/product/lemon-cream-madeleine-set/,2026-08-11
파리바게뜨,저당 베리 통밀 쿠키,디저트·스낵,330.0,4.0,8.0,3.0,300.0,계란|우유|밀,https://www.paris.co.kr/product/low-sugar-berry-and-whole-wheat-cookie/,2026-08-11,True,True,,https://d2afncas1tel3t.cloudfront.net/wp-content/uploads/2026/06/저당-베리-통밀-쿠키.png,,https://www.paris.co.kr/product/low-sugar-berry-and-whole-wheat-cookie/,2026-08-11
파리바게뜨,[파란라벨]저당 카카오 케이크(조각),케이크,350.0,5.0,13.0,2.0,90.0,계란|우유|대두|밀|돼지고기,https://www.paris.co.kr/product/low-sugar-cacao-cake-2/,2026-08-11,True,True,,https://d2afncas1tel3t.cloudfront.net/wp-content/uploads/2026/02/저당카카오케이크-조각.png,,https://www.paris.co.kr/product/low-sugar-cacao-cake-2/,2026-08-11
파리바게뜨,[파란라벨]저당 닭가슴살 샌드위치,샌드위치·샐러드,485.0,20.0,3.4,9.0,1010.0,계란|우유|대두|밀|돼지고기|쇠고기|닭고기|토마토,https://www.paris.co.kr/product/low-sugar-chicken-breast-sandwich/,2026-08-11,True,True,,https://d2afncas1tel3t.cloudfront.net/wp-content/uploads/2026/02/저당닭가슴살SW.png,,https://www.paris.co.kr/product/low-sugar-chicken-breast-sandwich/,2026-08-11
파리바게뜨,저당 초코 오트밀 쿠키,디저트·스낵,335.0,5.0,9.0,3.0,300.0,계란|우유|대두|밀,https://www.paris.co.kr/product/low-sugar-choco-oatmeal-cookie/,2026-08-11,True,True,,https://d2afncas1tel3t.cloudfront.net/wp-content/uploads/2025/08/저당쿠키_초코호두_썸넬.png,,https://www.paris.co.kr/product/low-sugar-choco-oatmeal-cookie/,2026-08-11
파리바게뜨,저당 그래놀라,디저트·스낵,160.0,4.0,2.8,1.0,32.0,대두|밀,https://www.paris.co.kr/product/low-sugar-granola/,2026-08-11,True,True,,https://d2afncas1tel3t.cloudfront.net/wp-content/uploads/2025/09/저당-그래놀라_썸넬1.png,,https://www.paris.co.kr/product/low-sugar-granola/,2026-08-11
파리바게뜨,저당 그릭요거트 케이크(조각),케이크,230.0,4.0,9.0,4.0,75.0,계란|우유|대두|밀|돼지고기,https://www.paris.co.kr/product/low-sugar-greek-yogurt-cake/,2026-08-11,True,True,,https://d2afncas1tel3t.cloudfront.net/wp-content/uploads/2026/01/저당-그릭요거트-케이크조각.jpg,,https://www.paris.co.kr/product/low-sugar-greek-yogurt-cake/,2026-08-11
파리바게뜨,저당 할라피뇨&랜치 드레싱,샌드위치·샐러드,90.0,0.3,1.2,0.8,340.0,계란|우유|대두,https://www.paris.co.kr/product/low-sugar-jalapenoranch-dressing/,2026-08-11,True,True,,https://d2afncas1tel3t.cloudfront.net/wp-content/uploads/2026/03/9000196-저당할라피뇨랜치드레싱.png,,https://www.paris.co.kr/product/low-sugar-jalapenoranch-dressing/,2026-08-11
파리바게뜨,아이스 말차 라떼,음료,170.0,8.0,6.0,13.0,130.0,우유,https://www.paris.co.kr/product/low-sugar-matcha-latte-iced/,2026-08-11,True,True,,https://d2afncas1tel3t.cloudfront.net/wp-content/uploads/2025/09/제주말차라떼-아이스-썸넬.jpg,,https://www.paris.co.kr/product/low-sugar-matcha-latte-iced/,2026-08-11
파리바게뜨,[파란라벨]저당 요거트크림빵,빵,335.0,6.0,12.0,4.0,250.0,계란|우유|대두|밀,https://www.paris.co.kr/product/low-sugar-yogurt-cream-bread/,2026-08-11,True,True,,https://d2afncas1tel3t.cloudfront.net/wp-content/uploads/2026/05/저당요거트크림빵.png,,https://www.paris.co.kr/product/low-sugar-yogurt-cream-bread/,2026-08-11
파리바게뜨,저당 요거트 쉐이크,음료,290.0,11.0,5.6,12.8,181.4,우유|대두,https://www.paris.co.kr/product/low-sugar-yogurtshake/,2026-08-11,True,True,,https://d2afncas1tel3t.cloudfront.net/wp-content/uploads/2025/07/PSD-저당-요거트-쉐이크-홍보물-썸네일.png,,https://www.paris.co.kr/product/low-sugar-yogurtshake/,2026-08-11
파리바게뜨,망고밤 샌드,샌드위치·샐러드,465.0,9.0,9.0,29.0,440.0,우유|대두|밀,https://www.paris.co.kr/product/mango-bomb-sandwich/,2026-08-11,True,True,,https://d2afncas1tel3t.cloudfront.net/wp-content/uploads/2026/07/망고밤샌드포장.png,,https://www.paris.co.kr/product/mango-bomb-sandwich/,2026-08-11
파리바게뜨,마르게리타 피자,간편식,664.0,26.0,10.0,9.0,1115.0,우유|대두|밀|쇠고기|닭고기|토마토|조개류,https://www.paris.co.kr/product/margherita-pizza/,2026-08-11,True,True,,https://d2afncas1tel3t.cloudfront.net/wp-content/uploads/2025/10/HMR_마르게리따피자.png,,https://www.paris.co.kr/product/margherita-pizza/,2026-08-11
파리바게뜨,말차라떼 랑그드샤,선물,290.0,4.0,10.0,22.0,60.0,계란|우유|대두|밀|쇠고기,https://www.paris.co.kr/product/matcha-chocolate-langue-de-chat/,2026-08-11,True,True,,https://d2afncas1tel3t.cloudfront.net/wp-content/uploads/2026/01/PB-랑그드샤_말차.jpg,,https://www.paris.co.kr/product/matcha-chocolate-langue-de-chat/,2026-08-11
파리바게뜨,말차 젤라또,디저트·스낵,95.0,2.0,0.3,13.0,0.0,우유,https://www.paris.co.kr/product/matcha-gelato/,2026-08-11,True,True,,https://d2afncas1tel3t.cloudfront.net/wp-content/uploads/2025/03/말차-젤라또-썸넬.jpg,,https://www.paris.co.kr/product/matcha-gelato/,2026-08-11
파리바게뜨,명품 고기잡채고로케,빵,275.0,9.0,2.5,5.0,520.0,계란|우유|대두|밀|돼지고기|닭고기|조개류,https://www.paris.co.kr/product/meat-japchae-croquette/,2026-08-11,True,True,,https://d2afncas1tel3t.cloudfront.net/wp-content/uploads/2023/10/04잡채고로케_단면-1.jpg,,https://www.paris.co.kr/product/meat-japchae-croquette/,2026-08-11
파리바게뜨,미트볼 토마토 파스타,간편식,505.0,27.0,7.0,11.0,1360.0,계란|우유|대두|밀|돼지고기|쇠고기|닭고기|토마토|조개류,https://www.paris.co.kr/product/meatball-tomato-pasta/,2026-08-11,True,True,,https://d2afncas1tel3t.cloudfront.net/wp-content/uploads/2026/04/HMR-미트볼-토마토-파스타_시뮬제품.png,,https://www.paris.co.kr/product/meatball-tomato-pasta/,2026-08-11
파리바게뜨,미트볼&트러플오일 까르보나라,간편식,645.0,17.0,14.0,5.0,1140.0,계란|우유|대두|밀|돼지고기|쇠고기|닭고기|토마토|조개류,https://www.paris.co.kr/product/meatball-truffle-oil-carbonara/,2026-08-11,True,True,,https://d2afncas1tel3t.cloudfront.net/wp-content/uploads/2022/08/00.png,,https://www.paris.co.kr/product/meatball-truffle-oil-carbonara/,2026-08-11
파리바게뜨,인생크림빵 메론,빵,315.0,5.0,10.0,14.0,210.0,계란|우유|대두|밀,https://www.paris.co.kr/product/melon-fresh-cream-bread/,2026-08-11,True,True,,https://d2afncas1tel3t.cloudfront.net/wp-content/uploads/2026/04/인생크림빵-메론.png,,https://www.paris.co.kr/product/melon-fresh-cream-bread/,2026-08-11
파리바게뜨,멕시칸소시지페스츄리(2개입),빵,290.0,7.0,9.0,3.0,480.0,계란|우유|대두|밀|돼지고기|쇠고기|토마토,https://www.paris.co.kr/product/mexican-sausage-pastry-2/,2026-08-11,True,True,,https://d2afncas1tel3t.cloudfront.net/wp-content/uploads/2026/05/멕시칸소시지페스츄리_45도.png,,https://www.paris.co.kr/product/mexican-sausage-pastry-2/,2026-08-11
파리바게뜨,멕시칸소시지페스츄리,빵,145.0,4.0,4.6,2.0,240.0,계란|우유|대두|밀|돼지고기|쇠고기|토마토,https://www.paris.co.kr/product/mexican-sausage-pastry/,2026-08-11,True,True,,https://d2afncas1tel3t.cloudfront.net/wp-content/uploads/2026/05/멕시칸소시지페스츄리_45도.png,,https://www.paris.co.kr/product/mexican-sausage-pastry/,2026-08-11
파리바게뜨,우유크림도넛,빵,230.0,5.0,4.8,8.0,220.0,계란|우유|대두|밀,https://www.paris.co.kr/product/milk-cream-donut/,2026-08-11,True,True,,https://d2afncas1tel3t.cloudfront.net/wp-content/uploads/2026/04/우유크림도넛.png,,https://www.paris.co.kr/product/milk-cream-donut/,2026-08-11
파리바게뜨,우유 팥빙수,음료,640.0,10.0,4.0,101.0,210.0,우유|대두|밀,https://www.paris.co.kr/product/milk-red-bean-shaved-ice/,2026-08-11,True,True,,https://d2afncas1tel3t.cloudfront.net/wp-content/uploads/2025/05/우유-팥빙수.png,,https://www.paris.co.kr/product/milk-red-bean-shaved-ice/,2026-08-11
파리바게뜨,한입 프레즐(6개입),빵,315.0,9.0,5.0,6.0,770.0,우유|대두|밀|쇠고기,https://www.paris.co.kr/product/mini-cream-cheese-pretzel/,2026-08-11,True,True,,https://d2afncas1tel3t.cloudfront.net/wp-content/uploads/2024/06/한입프레즐-2.jpg,,https://www.paris.co.kr/product/mini-cream-cheese-pretzel/,2026-08-11
파리바게뜨,매콤할라 소시지빵(4개입),빵,395.0,12.0,12.0,5.0,720.0,계란|우유|대두|밀|돼지고기|쇠고기,https://www.paris.co.kr/product/mini-jalapeno-sausage-bread/,2026-08-11,True,True,,https://d2afncas1tel3t.cloudfront.net/wp-content/uploads/2025/07/매콤할라-소시지빵-4개입-썸넬.jpg,,https://www.paris.co.kr/product/mini-jalapeno-sausage-bread/,2026-08-11
파리바게뜨,미스베어,디저트·스낵,115.0,1.0,4.4,7.0,55.0,계란|우유|대두|밀,https://www.paris.co.kr/product/miss-bear-madeleine/,2026-08-11,True,True,,https://d2afncas1tel3t.cloudfront.net/wp-content/uploads/2025/03/미스베어-썸넬1.jpg,앙증맞은 곰 모양의 플레인 마들렌,https://www.paris.co.kr/product/miss-bear-madeleine/,2026-08-11
파리바게뜨,모카크림샌드빵,빵,855.0,13.0,23.0,39.0,760.0,계란|우유|대두|밀,https://www.paris.co.kr/product/mocha-cream-bread/,2026-08-11,True,True,,https://d2afncas1tel3t.cloudfront.net/wp-content/uploads/2024/12/모카크림샌드빵-썸넬.jpg,,https://www.paris.co.kr/product/mocha-cream-bread/,2026-08-11
파리바게뜨,바삭한 우리찹쌀 모나카,선물,1156.0,12.0,0.0,196.0,220.0,우유|대두,https://www.paris.co.kr/product/monaka-traditional-gift-set/,2026-08-11,True,True,,https://d2afncas1tel3t.cloudfront.net/wp-content/uploads/2026/01/모나카제품.png,,https://www.paris.co.kr/product/monaka-traditional-gift-set/,2026-08-11
파리바게뜨,쏘유 저당 렌틸콩 두유,음료,135.0,3.6,3.2,17.0,100.0,우유,https://www.paris.co.kr/product/morning-banana-milk-200ml/,2026-08-11,True,True,,https://d2afncas1tel3t.cloudfront.net/wp-content/uploads/아침엔바나나우유200ml_썸네일1.jpg,신선한 우유에 달콤한 바나나과즙을 더한 바나나우유,https://www.paris.co.kr/product/morning-banana-milk-200ml/,2026-08-11
파리바게뜨,미스터베어,디저트·스낵,120.0,2.0,4.5,7.0,75.0,계란|우유|대두|밀,https://www.paris.co.kr/product/mr-bear-madeleine/,2026-08-11,True,True,,https://d2afncas1tel3t.cloudfront.net/wp-content/uploads/2025/03/미스터베어-썸넬2.jpg,앙증맞은 곰 모양의 초코 마들렌,https://www.paris.co.kr/product/mr-bear-madeleine/,2026-08-11
파리바게뜨,브라운 햄에그 샌드위치,샌드위치·샐러드,450.0,18.0,5.0,6.0,840.0,계란|우유|대두|밀|돼지고기|토마토,https://www.paris.co.kr/product/multigrain-ham-egg-sandwich/,2026-08-11,True,True,,https://d2afncas1tel3t.cloudfront.net/wp-content/uploads/2025/04/브라운-햄에그-샌드위치-썸넬.png,,https://www.paris.co.kr/product/multigrain-ham-egg-sandwich/,2026-08-11
파리바게뜨,[파란라벨]오트그레인 깜빠뉴,빵,435.0,11.0,0.8,17.0,740.0,우유|대두|밀,https://www.paris.co.kr/product/multigrain-oat-bread/,2026-08-11,True,True,,https://d2afncas1tel3t.cloudfront.net/wp-content/uploads/2026/03/오트그레인깜빠뉴.png,,https://www.paris.co.kr/product/multigrain-oat-bread/,2026-08-11
파리바게뜨,[파란라벨]멀티그레인 호밀빵,빵,690.0,24.0,4.9,8.0,870.0,우유|대두|밀,https://www.paris.co.kr/product/multigrain-rye-bread/,2026-08-11,True,True,,https://d2afncas1tel3t.cloudfront.net/wp-content/uploads/2025/02/멀티그레인-호밀빵.jpg2_.jpg,,https://www.paris.co.kr/product/multigrain-rye-bread/,2026-08-11
파리바게뜨,문경 오미자 에이드,기타,130.0,0.0,0.0,31.0,10.0,,https://www.paris.co.kr/product/mungyeong-schisandra-ade/,2026-08-11,True,True,,https://d2afncas1tel3t.cloudfront.net/wp-content/uploads/2025/04/문경오미자에이드.png,,https://www.paris.co.kr/product/mungyeong-schisandra-ade/,2026-08-11
파리바게뜨,갈릭고구마페스츄리,빵,345.0,5.0,9.0,13.0,390.0,계란|우유|대두|밀,https://www.paris.co.kr/product/new-%ea%b0%88%eb%a6%ad%ea%b3%a0%ea%b5%ac%eb%a7%88%ed%8e%98%ec%8a%a4%ec%b8%84%eb%a6%ac/,2026-08-11,True,True,,https://d2afncas1tel3t.cloudfront.net/wp-content/uploads/574756-갈릭고구마페스츄리_썸네일1.jpg,"겹겹이 바삭한 페스츄리에, 달콤한 고구마 앙금이 가득. 마늘풍미까지 더해 더 맛있는 단짠단짠 갈릭고구마페스츄리",https://www.paris.co.kr/product/new-%ea%b0%88%eb%a6%ad%ea%b3%a0%ea%b5%ac%eb%a7%88%ed%8e%98%ec%8a%a4%ec%b8%84%eb%a6%ac/,2026-08-11
파리바게뜨,명가명품 제주말차 카스테라,기타,555.0,13.0,2.8,75.0,180.0,계란|대두|밀,https://www.paris.co.kr/product/new-%ea%b7%b8%eb%a6%b0-%eb%a7%90%ec%b0%a8-%eb%b3%b8%eb%8d%b8%eb%a6%ac%ec%8a%88/,2026-08-11,True,True,,https://d2afncas1tel3t.cloudfront.net/wp-content/uploads/2022/11/그린말차본델리슈_썸네일1.jpg,제주 말차의 진한 풍미에 목초란의 부드러움을 더한 그린 말차 카스텔라,https://www.paris.co.kr/product/new-%ea%b7%b8%eb%a6%b0-%eb%a7%90%ec%b0%a8-%eb%b3%b8%eb%8d%b8%eb%a6%ac%ec%8a%88/,2026-08-11
파리바게뜨,단팥 도넛,빵,260.0,4.0,2.5,9.0,260.0,계란|우유|대두|밀,https://www.paris.co.kr/product/new-%ea%bd%88%eb%b0%b0%ea%b8%b0%eb%8f%84%eb%84%9b/,2026-08-11,True,True,,https://d2afncas1tel3t.cloudfront.net/wp-content/uploads/574748-꽈배기도넛_썸네일01-1280x1280.jpg,쫄깃 촉촉 부드러움 삼박자를 고루 갖춘 시나몬 향이 은은한 꽈배기도넛,https://www.paris.co.kr/product/new-%ea%bd%88%eb%b0%b0%ea%b8%b0%eb%8f%84%eb%84%9b/,2026-08-11
파리바게뜨,다크초코츄잉스타,빵,250.0,2.0,8.0,10.0,105.0,계란|우유|대두|밀,https://www.paris.co.kr/product/new-%eb%8b%a4%ed%81%ac%ec%b4%88%ec%bd%94%ec%b8%84%ec%9e%89%ec%8a%a4%ed%83%80/,2026-08-11,True,True,,https://d2afncas1tel3t.cloudfront.net/wp-content/uploads/다크초코츄잉스타_썸네일1.jpg,,https://www.paris.co.kr/product/new-%eb%8b%a4%ed%81%ac%ec%b4%88%ec%bd%94%ec%b8%84%ec%9e%89%ec%8a%a4%ed%83%80/,2026-08-11
파리바게뜨,초코소라빵,빵,220.0,6.0,2.2,15.0,200.0,계란|우유|대두|밀,https://www.paris.co.kr/product/new-%eb%8b%a8%ed%8c%a5%eb%b9%b5/,2026-08-11,True,True,,https://d2afncas1tel3t.cloudfront.net/wp-content/uploads/572785-단팥빵_썸네일1.png,통팥앙금이 들어간 남녀노소 모두가 좋아하는 단팥빵,https://www.paris.co.kr/product/new-%eb%8b%a8%ed%8c%a5%eb%b9%b5/,2026-08-11
파리바게뜨,꽈배기도넛,빵,325.0,7.0,1.0,17.0,250.0,계란|우유|대두|밀,https://www.paris.co.kr/product/new-%eb%8b%a8%ed%8c%a5-%eb%8f%84%eb%84%9b-2/,2026-08-11,True,True,,https://d2afncas1tel3t.cloudfront.net/wp-content/uploads/단팥도넛_썸네일1_수정-768x768.png,달콤한 단팥이 가득한 단팥도넛,https://www.paris.co.kr/product/new-%eb%8b%a8%ed%8c%a5-%eb%8f%84%eb%84%9b-2/,2026-08-11
파리바게뜨,달콤고소한 밤소보루브레드,빵,635.0,19.0,9.0,32.0,890.0,계란|우유|대두|밀|땅콩,https://www.paris.co.kr/product/new-%eb%8b%ac%ec%bd%a4%ea%b3%a0%ec%86%8c%ed%95%9c-%eb%b0%a4%ec%86%8c%eb%b3%b4%eb%a3%a8%eb%b8%8c%eb%a0%88%eb%93%9c/,2026-08-11,True,True,,https://d2afncas1tel3t.cloudfront.net/wp-content/uploads/574788-달콤고소한-밤소보루브레드_썸네일1.jpg,,https://www.paris.co.kr/product/new-%eb%8b%ac%ec%bd%a4%ea%b3%a0%ec%86%8c%ed%95%9c-%eb%b0%a4%ec%86%8c%eb%b3%b4%eb%a3%a8%eb%b8%8c%eb%a0%88%eb%93%9c/,2026-08-11
파리바게뜨,달콤 꽈배기도넛,빵,260.0,4.0,2.5,9.0,260.0,계란|우유|대두|밀,https://www.paris.co.kr/product/new-%eb%8b%ac%ec%bd%a4-%ea%bd%88%eb%b0%b0%ea%b8%b0%eb%8f%84%eb%84%9b/,2026-08-11,True,True,,https://d2afncas1tel3t.cloudfront.net/wp-content/uploads/달콤꽈배기도넛_썸네일1.jpg,,https://www.paris.co.kr/product/new-%eb%8b%ac%ec%bd%a4-%ea%bd%88%eb%b0%b0%ea%b8%b0%eb%8f%84%eb%84%9b/,2026-08-11
파리바게뜨,데리야끼 치킨 샐러드,샌드위치·샐러드,230.0,13.0,2.4,6.0,450.0,계란|우유|대두|밀|돼지고기|쇠고기|닭고기|토마토|조개류,https://www.paris.co.kr/product/new-%eb%8d%b0%eb%a6%ac%ec%95%bc%eb%81%bc%ec%b9%98%ed%82%a8%ec%83%90%eb%9f%ac%eb%93%9c/,2026-08-11,True,True,,https://d2afncas1tel3t.cloudfront.net/wp-content/uploads/2024/05/데리야끼-치킨-샐러드.jpg,,https://www.paris.co.kr/product/new-%eb%8d%b0%eb%a6%ac%ec%95%bc%eb%81%bc%ec%b9%98%ed%82%a8%ec%83%90%eb%9f%ac%eb%93%9c/,2026-08-11
파리바게뜨,모닝토스트,빵,790.0,25.0,16.0,13.0,1520.0,우유|대두|밀,https://www.paris.co.kr/product/new-%eb%9c%af%ec%96%b4%eb%a8%b9%eb%8a%94-%eb%a1%a4%ec%b9%98%ec%a6%88-%eb%b8%8c%eb%a0%88%eb%93%9c1-2/,2026-08-11,True,True,,https://d2afncas1tel3t.cloudfront.net/wp-content/uploads/302343-뜯어먹는-롤치즈-브레드_썸네일1.png,쫄깃담백한 빵에 감칠맛 나면서도 짭쪼름한 롤치즈가 쏙쏙 박혀 뜯어먹으면 더 맛있는 브레드,https://www.paris.co.kr/product/new-%eb%9c%af%ec%96%b4%eb%a8%b9%eb%8a%94-%eb%a1%a4%ec%b9%98%ec%a6%88-%eb%b8%8c%eb%a0%88%eb%93%9c1-2/,2026-08-11
파리바게뜨,[파란라벨]홀그레인 오트 식빵,빵,1500.0,31.0,31.0,28.0,1830.0,우유|대두|밀,https://www.paris.co.kr/product/new-%eb%aa%a8%eb%8b%9d%ed%86%a0%ec%8a%a4%ed%8a%b8/,2026-08-11,True,True,,https://d2afncas1tel3t.cloudfront.net/wp-content/uploads/574698-모닝토스트_썸네일1-1280x1280.jpg,"페스츄리 결이 살아있어 바삭하고, 속은 더 촉촉해진 담백한 페스츄리 식빵",https://www.paris.co.kr/product/new-%eb%aa%a8%eb%8b%9d%ed%86%a0%ec%8a%a4%ed%8a%b8/,2026-08-11
파리바게뜨,토종효모빵 햄&에그 샌드위치,샌드위치·샐러드,570.0,17.0,9.0,22.0,1130.0,계란|우유|대두|밀|돼지고기|쇠고기|닭고기|토마토|조개류,https://www.paris.co.kr/product/new-%eb%af%b8%eb%8b%88%eb%b2%84%ea%b1%b0-%ec%83%8c%eb%93%9c%ec%9c%84%ec%b9%98/,2026-08-11,True,True,,https://d2afncas1tel3t.cloudfront.net/wp-content/uploads/300542-미니버거-샌드위치_썸네일1-1280x1280.jpg,"부드러운 모닝롤빵에 불고기맛 버거패티와 아삭한 프릴레터스, 다양한 야채가 어우러진 파바 스테디셀러 미니버거 샌드위치",https://www.paris.co.kr/product/new-%eb%af%b8%eb%8b%88%eb%b2%84%ea%b1%b0-%ec%83%8c%eb%93%9c%ec%9c%84%ec%b9%98/,2026-08-11
파리바게뜨,미니 찹쌀도넛,빵,140.0,2.0,0.5,6.0,140.0,우유|대두|밀,https://www.paris.co.kr/product/new-%eb%af%b8%eb%8b%88-%ec%b0%b9%ec%8c%80%eb%8f%84%eb%84%9b/,2026-08-11,True,True,,https://d2afncas1tel3t.cloudfront.net/wp-content/uploads/572334-미니찹쌀도넛_썸네일1.jpg,,https://www.paris.co.kr/product/new-%eb%af%b8%eb%8b%88-%ec%b0%b9%ec%8c%80%eb%8f%84%eb%84%9b/,2026-08-11
파리바게뜨,밤소보루 맘모스,빵,830.0,18.0,11.0,49.0,560.0,계란|우유|대두|밀|땅콩,https://www.paris.co.kr/product/new-%eb%b0%a4%ec%86%8c%eb%b3%b4%eb%a3%a8-%eb%a7%98%eb%aa%a8%ec%8a%a4/,2026-08-11,True,True,,https://d2afncas1tel3t.cloudfront.net/wp-content/uploads/574786-밤소보루-맘모스_썸네일1.jpg,,https://www.paris.co.kr/product/new-%eb%b0%a4%ec%86%8c%eb%b3%b4%eb%a3%a8-%eb%a7%98%eb%aa%a8%ec%8a%a4/,2026-08-11
파리바게뜨,후레쉬 식빵,빵,1145.0,30.0,16.0,37.0,1310.0,계란|우유|대두|밀|땅콩,https://www.paris.co.kr/product/new-%eb%b0%a4%ec%8b%9d%eb%b9%b5/,2026-08-11,True,True,,https://d2afncas1tel3t.cloudfront.net/wp-content/uploads/574706-밤식빵_썸네일1-1280x1280.jpg,달콤한 밤 다이스와 풍미 가득 밤 페이스트를 듬뿍 넣은 NEW밤식빵,https://www.paris.co.kr/product/new-%eb%b0%a4%ec%8b%9d%eb%b9%b5/,2026-08-11
파리바게뜨,감자 크로켓,빵,400.0,7.0,11.0,13.0,400.0,계란|우유|대두|밀,https://www.paris.co.kr/product/new-%ec%95%84%eb%8b%a4%ec%a7%80%ec%98%a4%ec%bb%a4%ed%94%bc%eb%b2%88/,2026-08-11,True,True,,https://d2afncas1tel3t.cloudfront.net/wp-content/uploads/574745-아다지오-커피번_썸네일1-768x768.png,파리바게뜨의 아다지오 원두를 넣은 깊은 커피 풍미의 커피번,https://www.paris.co.kr/product/new-%ec%95%84%eb%8b%a4%ec%a7%80%ec%98%a4%ec%bb%a4%ed%94%bc%eb%b2%88/,2026-08-11
파리바게뜨,스파클링 라임,음료,130.0,5.0,2.0,20.0,90.0,우유,https://www.paris.co.kr/product/new-%ec%95%84%ec%b9%a8%ec%97%94%eb%94%b8%ea%b8%b0%ec%9a%b0%ec%9c%a0-200%e3%8e%96/,2026-08-11,True,True,,https://d2afncas1tel3t.cloudfront.net/wp-content/uploads/아침엔딸기우유200ml_썸네일1.jpg,신선한 우유에 달콤한 딸기과즙을 더한 딸기우유,https://www.paris.co.kr/product/new-%ec%95%84%ec%b9%a8%ec%97%94%eb%94%b8%ea%b8%b0%ec%9a%b0%ec%9c%a0-200%e3%8e%96/,2026-08-11
파리바게뜨,데일리주스포도,음료,135.0,6.0,2.3,18.0,60.0,우유,https://www.paris.co.kr/product/new-%ec%95%84%ec%b9%a8%ec%97%94%ec%b4%88%ec%bd%94%ec%9a%b0%ec%9c%a0-200%e3%8e%96/,2026-08-11,True,True,,https://d2afncas1tel3t.cloudfront.net/wp-content/uploads/아침초코-우유-200㎖_썸네일1-1.jpg,신선한 우유에 달콤한 코코아분말을 더한 초코우유,https://www.paris.co.kr/product/new-%ec%95%84%ec%b9%a8%ec%97%94%ec%b4%88%ec%bd%94%ec%9a%b0%ec%9c%a0-200%e3%8e%96/,2026-08-11
파리바게뜨,아침엔초코우유 200㎖,음료,135.0,6.0,5.0,10.0,100.0,우유,https://www.paris.co.kr/product/new-%ec%95%84%ec%b9%a8%ed%9b%84%eb%a0%88%ec%89%ac%ec%9a%b0%ec%9c%a0-200%e3%8e%96/,2026-08-11,True,True,,https://d2afncas1tel3t.cloudfront.net/wp-content/uploads/아침후레쉬우유-200㎖_썸네일1-1.jpg,목장의 신선함이 살아있는 1등급 원유에 칼슘이 들어간 강화우유,https://www.paris.co.kr/product/new-%ec%95%84%ec%b9%a8%ed%9b%84%eb%a0%88%ec%89%ac%ec%9a%b0%ec%9c%a0-200%e3%8e%96/,2026-08-11
파리바게뜨,아침엔딸기우유 200㎖,음료,310.0,14.0,11.0,23.0,225.0,우유,https://www.paris.co.kr/product/new-%ec%95%84%ec%b9%a8%ed%9b%84%eb%a0%88%ec%89%ac%ec%9a%b0%ec%9c%a0-450%e3%8e%96/,2026-08-11,True,True,,https://d2afncas1tel3t.cloudfront.net/wp-content/uploads/아침후레쉬우유-450㎖_썸네일1.jpg,목장의 신선함이 살아있는 1등급 원유에 칼슘이 들어간 강화우유,https://www.paris.co.kr/product/new-%ec%95%84%ec%b9%a8%ed%9b%84%eb%a0%88%ec%89%ac%ec%9a%b0%ec%9c%a0-450%e3%8e%96/,2026-08-11
파리바게뜨,단호박 스프,간편식,249.0,3.0,14.0,3.0,460.0,우유|밀|닭고기,https://www.paris.co.kr/product/new-%ec%96%91%ec%86%a1%ec%9d%b4-%ec%8a%a4%ed%94%84/,2026-08-11,True,True,,https://d2afncas1tel3t.cloudfront.net/wp-content/uploads/2025/02/HMR-양송이스프-썸넬.jpg,양송이의 맛과 향이 그대로 살아있는 진하고 부드러운 풍미의 프리미엄 스프,https://www.paris.co.kr/product/new-%ec%96%91%ec%86%a1%ec%9d%b4-%ec%8a%a4%ed%94%84/,2026-08-11
파리바게뜨,양파치즈브레드,빵,795.0,21.0,10.0,15.0,1160.0,계란|우유|대두|밀,https://www.paris.co.kr/product/new-%ec%96%91%ed%8c%8c%ec%b9%98%ec%a6%88%eb%b8%8c%eb%a0%88%eb%93%9c/,2026-08-11,True,True,,https://d2afncas1tel3t.cloudfront.net/wp-content/uploads/2023/02/양파치즈브레드_썸네일_01.jpg,,https://www.paris.co.kr/product/new-%ec%96%91%ed%8c%8c%ec%b9%98%ec%a6%88%eb%b8%8c%eb%a0%88%eb%93%9c/,2026-08-11
파리바게뜨,찹쌀도넛,빵,310.0,5.0,1.2,16.0,230.0,대두|밀,https://www.paris.co.kr/product/new-%ec%b0%b9%ec%8c%80%eb%8f%84%eb%84%9b-2/,2026-08-11,True,True,,https://d2afncas1tel3t.cloudfront.net/wp-content/uploads/572789-찹쌀도넛_썸네일1.jpg,국내산 찹쌀과 달콤한 통단팥으로 만든 쫄깃한 도넛,https://www.paris.co.kr/product/new-%ec%b0%b9%ec%8c%80%eb%8f%84%eb%84%9b-2/,2026-08-11
파리바게뜨,치즈듬뿍 치킨로제도리아,간편식,515.0,32.0,10.0,9.0,1660.0,우유|대두|밀|쇠고기|닭고기|토마토|조개류,https://www.paris.co.kr/product/new-%ec%b9%98%ec%a6%88%eb%93%ac%eb%bf%8d-%eb%a1%9c%ec%a0%9c%ec%b9%98%ed%82%a8%eb%8f%84%eb%a6%ac%ec%95%84/,2026-08-11,True,True,,https://d2afncas1tel3t.cloudfront.net/wp-content/uploads/2022/07/치즈듬뿍치킨로제도리아_1_1000x1000.jpg,,https://www.paris.co.kr/product/new-%ec%b9%98%ec%a6%88%eb%93%ac%eb%bf%8d-%eb%a1%9c%ec%a0%9c%ec%b9%98%ed%82%a8%eb%8f%84%eb%a6%ac%ec%95%84/,2026-08-11
파리바게뜨,세가지 치즈베이글,빵,255.0,5.0,2.6,22.0,85.0,계란|우유|대두|밀,https://www.paris.co.kr/product/new-%ec%b9%b4%ec%8a%a4%ed%85%8c%eb%9d%bc/,2026-08-11,True,True,,https://d2afncas1tel3t.cloudfront.net/wp-content/uploads/2019/11/191023_1_140006.jpg,건강한 우리 꿀로 더 맛있고 촉촉한 카스테라,https://www.paris.co.kr/product/new-%ec%b9%b4%ec%8a%a4%ed%85%8c%eb%9d%bc/,2026-08-11
파리바게뜨,파리의 토스트,샌드위치·샐러드,240.0,10.0,4.7,5.0,790.0,계란|우유|대두|밀|돼지고기|토마토|조개류,https://www.paris.co.kr/product/new-%ed%8c%8c%eb%a6%ac%ec%9d%98-%ed%86%a0%ec%8a%a4%ed%8a%b8/,2026-08-11,True,True,,https://d2afncas1tel3t.cloudfront.net/wp-content/uploads/535293-파리의-토스트_썸네일1-768x768.png,"에그패티와 햄, 치즈를 넣어 든든하게 즐기는 토스트",https://www.paris.co.kr/product/new-%ed%8c%8c%eb%a6%ac%ec%9d%98-%ed%86%a0%ec%8a%a4%ed%8a%b8/,2026-08-11
파리바게뜨,피자고로케,빵,290.0,5.0,7.0,14.0,220.0,계란|우유|대두|밀,https://www.paris.co.kr/product/new-%ed%95%9c%ec%9e%85%ec%97%90-%eb%91%90%eb%b2%88-%eb%b0%98%ed%95%9c-%eb%8b%a8%ed%8c%a5%ed%81%ac%eb%a6%bc%eb%b9%b5/,2026-08-11,True,True,,https://d2afncas1tel3t.cloudfront.net/wp-content/uploads/110149-한입에-두번-반한-단팥크림빵_썸네일1-1280x1280.png,부드럽고 달콤한 통팥앙금과 크림을 동시에 즐기는 간식빵,https://www.paris.co.kr/product/new-%ed%95%9c%ec%9e%85%ec%97%90-%eb%91%90%eb%b2%88-%eb%b0%98%ed%95%9c-%eb%8b%a8%ed%8c%a5%ed%81%ac%eb%a6%bc%eb%b9%b5/,2026-08-11
파리바게뜨,한입에 두 번 반한 단팥크림빵,빵,1020.0,19.0,32.0,29.0,920.0,계란|우유|대두|밀,https://www.paris.co.kr/product/new-%ed%9b%84%eb%a0%88%ec%89%ac-%ed%81%ac%eb%a6%bc%ec%83%8c%eb%93%9c%eb%b9%b5/,2026-08-11,True,True,,https://d2afncas1tel3t.cloudfront.net/wp-content/uploads/570764-후레쉬-크림샌드빵_썸네일1.jpg,부드럽고 달콤한 크림을 먹기 좋은 크기로 샌드한 간식용빵,https://www.paris.co.kr/product/new-%ed%9b%84%eb%a0%88%ec%89%ac-%ed%81%ac%eb%a6%bc%ec%83%8c%eb%93%9c%eb%b9%b5/,2026-08-11
파리바게뜨,치키 피치티,음료,145.0,0.0,0.0,31.0,25.0,복숭아,https://www.paris.co.kr/product/new-cheeky-peach-tea/,2026-08-11,True,True,,https://d2afncas1tel3t.cloudfront.net/wp-content/uploads/2024/01/음료.png,,https://www.paris.co.kr/product/new-cheeky-peach-tea/,2026-08-11
파리바게뜨,프렌치바게뜨,빵,615.0,22.0,0.0,1.0,1330.0,밀,https://www.paris.co.kr/product/new-french-baguette/,2026-08-11,True,True,,https://d2afncas1tel3t.cloudfront.net/wp-content/uploads/프렌치바게뜨_썸네일1.jpg,,https://www.paris.co.kr/product/new-french-baguette/,2026-08-11
파리바게뜨,부드러운 모닝롤(4개입),빵,480.0,9.0,5.0,27.0,540.0,대두|밀,https://www.paris.co.kr/product/new-raisin-morning-roll-4pics/,2026-08-11,True,True,,https://d2afncas1tel3t.cloudfront.net/wp-content/uploads/2025/02/부드러운-모닝롤.jpg,,https://www.paris.co.kr/product/new-raisin-morning-roll-4pics/,2026-08-11
파리바게뜨,쏘유두유검은콩,음료,134.0,6.0,1.0,10.0,160.0,대두,https://www.paris.co.kr/product/new-soyu-black-beans/,2026-08-11,True,True,,https://d2afncas1tel3t.cloudfront.net/wp-content/uploads/2023/12/소유두유검은콩.png,,https://www.paris.co.kr/product/new-soyu-black-beans/,2026-08-11
파리바게뜨,온브레드 크림치즈(갈릭),디저트·스낵,233.0,5.0,14.0,3.0,320.0,우유,https://www.paris.co.kr/product/on-bread-cream-cheese-garlic/,2026-08-11,True,True,,https://d2afncas1tel3t.cloudfront.net/wp-content/uploads/2025/08/온브레드-크림치즈-갈릭-썸넬.png,,https://www.paris.co.kr/product/on-bread-cream-cheese-garlic/,2026-08-11
파리바게뜨,온브레드 크림치즈 딸기(미니),디저트·스낵,92.0,2.0,4.9,2.0,110.0,우유,https://www.paris.co.kr/product/on-bread-cream-cheese-strawberry-mini/,2026-08-11,True,True,,https://d2afncas1tel3t.cloudfront.net/wp-content/uploads/2025/08/온브레드-크림치즈-딸기-미니-썸넬.png,,https://www.paris.co.kr/product/on-bread-cream-cheese-strawberry-mini/,2026-08-11
파리바게뜨,어니언 크로크무슈,샌드위치·샐러드,235.0,9.0,4.7,3.0,520.0,우유|대두|밀|돼지고기,https://www.paris.co.kr/product/onion-croque-monsieur/,2026-08-11,True,True,,https://d2afncas1tel3t.cloudfront.net/wp-content/uploads/2024/04/2Q4A5559_1000x1000.png,,https://www.paris.co.kr/product/onion-croque-monsieur/,2026-08-11
파리바게뜨,오리지널 쫀득 츄러스,빵,215.0,2.0,3.4,6.0,150.0,계란|우유|대두|밀,https://www.paris.co.kr/product/original-chewy-churros/,2026-08-11,True,True,,https://d2afncas1tel3t.cloudfront.net/wp-content/uploads/2026/06/오리지널쫀득츄러스.png,,https://www.paris.co.kr/product/original-chewy-churros/,2026-08-11
파리바게뜨,복숭아 아이스티,음료,130.0,0.0,0.0,33.0,5.0,복숭아,https://www.paris.co.kr/product/peach-iced-tea/,2026-08-11,True,True,,https://d2afncas1tel3t.cloudfront.net/wp-content/uploads/2019/11/복숭아아이스티-사이즈업-1280x1280.jpg,,https://www.paris.co.kr/product/peach-iced-tea/,2026-08-11
파리바게뜨,아삭복숭아 젤리,디저트·스낵,113.0,0.0,0.0,23.0,90.0,복숭아,https://www.paris.co.kr/product/peach-jelly/,2026-08-11,True,True,,https://d2afncas1tel3t.cloudfront.net/wp-content/uploads/2025/04/아삭복숭아.png,,https://www.paris.co.kr/product/peach-jelly/,2026-08-11
파리바게뜨,배도라지 캔디,디저트·스낵,285.0,0.0,0.0,59.0,0.0,대두,https://www.paris.co.kr/product/pear-doraji-candy/,2026-08-11,True,True,,https://d2afncas1tel3t.cloudfront.net/wp-content/uploads/2026/04/배도라지캔디-제품.png,,https://www.paris.co.kr/product/pear-doraji-candy/,2026-08-11
파리바게뜨,피칸 더블초코 쿠키,디저트·스낵,175.0,2.0,3.6,14.0,110.0,계란|우유|대두|밀,https://www.paris.co.kr/product/pecan-double-choco-cookie/,2026-08-11,True,True,,https://d2afncas1tel3t.cloudfront.net/wp-content/uploads/2026/06/피칸-더블초코-쿠키.png,,https://www.paris.co.kr/product/pecan-double-choco-cookie/,2026-08-11
파리바게뜨,페퍼로니 피자빵,빵,245.0,7.0,3.4,3.0,420.0,계란|우유|대두|밀|돼지고기|쇠고기|토마토,https://www.paris.co.kr/product/pepperoni-pizza-bread/,2026-08-11,True,True,,https://d2afncas1tel3t.cloudfront.net/wp-content/uploads/2026/05/페퍼로니피자빵_45도.png,,https://www.paris.co.kr/product/pepperoni-pizza-bread/,2026-08-11
파리바게뜨,더블 페퍼로니 피자,간편식,690.0,30.0,12.0,8.0,1390.0,우유|대두|밀|돼지고기|쇠고기|닭고기|토마토|조개류,https://www.paris.co.kr/product/pepperoni-pizza/,2026-08-11,True,True,,https://d2afncas1tel3t.cloudfront.net/wp-content/uploads/2024/06/2Q4A3885_1000x1000.jpg,,https://www.paris.co.kr/product/pepperoni-pizza/,2026-08-11
파리바게뜨,[파란라벨]포크 루벤샌드위치,샌드위치·샐러드,460.0,24.0,6.0,13.0,1180.0,계란|우유|대두|밀|돼지고기|토마토,https://www.paris.co.kr/product/pork-reuben-sandwich/,2026-08-11,True,True,,https://d2afncas1tel3t.cloudfront.net/wp-content/uploads/2025/09/포크루벤-샌드위치_썸넬.png,,https://www.paris.co.kr/product/pork-reuben-sandwich/,2026-08-11
파리바게뜨,뽀로로 롤리초코,디저트·스낵,116.0,1.0,4.7,10.0,15.0,우유|대두,https://www.paris.co.kr/product/pororo-lolli-choco/,2026-08-11,True,True,,https://d2afncas1tel3t.cloudfront.net/wp-content/uploads/2022/12/뽀로로롤리초코_배경-1280x1280.png,,https://www.paris.co.kr/product/pororo-lolli-choco/,2026-08-11
파리바게뜨,포테이토 크랩 샌드위치,샌드위치·샐러드,195.0,6.0,2.2,2.0,480.0,계란|우유|대두|밀|게|돼지고기|토마토,https://www.paris.co.kr/product/potato-crab-sandwich/,2026-08-11,True,True,,https://d2afncas1tel3t.cloudfront.net/wp-content/uploads/2026/07/포테이토크랩포장.png,,https://www.paris.co.kr/product/potato-crab-sandwich/,2026-08-11
파리바게뜨,감자 크로켓(2개입),빵,305.0,3.0,3.9,9.0,330.0,계란|우유|대두|밀|닭고기,https://www.paris.co.kr/product/potato-croquette-2/,2026-08-11,True,True,,https://d2afncas1tel3t.cloudfront.net/wp-content/uploads/2026/05/감자크로켓.png,,https://www.paris.co.kr/product/potato-croquette-2/,2026-08-11
파리바게뜨,단백가득 닭가슴살바 청양고추,간편식,142.0,18.0,2.6,3.0,590.0,우유|대두|밀|돼지고기|쇠고기|닭고기,https://www.paris.co.kr/product/protein-filled-chicken-breast-bar-cheongyang-peppe/,2026-08-11,True,True,,https://d2afncas1tel3t.cloudfront.net/wp-content/uploads/2022/07/단백가득닭가슴살바청양고추_1000x1000.jpg,,https://www.paris.co.kr/product/protein-filled-chicken-breast-bar-cheongyang-peppe/,2026-08-11
파리바게뜨,단팥소보루빵,빵,250.0,6.0,3.4,16.0,180.0,계란|우유|대두|밀|땅콩,https://www.paris.co.kr/product/red-bean-soboro-bread/,2026-08-11,True,True,,https://d2afncas1tel3t.cloudfront.net/wp-content/uploads/2026/08/단팥-소보루빵_패키지.png,,https://www.paris.co.kr/product/red-bean-soboro-bread/,2026-08-11
파리바게뜨,인생크림빵 말차단팥,빵,335.0,6.0,7.0,19.0,200.0,계란|우유|대두|밀,https://www.paris.co.kr/product/redbean-and-matcha-fresh-cream-bread/,2026-08-11,True,True,,https://d2afncas1tel3t.cloudfront.net/wp-content/uploads/2025/06/인생크림빵-말차단팥-썸넬.png,,https://www.paris.co.kr/product/redbean-and-matcha-fresh-cream-bread/,2026-08-11
파리바게뜨,초코가 달콤한 시간,빵,740.0,8.0,25.0,52.0,280.0,계란|우유|대두|밀,https://www.paris.co.kr/product/rich-chocolate-cake-2/,2026-08-11,True,True,,https://d2afncas1tel3t.cloudfront.net/wp-content/uploads/2026/03/초코가달콤한시간.png,,https://www.paris.co.kr/product/rich-chocolate-cake-2/,2026-08-11
파리바게뜨,리코타 토마토 파스타,간편식,535.0,12.0,6.0,10.0,1010.0,계란|우유|대두|밀|쇠고기|닭고기|토마토|조개류,https://www.paris.co.kr/product/ricotta-tomato-pasta/,2026-08-11,True,True,,https://d2afncas1tel3t.cloudfront.net/wp-content/uploads/2025/04/리코타-토마토-파스타-썸넬2.jpg,,https://www.paris.co.kr/product/ricotta-tomato-pasta/,2026-08-11
파리바게뜨,야채샐러드롤,샌드위치·샐러드,515.0,12.0,6.0,18.0,770.0,계란|우유|대두|밀|돼지고기|닭고기|토마토,https://www.paris.co.kr/product/salad-roll/,2026-08-11,True,True,,https://d2afncas1tel3t.cloudfront.net/wp-content/uploads/2025/03/야채샐러드롤-파란라벨-썸넬.jpg,,https://www.paris.co.kr/product/salad-roll/,2026-08-11
파리바게뜨,소금버터식빵(1/2),빵,340.0,8.0,8.0,6.0,540.0,우유|대두|밀,https://www.paris.co.kr/product/salted-butter-bread/,2026-08-11,True,True,,https://d2afncas1tel3t.cloudfront.net/wp-content/uploads/2026/05/솔티버터식빵-단면.png,,https://www.paris.co.kr/product/salted-butter-bread/,2026-08-11
파리바게뜨,도넛 깨찰이(가성비),빵,145.0,1.0,1.1,2.0,160.0,계란|우유|대두|밀,https://www.paris.co.kr/product/seasame-chewy-donut/,2026-08-11,True,True,,https://d2afncas1tel3t.cloudfront.net/wp-content/uploads/2026/02/3.-도넛-깨찰이.png,,https://www.paris.co.kr/product/seasame-chewy-donut/,2026-08-11
파리바게뜨,알록달록 레인보우 케이크,케이크,285.0,4.0,7.0,15.0,115.0,계란|우유|대두|밀,https://www.paris.co.kr/product/seven-colors-short-cake/,2026-08-11,True,True,,https://d2afncas1tel3t.cloudfront.net/wp-content/uploads/2024/03/thum_알록달록레인보우케이크.png,,https://www.paris.co.kr/product/seven-colors-short-cake/,2026-08-11
파리바게뜨,상어가족 젤로미 롤리팝,디저트·스낵,135.0,0.0,0.0,26.0,36.0,,https://www.paris.co.kr/product/shark-family-jellomi-lollipop/,2026-08-11,True,True,,https://d2afncas1tel3t.cloudfront.net/wp-content/uploads/2023/05/230530_파리바게뜨_상어가족2-확대.png,,https://www.paris.co.kr/product/shark-family-jellomi-lollipop/,2026-08-11
파리바게뜨,상어가족 롤리초코,디저트·스낵,120.0,1.0,4.8,10.0,5.0,우유|대두,https://www.paris.co.kr/product/shark-family-lolli-choco/,2026-08-11,True,True,,https://d2afncas1tel3t.cloudfront.net/wp-content/uploads/2019/11/230530_파리바게뜨_상어가족-확대.png,,https://www.paris.co.kr/product/shark-family-lolli-choco/,2026-08-11
파리바게뜨,샤인머스캣 젤리,디저트·스낵,107.0,0.0,0.7,21.0,120.0,,https://www.paris.co.kr/product/shine-muscat-jelly/,2026-08-11,True,True,,https://d2afncas1tel3t.cloudfront.net/wp-content/uploads/2026/07/샤인머스캣.png,,https://www.paris.co.kr/product/shine-muscat-jelly/,2026-08-11
파리바게뜨,새우갈릭볶음밥,간편식,325.0,8.0,1.7,4.0,980.0,우유|대두|밀|새우|쇠고기|조개류,https://www.paris.co.kr/product/shrimp-garlic-fried-rice/,2026-08-11,True,True,,https://d2afncas1tel3t.cloudfront.net/wp-content/uploads/2025/08/새우갈릭볶음밥-썸넬.png,,https://www.paris.co.kr/product/shrimp-garlic-fried-rice/,2026-08-11
파리바게뜨,쉬림프 투움바 파스타,간편식,465.0,15.0,10.0,5.0,1520.0,계란|우유|대두|밀|새우|돼지고기|쇠고기|닭고기|토마토|조개류,https://www.paris.co.kr/product/shrimp-toowoomba-pasta/,2026-08-11,True,True,,https://d2afncas1tel3t.cloudfront.net/wp-content/uploads/2026/04/HMR-쉬림프-투움바-파스타_시뮬제품.png,,https://www.paris.co.kr/product/shrimp-toowoomba-pasta/,2026-08-11
파리바게뜨,시칠리아 레몬 에이드,음료,190.0,0.0,0.0,13.0,5.0,,https://www.paris.co.kr/product/sicily-lemon-ade/,2026-08-11,True,True,,https://d2afncas1tel3t.cloudfront.net/wp-content/uploads/2026/06/시칠리아-레몬에이드.png,,https://www.paris.co.kr/product/sicily-lemon-ade/,2026-08-11
파리바게뜨,스모어 쿠키,디저트·스낵,195.0,3.0,3.5,17.0,105.0,계란|우유|대두|밀|돼지고기,https://www.paris.co.kr/product/smore-cookie/,2026-08-11,True,True,,https://d2afncas1tel3t.cloudfront.net/wp-content/uploads/2026/05/스모어-쿠키.png,,https://www.paris.co.kr/product/smore-cookie/,2026-08-11
파리바게뜨,스모어 마시멜로우 타르트,디저트·스낵,215.0,3.0,7.0,14.0,70.0,계란|우유|대두|밀|쇠고기,https://www.paris.co.kr/product/smore-marshmallow-tart/,2026-08-11,True,True,,https://d2afncas1tel3t.cloudfront.net/wp-content/uploads/2025/02/스모어-마시멜로우-타르트.2.jpg,,https://www.paris.co.kr/product/smore-marshmallow-tart/,2026-08-11
파리바게뜨,애플망고가 상큼한 시간,빵,530.0,11.0,18.0,36.0,360.0,계란|우유|대두|밀,https://www.paris.co.kr/product/soft-apple-mango-cheese-cake/,2026-08-11,True,True,,https://d2afncas1tel3t.cloudfront.net/wp-content/uploads/2026/06/애플망고가상큼한시간-제품.png,,https://www.paris.co.kr/product/soft-apple-mango-cheese-cake/,2026-08-11
파리바게뜨,쏘유두유플레인,음료,120.0,6.0,2.9,9.0,115.0,대두,https://www.paris.co.kr/product/soyu-soymilk-plain/,2026-08-11,True,True,,https://d2afncas1tel3t.cloudfront.net/wp-content/uploads/2019/11/00.png,,https://www.paris.co.kr/product/soyu-soymilk-plain/,2026-08-11
파리바게뜨,매콤 고추잡채고로케,빵,310.0,8.0,3.8,5.0,380.0,계란|우유|대두|밀|돼지고기|닭고기|조개류,https://www.paris.co.kr/product/spicy-japchae-croquet/,2026-08-11,True,True,,https://d2afncas1tel3t.cloudfront.net/wp-content/uploads/2025/07/매콤-고추잡채고로케-썸넬.jpg,,https://www.paris.co.kr/product/spicy-japchae-croquet/,2026-08-11
파리바게뜨,매콤할라 소시지빵,빵,395.0,12.0,12.0,5.0,720.0,계란|우유|대두|밀|돼지고기|쇠고기,https://www.paris.co.kr/product/spicy-sausage-bread/,2026-08-11,True,True,,https://d2afncas1tel3t.cloudfront.net/wp-content/uploads/2025/07/매콤할라-소시지빵-썸넬.jpg,,https://www.paris.co.kr/product/spicy-sausage-bread/,2026-08-11
파리바게뜨,시금치버터빵(1/2),빵,215.0,6.0,6.0,4.0,520.0,우유|대두|밀,https://www.paris.co.kr/product/spinach-butter-bread-half/,2026-08-11,True,True,,https://d2afncas1tel3t.cloudfront.net/wp-content/uploads/2026/06/시금치버터빵-하프.png,,https://www.paris.co.kr/product/spinach-butter-bread-half/,2026-08-11
파리바게뜨,시금치버터빵,빵,445.0,12.0,11.0,7.0,1050.0,우유|대두|밀,https://www.paris.co.kr/product/spinach-butter-bread/,2026-08-11,True,True,,https://d2afncas1tel3t.cloudfront.net/wp-content/uploads/2026/05/시금치버터빵-홀.png,,https://www.paris.co.kr/product/spinach-butter-bread/,2026-08-11
파리바게뜨,소보루빵,빵,335.0,7.0,6.0,16.0,220.0,계란|우유|대두|밀|땅콩,https://www.paris.co.kr/product/steusel-bread/,2026-08-11,True,True,,https://d2afncas1tel3t.cloudfront.net/wp-content/uploads/2019/11/소보루빵점포조리-썸넬.jpg,,https://www.paris.co.kr/product/steusel-bread/,2026-08-11
파리바게뜨,딸기롤페스츄리(3개입),빵,360.0,5.0,9.0,25.0,310.0,계란|우유|대두|밀,https://www.paris.co.kr/product/strawberry-jam-pastry-3ea/,2026-08-11,True,True,,https://d2afncas1tel3t.cloudfront.net/wp-content/uploads/2025/04/딸기롤-썸넬-1-1.jpg,,https://www.paris.co.kr/product/strawberry-jam-pastry-3ea/,2026-08-11
파리바게뜨,딸기롤페스츄리,빵,120.0,2.0,2.9,8.0,105.0,계란|우유|대두|밀,https://www.paris.co.kr/product/strawberry-jam-pastry/,2026-08-11,True,True,,https://d2afncas1tel3t.cloudfront.net/wp-content/uploads/2025/04/딸기롤-기본썸넬-1.jpg,,https://www.paris.co.kr/product/strawberry-jam-pastry/,2026-08-11
파리바게뜨,딸기라떼 랑그드샤,선물,309.0,4.0,11.0,18.0,90.0,계란|우유|대두|밀|쇠고기,https://www.paris.co.kr/product/strawberry-langue-de-chat/,2026-08-11,True,True,,https://d2afncas1tel3t.cloudfront.net/wp-content/uploads/2025/04/PB-랑그드샤_딸기.jpg,,https://www.paris.co.kr/product/strawberry-langue-de-chat/,2026-08-11
파리바게뜨,블루베리 마카롱,디저트·스낵,90.0,1.0,1.1,8.0,0.0,계란|우유|대두|쇠고기,https://www.paris.co.kr/product/strawberry-macaron/,2026-08-11,True,True,,https://d2afncas1tel3t.cloudfront.net/wp-content/uploads/574735-딸기가나슈-마카롱-_썸네일1-1280x1280.png,상큼한 딸기와 달콤한 가나슈가 어우러진 새콤달콤한 맛의 딸기 마카롱,https://www.paris.co.kr/product/strawberry-macaron/,2026-08-11
파리바게뜨,단팥빵,빵,275.0,8.0,2.5,18.0,190.0,계란|우유|대두|밀,https://www.paris.co.kr/product/sweet-red-bean-bread/,2026-08-11,True,True,,https://d2afncas1tel3t.cloudfront.net/wp-content/uploads/2019/11/단팥빵-점포조리-썸넬.jpg,,https://www.paris.co.kr/product/sweet-red-bean-bread/,2026-08-11
파리바게뜨,단짠 쏘시지(가성비),빵,90.0,3.0,1.7,2.0,210.0,계란|우유|대두|밀|돼지고기|쇠고기|토마토,https://www.paris.co.kr/product/sweet-salty-sausage-bread/,2026-08-11,True,True,,https://d2afncas1tel3t.cloudfront.net/wp-content/uploads/2026/02/2.-단짠-쏘시지.png,,https://www.paris.co.kr/product/sweet-salty-sausage-bread/,2026-08-11
파리바게뜨,빠삭 꿔바로우,간편식,915.0,37.0,6.0,41.0,1290.0,대두|밀|돼지고기,https://www.paris.co.kr/product/sweet-sour-pork/,2026-08-11,True,True,,https://d2afncas1tel3t.cloudfront.net/wp-content/uploads/2025/09/빠삭-꿔바로우-썸넬1.jpg,,https://www.paris.co.kr/product/sweet-sour-pork/,2026-08-11
파리바게뜨,티라미수 케이크 (조각),케이크,319.0,5.0,10.0,14.0,110.0,계란|우유|대두|밀|돼지고기,https://www.paris.co.kr/product/tiramisu-cake-piece/,2026-08-11,True,True,,https://d2afncas1tel3t.cloudfront.net/wp-content/uploads/2025/02/티라미수-조각-뉴-썸넬.png,,https://www.paris.co.kr/product/tiramisu-cake-piece/,2026-08-11
파리바게뜨,티라미수 젤라또바,디저트·스낵,110.0,2.0,2.9,15.0,30.0,우유,https://www.paris.co.kr/product/tiramisu-gelato-ice-cream/,2026-08-11,True,True,,https://d2afncas1tel3t.cloudfront.net/wp-content/uploads/2026/02/티라미수-젤라또바.png,,https://www.paris.co.kr/product/tiramisu-gelato-ice-cream/,2026-08-11
파리바게뜨,두부크런치 아몬드 피칸,디저트·스낵,225.0,6.0,2.6,6.0,55.0,계란|우유|대두,https://www.paris.co.kr/product/tofu-crunch-almond-pecan/,2026-08-11,True,True,,https://d2afncas1tel3t.cloudfront.net/wp-content/uploads/2025/09/두부크런치_아몬드피칸_썸넬1.png,,https://www.paris.co.kr/product/tofu-crunch-almond-pecan/,2026-08-11
파리바게뜨,두부크런치 오트 현미,디저트·스낵,185.0,4.0,2.8,6.0,75.0,계란|우유|대두,https://www.paris.co.kr/product/tofu-crunch-oat-brown-rice/,2026-08-11,True,True,,https://d2afncas1tel3t.cloudfront.net/wp-content/uploads/2025/09/두부크런치_오트현미_썸넬1.png,,https://www.paris.co.kr/product/tofu-crunch-oat-brown-rice/,2026-08-11
파리바게뜨,담백한 두부 샐러드,샌드위치·샐러드,170.0,6.0,1.3,4.0,350.0,계란|대두|밀|토마토,https://www.paris.co.kr/product/tofu-salad/,2026-08-11,True,True,,https://d2afncas1tel3t.cloudfront.net/wp-content/uploads/2026/03/담백한두부샐러드.png,,https://www.paris.co.kr/product/tofu-salad/,2026-08-11
파리바게뜨,트러플 에그 샌드위치,샌드위치·샐러드,645.0,18.0,6.0,13.0,930.0,계란|우유|대두|밀,https://www.paris.co.kr/product/truffle-egg-sandwich/,2026-08-11,True,True,,https://d2afncas1tel3t.cloudfront.net/wp-content/uploads/2025/04/트러플에그샌드위치-썸넬.png,,https://www.paris.co.kr/product/truffle-egg-sandwich/,2026-08-11
파리바게뜨,트러플오일 까르보나라,간편식,580.0,23.0,16.0,7.0,960.0,우유|대두|밀|돼지고기|쇠고기|닭고기,https://www.paris.co.kr/product/truffle-oil-carbonara-pasta/,2026-08-11,True,True,,https://d2afncas1tel3t.cloudfront.net/wp-content/uploads/2026/04/HMR-트러플오일-까르보나라-파스타_시뮬제품.png,,https://www.paris.co.kr/product/truffle-oil-carbonara-pasta/,2026-08-11
파리바게뜨,트러플오일 버섯크림 파스타,간편식,435.0,13.0,12.0,5.0,1020.0,우유|대두|밀|닭고기,https://www.paris.co.kr/product/truffle-oil-mushroom-cream-pasta/,2026-08-11,True,True,,https://d2afncas1tel3t.cloudfront.net/wp-content/uploads/2026/04/HMR-트러플오일-버섯크림-파스타_시뮬제품.png,,https://www.paris.co.kr/product/truffle-oil-mushroom-cream-pasta/,2026-08-11
파리바게뜨,케익꽈배기도넛,빵,285.0,4.0,4.9,9.0,260.0,계란|우유|대두|밀,https://www.paris.co.kr/product/twist-cake-donuts/,2026-08-11,True,True,,https://d2afncas1tel3t.cloudfront.net/wp-content/uploads/2025/07/케익꽈배기도넛-썸넬.png,,https://www.paris.co.kr/product/twist-cake-donuts/,2026-08-11
파리바게뜨,우베카페라떼,음료,235.0,6.0,9.0,16.0,90.0,우유|대두,https://www.paris.co.kr/product/ube-cafe-latte/,2026-08-11,True,True,,https://d2afncas1tel3t.cloudfront.net/wp-content/uploads/2026/04/우베크림-카페라떼.png,,https://www.paris.co.kr/product/ube-cafe-latte/,2026-08-11
파리바게뜨,우베코코넛워터,음료,195.0,1.0,8.0,14.0,55.0,우유|대두,https://www.paris.co.kr/product/ube-coconut-water/,2026-08-11,True,True,,https://d2afncas1tel3t.cloudfront.net/wp-content/uploads/2026/04/우베코코넛워터.png,,https://www.paris.co.kr/product/ube-coconut-water/,2026-08-11
파리바게뜨,우베컵빙수,음료,545.0,11.0,3.0,62.0,280.0,우유|대두|밀,https://www.paris.co.kr/product/ube-cup-shaved-ice/,2026-08-11,True,True,,https://d2afncas1tel3t.cloudfront.net/wp-content/uploads/2026/04/우베컵빙수.png,,https://www.paris.co.kr/product/ube-cup-shaved-ice/,2026-08-11
파리바게뜨,우베생크림빵,빵,290.0,5.0,11.0,14.0,220.0,계란|우유|대두|밀,https://www.paris.co.kr/product/ube-fresh-cream-bread/,2026-08-11,True,True,,https://d2afncas1tel3t.cloudfront.net/wp-content/uploads/2026/04/우베생크림빵.png,,https://www.paris.co.kr/product/ube-fresh-cream-bread/,2026-08-11
파리바게뜨,우베라떼,음료,285.0,8.0,6.0,25.0,140.0,우유|대두,https://www.paris.co.kr/product/ube-latte/,2026-08-11,True,True,,https://d2afncas1tel3t.cloudfront.net/wp-content/uploads/2026/04/우베라떼.png,,https://www.paris.co.kr/product/ube-latte/,2026-08-11
파리바게뜨,슈크림슈,디저트·스낵,60.0,1.0,0.7,2.0,15.0,계란|우유|대두|밀,https://www.paris.co.kr/product/vanilla-bean-custard-cream-choux/,2026-08-11,True,True,,https://d2afncas1tel3t.cloudfront.net/wp-content/uploads/2025/07/바닐라빈슈크림-슈-썸넬.jpg,,https://www.paris.co.kr/product/vanilla-bean-custard-cream-choux/,2026-08-11
파리바게뜨,바닐라라떼,음료,210.0,7.0,5.0,25.0,105.0,우유,https://www.paris.co.kr/product/vanilla-latte/,2026-08-11,True,True,,https://d2afncas1tel3t.cloudfront.net/wp-content/uploads/200507_카페라떼.jpg,,https://www.paris.co.kr/product/vanilla-latte/,2026-08-11
파리바게뜨,바닐라 마카롱,디저트·스낵,95.0,1.0,1.6,9.0,5.0,계란|우유|대두,https://www.paris.co.kr/product/vanilla-macaron/,2026-08-11,True,True,,https://d2afncas1tel3t.cloudfront.net/wp-content/uploads/574737-바닐라-마카롱_썸네일1-1280x1280.png,바닐라빈의 풍부한 맛괴 향을 살린 바닐라 마카롱,https://www.paris.co.kr/product/vanilla-macaron/,2026-08-11
파리바게뜨,바닐라 사브레,선물,445.0,5.0,14.0,18.0,150.0,계란|우유|밀,https://www.paris.co.kr/product/vanilla-sable/,2026-08-11,True,True,,https://d2afncas1tel3t.cloudfront.net/wp-content/uploads/2025/08/바닐라-사브레-썸넬.png,,https://www.paris.co.kr/product/vanilla-sable/,2026-08-11
파리바게뜨,야채감자 샐러드고로케,빵,345.0,7.0,3.5,7.0,430.0,계란|우유|대두|밀|돼지고기|닭고기,https://www.paris.co.kr/product/vegetable-potato-croquette/,2026-08-11,True,True,,https://d2afncas1tel3t.cloudfront.net/wp-content/uploads/2023/10/07야차감자고로케_단면.jpg,,https://www.paris.co.kr/product/vegetable-potato-croquette/,2026-08-11
파리바게뜨,[파란라벨]호두호밀 사워도우(H),빵,610.0,21.0,2.2,9.0,1040.0,밀,https://www.paris.co.kr/product/walnut-rye-sourdough-bread/,2026-08-11,True,True,,https://d2afncas1tel3t.cloudfront.net/wp-content/uploads/2026/03/호두호밀-사워도우.png,,https://www.paris.co.kr/product/walnut-rye-sourdough-bread/,2026-08-11
파리바게뜨,[파란라벨]통곡물 깜빠뉴,빵,790.0,25.0,3.9,19.0,1120.0,우유|대두|밀,https://www.paris.co.kr/product/whole-grain-bread/,2026-08-11,True,True,,https://d2afncas1tel3t.cloudfront.net/wp-content/uploads/2025/02/통곡물깜빠뉴-01.jpg,,https://www.paris.co.kr/product/whole-grain-bread/,2026-08-11
파리바게뜨,홀그레인 머핀,빵,305.0,5.0,2.4,14.0,200.0,계란|우유|대두|밀|땅콩,https://www.paris.co.kr/product/whole-grain-muffin/,2026-08-11,True,True,,https://d2afncas1tel3t.cloudfront.net/wp-content/uploads/2026/04/홀그레인머핀-제품.png,,https://www.paris.co.kr/product/whole-grain-muffin/,2026-08-11
파리바게뜨,[파란라벨]쫄깃담백 루스틱,빵,520.0,18.0,0.0,3.0,1050.0,우유|대두|밀,https://www.paris.co.kr/product/whole-grain-sourdough-bread/,2026-08-11,True,True,,https://d2afncas1tel3t.cloudfront.net/wp-content/uploads/2025/02/쫄깃담백-루스틱-슬라이스.jpg,,https://www.paris.co.kr/product/whole-grain-sourdough-bread/,2026-08-11
